{"name":"cargo-ship\/boss","levels":[{"height":0},{"height":448},{"height":480}],"mapWidth":70,"mapHeight":90,"masterLevel":1,"entities":[{"type":"ScalableProp","x":0,"y":0,"level":-1,"settings":{"name":"","size":{"x":384,"y":608},"patternOffset":{"x":0,"y":0},"timeOffset":0,"blockNavMap":false,"propConfig":{"sheet":"ship-outer","name":"water","ends":null},"spawnCondition":null,"mapId":1}},{"type":"ScalableProp","x":384,"y":0,"level":-1,"settings":{"name":"","size":{"x":512,"y":608},"patternOffset":{"x":0,"y":0},"timeOffset":0,"blockNavMap":false,"propConfig":{"sheet":"ship-outer","name":"water","ends":null},"spawnCondition":null,"mapId":2}},{"type":"ScalableProp","x":0,"y":1280,"level":-1,"settings":{"name":"","size":{"x":384,"y":160},"propConfig":{"sheet":"ship-outer","name":"water","ends":null},"patternOffset":{"x":0,"y":0},"timeOffset":0,"mapId":3}},{"type":"ScalableProp","x":384,"y":1088,"level":-1,"settings":{"name":"","size":{"x":512,"y":352},"propConfig":{"sheet":"ship-outer","name":"water","ends":null},"patternOffset":{"x":0,"y":0},"timeOffset":0,"mapId":4}},{"type":"ScalableProp","x":896,"y":0,"level":-1,"settings":{"name":"","size":{"x":224,"y":832},"propConfig":{"sheet":"ship-outer","name":"water","ends":null},"patternOffset":{"x":0,"y":0},"timeOffset":0,"mapId":5}},{"type":"ScalableProp","x":896,"y":832,"level":-1,"settings":{"name":"","size":{"x":224,"y":608},"propConfig":{"sheet":"ship-outer","name":"water","ends":null},"patternOffset":{"x":0,"y":0},"timeOffset":0,"mapId":6}},{"type":"ScalableProp","x":352,"y":1088,"level":0,"settings":{"name":"","size":{"x":768,"y":192},"propConfig":{"sheet":"ship-outer","name":"waterWavesBack","ends":null},"patternOffset":{"x":0,"y":0},"timeOffset":0,"mapId":7}},{"type":"ScalableProp","x":880,"y":800,"level":0,"settings":{"name":"","size":{"x":240,"y":288},"propConfig":{"sheet":"ship-outer","name":"waterWavesBack","ends":null},"patternOffset":{"x":0,"y":0},"timeOffset":0,"mapId":8}},{"type":"ScalableProp","x":880,"y":784,"level":0,"settings":{"name":"","size":{"x":240,"y":16},"propConfig":{"sheet":"ship-outer","name":"waterWavesTop","ends":null},"patternOffset":{"x":0,"y":0},"timeOffset":0,"mapId":9}},{"type":"WallHorizontal","x":192,"y":824,"level":1,"settings":{"name":"","size":{"x":608,"y":8},"leftEnd":"CONTINUE","rightEnd":"CONTINUE","condition":null,"collType":"BLOCK","wallZHeight":32,"mapId":11}},{"type":"WallVertical","x":800,"y":824,"level":1,"settings":{"name":"","size":{"x":8,"y":416},"topEnd":"CORNER_LEFT","bottomEnd":"CORNER_LEFT","condition":null,"collType":"BLOCK","wallZHeight":32,"mapId":12}},{"type":"WallHorizontal","x":192,"y":1232,"level":1,"settings":{"name":"","size":{"x":608,"y":8},"leftEnd":"CONTINUE","rightEnd":"CONTINUE","condition":null,"collType":"BLOCK","wallZHeight":32,"mapId":13}},{"type":"WallVertical","x":184,"y":824,"level":1,"settings":{"name":"","size":{"x":8,"y":416},"topEnd":"CORNER_RIGHT","bottomEnd":"CORNER_RIGHT","condition":null,"collType":"BLOCK","wallZHeight":32,"mapId":14}},{"type":"Marker","x":480,"y":1120,"level":1,"settings":{"name":"start","dir":"NORTH","mapId":15}},{"type":"Enemy","x":400,"y":952,"level":1,"settings":{"name":"boss","enemyInfo":{"type":"boss-test","group":"cargoboss","party":"","attribs":{}},"spawnCondition":"map.summonTheCrab","mapId":16,"manualKill":"map.bossKilled"}},{"type":"EventTrigger","x":200,"y":796,"level":1,"settings":{"name":"intro","eventType":"CUTSCENE","endCondition":"plot.line >= 600","event":[{"core":"EXP","value":true,"type":"SET_PLAYER_CORE"},{"name":"throw","time":0,"type":"CLEAR_SLOW_MOTION"},{"alpha":1,"time":0,"lighter":true,"color":"white","type":"SET_OVERLAY"},{"type":"CLEAR_SCREEN_BLUR"},{"entity":{"player":true},"action":[{"face":"SOUTH","rotate":false,"type":"SET_FACE"},{"anim":{"sheet":"player-poses","name":"landOnGround"},"wait":false,"type":"SHOW_EXTERN_ANIM","followUp":null},{"time":-1,"type":"WAIT"}],"repeating":false,"wait":false,"keepState":false,"immediately":false,"type":"DO_ACTION"},{"entity":{"player":true},"offsetX":0,"offsetY":0,"speed":"IMMEDIATELY","transition":"EASE_IN_OUT","wait":true,"waitSkip":0,"zoom":2,"type":"SET_CAMERA_TARGET"},{"alpha":0,"time":1,"lighter":true,"color":"white","type":"SET_OVERLAY"},{"zoom":1.5,"duration":1.5,"transition":"LINEAR","type":"SET_CAMERA_ZOOM"},{"ignoreSlowDown":false,"time":1,"type":"WAIT"},{"entity":{"player":true},"action":[{"type":"CLEAR_ANIMATION"},{"time":0.5,"type":"WAIT"},{"face":"NORTH","rotate":true,"type":"SET_FACE"}],"repeating":false,"wait":false,"keepState":false,"immediately":false,"type":"DO_ACTION"},{"ignoreSlowDown":false,"time":0.5,"type":"WAIT"},{"pos":{"x":496,"y":624},"speed":"NORMAL","transition":"EASE_IN_OUT","wait":false,"waitSkip":0,"zoom":1,"type":"SET_CAMERA_POS"},{"volume":1,"position":null,"name":"floatDE","loop":true,"offset":0,"startTime":0,"sound":"media\/sound\/designer\/designer-float-new.ogg","type":"PLAY_SOUND"},{"entity":{"global":true,"name":"designer"},"duration":0,"align":"BOTTOM","group":"trail","wait":true,"waitSkip":0,"effect":{"sheet":"teleport","name":"showQuick"},"offset":{"x":0,"y":0,"z":0},"type":"SHOW_EFFECT"},{"entity":{"global":true,"name":"designer"},"duration":-1,"align":"BOTTOM","group":"trail","wait":false,"waitSkip":0,"effect":{"sheet":"trail","name":"whiteQuick"},"offset":{"x":0,"y":0,"z":0},"type":"SHOW_EFFECT"},{"side":"LEFT","order":0,"clearSide":false,"person":{"person":"antagonists.designer","expression":"LAUGH"},"type":"ADD_MSG_PERSON"},{"side":"RIGHT","order":0,"clearSide":false,"person":{"person":"main.lea","expression":"SCARED"},"type":"ADD_MSG_PERSON"},{"message":{"de_DE":"Seht an, welch vortreffliche B\u00fchne wir hier haben!","en_US":"What a convenient stage we have here!","langUid":1,"fr_FR":"","zh_CN":"Ne kadar kullanışlı bir sahnemiz var burada!","ja_JP":"\u3053\u308c\u306f\u306a\u3093\u3068\u3082\u90fd\u5408\u306e\u3044\u3044\u30b9\u30c6\u30fc\u30b8\u3060\u306a\uff01","ko_KR":"\ub531 \ub9de\ub294 \ubb34\ub300\uac00 \uc900\ube44\ub418\uc5b4 \uc788\uad70!","zh_TW":"\u563f\uff0c\u525b\u597d\u9019\u88e1\u6709\u500b\u5e73\u53f0\uff01"},"autoContinue":false,"person":{"person":"antagonists.designer","expression":"LAUGH"},"type":"SHOW_MSG"},{"message":{"de_DE":"Nun ist es an der Zeit, dich deiner Pr\u00fcfung zu stellen!","en_US":"Now, it is time to face your trial!","langUid":2,"fr_FR":"","zh_CN":"Şimdi, yargılamanla yüzleşme zamanı!","ja_JP":"\u3055\u3042\u3001\u3044\u307e\u3053\u305d\u8a66\u7df4\u306e\u6642\u3060\uff01","ko_KR":"\uc774\uc81c \uc2dc\ud5d8\uc744 \ubcfc \ucc28\ub840\ub2e4!","zh_TW":"\u9762\u5c0d\u4f60\u7684\u8a66\u7149\u5427\uff01"},"autoContinue":false,"person":{"person":"antagonists.designer","expression":"DOWN_TALK"},"type":"SHOW_MSG"},{"side":"ALL","type":"CLEAR_MSG"},{"entity":{"global":true,"name":"designer"},"action":[{"value":true,"type":"SET_FACE_FIX"},{"target":{"x":496,"y":996,"lvl":"1"},"precise":false,"type":"MOVE_TO_POINT"}],"repeating":false,"wait":false,"keepState":false,"immediately":false,"type":"DO_ACTION"},{"ignoreSlowDown":false,"time":0.2,"type":"WAIT"},{"changeType":"set","varName":"map.summonTheCrab","value":true,"type":"CHANGE_VAR_BOOL"},{"entity":{"global":true,"name":"boss"},"offsetX":0,"offsetY":0,"speed":"FAST","transition":"EASE_IN_OUT","wait":false,"waitSkip":0,"zoom":1,"type":"SET_CAMERA_TARGET"},{"ignoreSlowDown":false,"time":2,"type":"WAIT"},{"changeType":"set","varName":"plot.line","value":600,"type":"CHANGE_VAR_NUMBER"},{"entity1":{"global":true,"name":"boss"},"entity2":{"global":true,"name":"designer"},"speed":"NORMAL","transition":"EASE_IN_OUT","wait":true,"waitSkip":0.5,"zoom":1,"type":"SET_CAMERA_BETWEEN"},{"side":"LEFT","order":0,"clearSide":false,"person":{"person":"antagonists.designer","expression":"LAUGH"},"type":"ADD_MSG_PERSON"},{"side":"RIGHT","order":0,"clearSide":false,"person":{"person":"main.lea","expression":"SCARED"},"type":"ADD_MSG_PERSON"},{"message":{"de_DE":"Lass uns sehen, ob du das Original bist!","en_US":"Let us see if you are the genuine article!","langUid":3,"fr_FR":"","zh_CN":"Gerçekten sahici misin, bir görelim!","ja_JP":"\u8cb4\u69d8\u304c\u300c\u672c\u7269\u300d\u3067\u3042\u308b\u3053\u3068\u3092\u8a3c\u660e\u3057\u308d\uff01","ko_KR":"\ub124\uac00 \uc9c4\uc9dc\ubc30\uae30\uc778\uc9c0 \ud55c\ubc88 \ubcf4\uc790\uace0!","zh_TW":"\u5c31\u8b93\u6211\u5011\u4f86\u9a57\u8b49\u4e00\u4e0b..."},"autoContinue":false,"person":{"person":"antagonists.designer","expression":"SHOUT"},"type":"SHOW_MSG"},{"message":{"de_DE":"Eine Demonstration deiner Talente sollte als Beweis gen\u00fcgen!","en_US":"A display of your talents shall suffice as proof!","langUid":4,"fr_FR":"","zh_CN":"Yeteneklerini sergilemen kanıt olarak yeterli olacaktır!","ja_JP":"\u305d\u306e\u5b9f\u529b\u3092\u6211\u3005\u306b\u793a\u305b\u3001\u3057\u304b\u3089\u3070\u8a3c\u3068\u306a\u308d\u3046\uff01","ko_KR":"\ub124 \ub2a5\ub825\uc774\ub77c\uba74 \ucda9\ubd84\ud788 \uc99d\uba85\ud560 \uc218 \uc788\uc744 \uac70\uc57c!","zh_TW":"\u4f60\u662f\u5426\u8ca8\u771f\u50f9\u5be6\uff01"},"autoContinue":false,"person":{"person":"antagonists.designer","expression":"DOWN_TALK"},"type":"SHOW_MSG"},{"side":"ALL","type":"CLEAR_MSG"},{"mode":"MEDIUM_OUT","type":"PAUSE_BGM"},{"changeType":"set","varName":"map.designerMoved","value":true,"type":"CHANGE_VAR_BOOL"},{"npc":{"global":true,"name":"designer"},"type":"RESET_NPC"},{"entity1":{"player":true},"entity2":{"global":true,"name":"boss"},"speed":"NORMAL","transition":"EASE_IN_OUT","wait":true,"waitSkip":0,"zoom":1,"type":"SET_CAMERA_BETWEEN"},{"name":"sergeyMode","factor":0,"time":0.1,"type":"ADD_SLOW_MOTION"},{"name":"sergey","guiInfo":{"type":"SergeyMode","settings":{}},"type":"ADD_GUI"},{"entity1":{"player":true},"entity2":{"global":true,"name":"boss"},"speed":"FASTER","transition":"EASE_IN_OUT","wait":true,"waitSkip":0,"zoom":1.5,"type":"SET_CAMERA_BETWEEN"},{"side":"LEFT","order":0,"clearSide":false,"person":{"person":"main.sergey","expression":"SERIOUS"},"type":"ADD_MSG_PERSON"},{"side":"RIGHT","order":0,"clearSide":false,"person":{"person":"main.lea","expression":"SCARED"},"type":"ADD_MSG_PERSON"},{"message":{"de_DE":"Lea, h\u00f6rst du mich?","en_US":"Lea, do you hear me?","langUid":5,"fr_FR":"","zh_CN":"Lea, beni duyuyor musun?","ja_JP":"\u30ec\u30a2\u3001\u805e\u3053\u3048\u308b\u304b\u3044\uff1f","ko_KR":"\ub808\uc544, \ub0b4 \ub9d0 \ub4e4\ub824?","zh_TW":"\u8389\u4e9e\uff0c\u80fd\u807d\u5230\u55ce\uff1f"},"autoContinue":false,"person":{"person":"main.sergey","expression":"SERIOUS"},"type":"SHOW_MSG"},{"message":{"de_DE":"Ich bin \u00fcber die ganze Situation hier genauso perplex wie du...","en_US":" I am just as confused about this whole situation as you are...","langUid":6,"fr_FR":"","zh_CN":"Ben de senin kadar bu durumun tamamı hakkında kafam karışık...","ja_JP":"\u50d5\u3082\u541b\u3068\u540c\u3058\u3050\u3089\u3044\u3001\u3053\u306e\u72b6\u6cc1\u306b\u56f0\u60d1\u3057\u3066\u308b...","ko_KR":"\ub098\ub3c4 \ub108\ucc98\ub7fc \uc774 \ubaa8\ub4e0 \uc0c1\ud669\uc774 \ud63c\ub780\uc2a4\ub7ec\uc6cc...","zh_TW":"\u6211\u8ddf\u4f60\u4e00\u6a23\uff0c\u5c0d\u9019\u6574\u500b\u60c5\u6cc1\u4e5f\u5f88\u56f0\u60d1\u3002"},"autoContinue":false,"person":{"person":"main.sergey","expression":"EYES_CLOSED"},"type":"SHOW_MSG"},{"message":{"de_DE":"Die Situation ist heikel, aber wir holen dich da raus.","en_US":"It is certainly a mess, but we will get you out of this.","langUid":7,"fr_FR":"","zh_CN":"Bu kesinlikle tam bir karmaşa, ama seni bundan çıkaracağız.","ja_JP":"\u78ba\u304b\u306b\u3068\u3093\u3067\u3082\u306a\u3044\u4e8b\u614b\u3060\u3051\u3069\u3001\u50d5\u305f\u3061\u304c\u7d76\u5bfe\u306b\u4f55\u3068\u304b\u3059\u308b\u3002","ko_KR":"\uc5c9\ub9dd\uc9c4\ucc3d\uc774\uc9c0\ub9cc \uc6b0\ub9ac\uac00 \uaf2d \uc5ec\uae30\uc11c \ub098\uac00\uac8c \ud574\uc904\uac8c.","zh_TW":"\u9019\u7684\u78ba\u662f\u4e00\u5718\u7cdf\uff0c\u4e0d\u904e\u6211\u5011\u80fd\u884c\u7684\u3002"},"autoContinue":false,"person":{"person":"main.sergey","expression":"WORRIED"},"type":"SHOW_MSG"},{"message":{"de_DE":"Akzeptiere vorerst seine Herausforderung, um ihn zu besch\u00e4ftigen.","en_US":"For now, take on this challenge and keep him busy.","langUid":8,"fr_FR":"","zh_CN":"Şimdilik bu görevi üstlen ve onu meşgul tut.","ja_JP":"\u4eca\u306e\u3068\u3053\u308d\u306f\u6311\u6226\u3092\u53d7\u3051\u3066\u3001\n\u5f7c\u306e\u6ce8\u610f\u3092\u5f15\u3044\u3066\u304f\u308c\u3002","ko_KR":"\uc9c0\uae08\uc740 \uc774 \ub3c4\uc804\uc744 \uc9c4\ud589\ud558\uba74\uc11c \uc8fc\uc758\ub97c \ub04c\uace0 \uc788\uc5b4.","zh_TW":"\u81f3\u65bc\u73fe\u5728\uff0c\u63a5\u53d7\u9019\u500b\u6311\u6230\uff0c\u727d\u5236\u4f4f\u4ed6\u3002"},"autoContinue":false,"person":{"person":"main.sergey","expression":"SERIOUS"},"type":"SHOW_MSG"},{"message":{"de_DE":"Ich wei\u00df, der Gegner sieht bedrohlich aus, aber verliere nicht die Hoffnung!","en_US":"I know, this enemy looks intimidating, but do not lose hope!","langUid":9,"fr_FR":"","zh_CN":"Biliyorum, bu düşman ürkütücü görünüyor, ama umudunu kaybetme!","ja_JP":"\u78ba\u304b\u306b\u6575\u306f\u5f37\u305d\u3046\u3060\u3051\u3069\u3001\u8ae6\u3081\u3061\u3083\u30c0\u30e1\u3060\uff01","ko_KR":"\uc54c\uc544, \ubb34\uc11c\uc6cc \ubcf4\uc774\ub294 \uc801\uc774\uc9c0\ub9cc \ud76c\ub9dd\uc744 \uc783\uc9c0 \ub9c8!","zh_TW":"\u6211\u77e5\u9053\u9019\u500b\u6575\u4eba\u770b\u4e0a\u53bb\u633a\u5687\u4eba\u7684\uff0c\u4f46\u662f\u4e0d\u8981\u6c23\u9912\uff01"},"autoContinue":false,"person":{"person":"main.sergey","expression":"WORRIED"},"type":"SHOW_MSG"},{"withElse":true,"type":"IF","condition":"newgame.sergey-hax","thenStep":[{"message":{"en_US":"...","de_DE":"...","zh_CN":"\u2026","ja_JP":"...","ko_KR":"...","langUid":11,"zh_TW":"\u2026"},"autoContinue":false,"person":{"person":"main.lea","expression":"THINKING"},"type":"SHOW_MSG"},{"message":{"en_US":"...","de_DE":"...","zh_CN":"...<<A<<[CHANGED 2019\/08\/16]","ja_JP":"...<<A<<[CHANGED 2019\/08\/16]","ko_KR":"...<<A<<[CHANGED 2019\/08\/16]","langUid":19,"zh_TW":"...<<A<<[CHANGED 2019\/08\/16]"},"autoContinue":false,"person":{"person":"main.sergey","expression":"WORRIED"},"type":"SHOW_MSG"},{"message":{"en_US":"What am I saying?\\. You can beat that thing with a \\c[1]single hit\\c[0].","de_DE":"Ach, was rede ich da?\\. Du kannst dieses Ding doch \\c[1]mit einem Schlag\\c[0] niederstrecken.","zh_CN":"Ne diyorum ben?\\. O şeyi \\c[1]tek vuruşla\\c[0] yenebilirsin.","ja_JP":"\u50d5\u306f\u4f55\u3092\u8a00\u3063\u3066\u308b\u3093\u3060\u308d\u3046\u306a\uff1f\\.\n\u3053\u3093\u306a\u6575\u3001\u541b\u306f\\c[1]\u4e00\u6483\\c[0]\u3067\u5012\u305b\u308b\u306e\u306b\u3002<<A<<[CHANGED 2019\/08\/16]","ko_KR":"\uc544\ub2c8, \ubb34\uc2a8 \uc18c\ub9ac\ub97c \ud558\ub294 \uac70\ub78c.\\. \ub10c \\c[1]\ud55c \ubc88\uc758 \uacf5\uaca9\\c[0]\uc73c\ub85c \ucc98\ub9ac\ud560 \uc218 \uc788\uc5b4.<<A<<[CHANGED 2019\/08\/16]","langUid":16,"zh_TW":"\u5509\uff0c\u6211\u5728\u8aaa\u4ec0\u9ebc\u5462?\\.\u4f60\u53ea\u8981\\c[1]\u4e00\u64ca\\c[0]\u5c31\u80fd\u5e79\u6389\u90a3\u50a2\u4f19\u4e86\u3002<<A<<[CHANGED 2019\/08\/16]"},"autoContinue":false,"person":{"person":"main.sergey","expression":"ROLL_EYES"},"type":"SHOW_MSG"},{"message":{"en_US":"...!","de_DE":"...!","zh_CN":"...!<<A<<[CHANGED 2019\/08\/16]","ja_JP":"...\uff01<<A<<[CHANGED 2019\/08\/16]","ko_KR":"...!<<A<<[CHANGED 2019\/08\/16]","langUid":17,"zh_TW":"...!<<A<<[CHANGED 2019\/08\/16]"},"autoContinue":false,"person":{"person":"main.lea","expression":"INSANE_DOWN"},"type":"SHOW_MSG"},{"message":{"en_US":"Just make sure to hit its weak point.","de_DE":"Achte nur darauf, seinen Schwachpunkt zu treffen.","zh_CN":"Sadece zayıf noktasına vurduğundan emin ol.","ja_JP":"\u5f31\u70b9\u3092\u72d9\u3046\u3088\u3046\u306b\u3057\u3066\u304f\u308c\u3002<<A<<[CHANGED 2019\/08\/25]","ko_KR":"\uc57d\uc810\uc744 \ub9de\ucd94\uae30\ub9cc \ud558\uba74 \ub3fc.<<A<<[CHANGED 2019\/08\/25]","langUid":18,"zh_TW":"\u8a18\u5f97\u6253\u5f31\u9ede\u5c31\u884c\u3002<<A<<[CHANGED 2019\/08\/25]"},"autoContinue":false,"person":{"person":"main.sergey","expression":"EYES_CLOSED"},"type":"SHOW_MSG"}],"elseStep":[{"message":{"de_DE":"Ich bin mir sicher, dass du mit ihm fertig wirst!","en_US":"I am confident you will be able to handle this!","langUid":10,"fr_FR":"","zh_CN":"Bunu halledebileceğinden eminim!","ja_JP":"\u541b\u306a\u3089\u52dd\u3066\u308b\u3068\u3001\u50d5\u306f\u4fe1\u3058\u3066\u308b\uff01","ko_KR":"\ub09c \ub124\uac00 \uc774\uac78 \ud574\uacb0\ud560 \uc218 \uc788\uc744 \uac70\ub77c\uace0 \ud655\uc2e0\ud574!","zh_TW":"\u6211\u76f8\u4fe1\u4f60\u80fd\u89e3\u6c7a\u7684\uff01"},"autoContinue":false,"person":{"person":"main.sergey","expression":"SERIOUS"},"type":"SHOW_MSG"},{"message":{"de_DE":"...","en_US":"...","langUid":20,"fr_FR":"","zh_CN":"...<<A<<[CHANGED 2019\/08\/16]","ja_JP":"...<<A<<[CHANGED 2019\/08\/16]","ko_KR":"...<<A<<[CHANGED 2019\/08\/16]","zh_TW":"...<<A<<[CHANGED 2019\/08\/16]"},"autoContinue":false,"person":{"person":"main.lea","expression":"NERVOUS"},"type":"SHOW_MSG"},{"withElse":true,"type":"IF","condition":"player.level > 30 && !newgame.scale-enemies","thenStep":[{"message":{"en_US":"As a matter of fact with \\c[1]your level\\c[0] this really should be a piece of cake.","de_DE":"Das sollte \\c[1]mit deinem Level\\c[0] wirklich ein Kinderspiel sein.","zh_CN":"Aslında \\c[1]senin seviyenle\\c[0] bu gerçekten çocuk oyuncağı olmalı.","ja_JP":"\u307e\u3042\u3067\u3082\u5b9f\u969b\u3001\\c[1]\u541b\u306e\u30ec\u30d9\u30eb\\c[0]\u306a\u3089\n\u3053\u3093\u306a\u6575\u3092\u5012\u3059\u306e\u306f\u672c\u5f53\u306b\n\u671d\u98ef\u524d\u3060\u3068\u601d\u3046\u3088\u3002<<A<<[CHANGED 2019\/08\/16]","ko_KR":"\\c[1]\ub124 \ub808\ubca8\\c[0]\uc774\ub77c\uba74 \uc2dd\uc740 \uc8fd \uba39\uae30\uc77c \uac70\uc57c.<<A<<[CHANGED 2019\/08\/16]","langUid":22,"zh_TW":"\u4e0d\u904e\u8003\u616e\u5230\\c[1]\u4f60\u7684\u7b49\u7d1a\\c[0]\uff0c\u9019\u7d76\u5c0d\u662f\u5c0f\u83dc\u4e00\u789f\u3002<<A<<[CHANGED 2019\/08\/16]"},"autoContinue":false,"person":{"person":"main.sergey","expression":"ROLL_EYES"},"type":"SHOW_MSG"},{"message":{"en_US":"...","de_DE":"...","zh_CN":"...<<A<<[CHANGED 2019\/08\/16]","ja_JP":"...\uff01<<A<<[CHANGED 2019\/08\/16]","ko_KR":"...<<A<<[CHANGED 2019\/08\/16]","langUid":21,"zh_TW":"...<<A<<[CHANGED 2019\/08\/16]"},"autoContinue":false,"person":{"person":"main.lea","expression":"SURPRISED_TOWARD"},"type":"SHOW_MSG"},{"message":{"en_US":"...!","de_DE":"...!","zh_CN":"\u2026\uff01","ja_JP":"...\uff01","ko_KR":"...!","langUid":15,"zh_TW":"\u2026\uff01"},"autoContinue":false,"person":{"person":"main.lea","expression":"SMUG"},"type":"SHOW_MSG"}],"elseStep":[{"message":{"de_DE":"... Ich kann n\u00e4mlich seine Werte sehen.\\. Sie passen genau zu deinem Level!","en_US":"... Because I can see its battle stats.\\. They match your level!","langUid":12,"fr_FR":"","zh_CN":"... Çünkü savaş istatistiklerini görebiliyorum.\\. Seviyenle örtüşüyorlar!","ja_JP":"...\u3060\u3063\u3066\u3001\u50d5\u306f\u5411\u3053\u3046\u306e\u30b9\u30c6\u30fc\u30bf\u30b9\u3092\u898b\u308c\u308b\u304b\u3089\u306d\u3002\\.\u541b\u306e\u30ec\u30d9\u30eb\u3067\u5341\u5206\u5012\u305b\u308b\u76f8\u624b\u3060\uff01","ko_KR":"... \uc65c\ub0d0\uba74 \uc804\ud22c \uc2a4\ud0ef\uc774 \ubcf4\uc774\uac70\ub4e0.\\. \ub124 \ub808\ubca8\uacfc \ube44\uc2b7\ud574!","zh_TW":"\u2026\u56e0\u70ba\u6211\u80fd\u770b\u5230\u5b83\u7684\u6230\u9b25\u6578\u64da\u3002\\.\u5b83\u548c\u4f60\u7684\u7b49\u7d1a\u4e00\u6a23\uff01"},"autoContinue":false,"person":{"person":"main.sergey","expression":"WHISTLING"},"type":"SHOW_MSG"},{"message":{"de_DE":"...","en_US":"...","langUid":13,"fr_FR":"","zh_CN":"\u2026","ja_JP":"...","ko_KR":"...","zh_TW":"\u2026"},"autoContinue":false,"person":{"person":"main.lea","expression":"ANNOYED"},"type":"SHOW_MSG"},{"message":{"de_DE":"...","en_US":"...","langUid":14,"fr_FR":"","zh_CN":"\u2026","ja_JP":"...","ko_KR":"...","zh_TW":"\u2026"},"autoContinue":false,"person":{"person":"main.lea","expression":"DOWN_EYE_CLOSED"},"type":"SHOW_MSG"},{"message":{"de_DE":"...!","en_US":"...!","langUid":23,"fr_FR":"","zh_CN":"...!<<A<<[CHANGED 2019\/08\/16]","ja_JP":"...\uff01<<A<<[CHANGED 2019\/08\/16]","ko_KR":"...!<<A<<[CHANGED 2019\/08\/16]","zh_TW":"...!<<A<<[CHANGED 2019\/08\/16]"},"autoContinue":false,"person":{"person":"main.lea","expression":"DETERMINED"},"type":"SHOW_MSG"}]}]},{"side":"ALL","type":"CLEAR_MSG"},{"name":"sergey","type":"REMOVE_GUI"},{"name":"sergeyMode","time":0.1,"type":"CLEAR_SLOW_MOTION"},{"ignoreSlowDown":false,"time":0.3,"type":"WAIT"},{"entity":{"global":true,"name":"boss"},"offsetX":0,"offsetY":0,"speed":"FAST","transition":"EASE_IN_OUT","wait":true,"waitSkip":0,"zoom":1,"type":"SET_CAMERA_TARGET"},{"name":"floatDE","type":"STOP_SOUND"},{"bgm":"bossbattle1","volume":1,"mode":"IMMEDIATELY","type":"PLAY_BGM"},{"value":true,"type":"SET_FORCE_COMBAT"},{"enemy":{"global":true,"name":"boss"},"enemyState":"IDLE","type":"SET_ENEMY_STATE"},{"enemy":{"global":true,"name":"boss"},"actionName":"Growl","noStateReset":false,"type":"DO_ENEMY_ACTION"},{"ignoreSlowDown":false,"time":2,"type":"WAIT"},{"lighter":false,"color":"black","type":"SET_TELEPORT_COLOR"},{"entity":{"global":true,"name":"boss"},"speed":null,"type":"ADD_PLAYER_CAMERA_TARGET"},{"speed":"SLOW","transition":"EASE_IN_OUT","wait":false,"waitSkip":0,"type":"RESET_CAMERA"}],"triggerType":"ALWAYS","startCondition":null,"mapId":18}},{"type":"NPC","x":488,"y":1080,"level":{"level":2,"offset":58},"settings":{"name":"designer","characterName":"antagonists.designer","npcStates":[{"condition":"","reactType":"PUSHABLE","face":"SOUTH","config":"normal","action":[],"hidden":false,"event":[],"position":null,"door":null},{"condition":"map.designerMoved","reactType":"PUSHABLE","face":"SOUTH","config":"normal","action":[{"entity":{"player":true},"rotate":true,"type":"SET_FACE_TO_ENTITY"}],"hidden":false,"event":[],"position":{"x":496,"y":840,"lvl":"1"},"door":null}],"mapId":19}},{"type":"ScalableProp","x":48,"y":1016,"level":1,"settings":{"name":"","size":{"x":96,"y":8},"propConfig":{"sheet":"ship-outer","name":"cargoRailingH","ends":{"west":"","east":""}},"patternOffset":{"x":8,"y":0},"timeOffset":0,"mapId":21}},{"type":"ScalableProp","x":848,"y":1016,"level":1,"settings":{"name":"","size":{"x":16,"y":8},"propConfig":{"sheet":"ship-outer","name":"cargoRailingH","ends":{"west":"","east":""}},"patternOffset":{"x":8,"y":0},"timeOffset":0,"mapId":22}},{"type":"KillCounter","x":196,"y":836,"level":1,"settings":{"name":"","size":{"x":32,"y":32},"enemyGroup":"cargoboss","killCount":1,"variable":"map.cargoKill","countVariable":"","mapId":23}},{"type":"EventTrigger","x":328,"y":796,"level":1,"settings":{"name":"CargoBossDone","eventType":"CUTSCENE","endCondition":"plot.line >= 620","event":[{"entity":{"player":true},"offsetX":0,"offsetY":0,"speed":"NORMAL","transition":"EASE","wait":true,"waitSkip":0,"zoom":1,"type":"SET_CAMERA_TARGET"},{"mode":"SLOW_OUT","type":"PAUSE_BGM"},{"name":"slowMo","factor":0.1,"time":1,"type":"ADD_SLOW_MOTION"},{"color":"white","alpha":1,"time":1,"lighter":true,"type":"SET_OVERLAY"},{"time":1,"ignoreSlowDown":true,"type":"WAIT"},{"color":"white","lighter":true,"type":"SET_TELEPORT_COLOR"},{"name":"slowMo","time":0,"type":"CLEAR_SLOW_MOTION"},{"map":"cargo-ship.ship","marker":"containerTop","type":"TELEPORT"},{"varName":"plot.line","changeType":"set","value":620,"type":"CHANGE_VAR_NUMBER"}],"triggerType":"ALWAYS","startCondition":"plot.line >= 610 && !player.hasLevelUp ","mapId":24}},{"type":"EventTrigger","x":256,"y":796,"level":1,"settings":{"name":"BossDies","eventType":"CUTSCENE","endCondition":"plot.line >= 610","event":[{"value":false,"type":"SET_FORCE_COMBAT"},{"entity":{"global":true,"name":"boss"},"offsetX":0,"offsetY":0,"speed":"FAST","transition":"EASE_IN_OUT","wait":true,"waitSkip":0,"zoom":1,"type":"SET_CAMERA_TARGET"},{"entity":{"global":true,"name":"boss"},"speed":null,"type":"REMOVE_PLAYER_CAMERA_TARGET"},{"entity":{"player":true},"stat":"BOTTOM_POS","varName":"tmp.playerPos","type":"SET_VAR_ENTITY_STAT"},{"entity":{"global":true,"name":"boss"},"action":[{"value":true,"type":"SET_SLIP_THROUGH"},{"time":-1,"type":"WAIT"}],"repeating":false,"wait":false,"keepState":false,"immediately":false,"type":"DO_ACTION"},{"withElse":false,"condition":"tmp.playerPos.z > 448","type":"IF","thenStep":[{"entity":{"player":true},"action":[{"face":"NORTH","rotate":true,"type":"SET_FACE"},{"effect":{"sheet":"trail","name":"neutralQuick"},"duration":-1,"offset":{"x":0,"y":0,"z":0},"align":"BOTTOM","rotateFace":0,"flipLeftFace":false,"wait":false,"waitSkip":0,"actionDetached":false,"type":"SHOW_EFFECT","group":"sweep","partName":null},{"anim":{"sheet":"player-poses","name":"saltoBack"},"wait":false,"type":"SHOW_EXTERN_ANIM","followUp":null},{"value":true,"type":"SET_FACE_FIX"},{"value":240,"type":"SET_Z_VEL"},{"time":0.55,"type":"MOVE_BACKWARD"},{"type":"CLEAR_ANIMATION"},{"type":"WAIT_UNTIL_ON_GROUND"},{"type":"CLEAR_EFFECTS","group":"sweep"},{"anim":{"sheet":"player-poses","name":"landOnGround"},"wait":false,"type":"SHOW_EXTERN_ANIM","followUp":null},{"time":-1,"type":"WAIT"}],"repeating":false,"wait":false,"keepState":false,"immediately":false,"type":"DO_ACTION"}]},{"entity":{"global":true,"name":"boss"},"duration":0,"align":"CENTER","group":"","wait":true,"waitSkip":0,"effect":{"sheet":"enemies.crab-boss","name":"dieExplosion"},"offset":{"x":0,"y":0,"z":0},"type":"SHOW_EFFECT"},{"ignoreSlowDown":false,"time":1,"type":"WAIT"},{"entity":{"global":true,"name":"boss"},"type":"MANUAL_COMBATANT_KILL"},{"entity":{"player":true},"action":[{"type":"CLEAR_ANIMATION"}],"repeating":false,"wait":false,"keepState":false,"immediately":false,"type":"DO_ACTION"},{"entity":{"player":true},"offsetX":0,"offsetY":0,"speed":"FAST","transition":"EASE_IN_OUT","wait":true,"waitSkip":0,"zoom":1,"type":"SET_CAMERA_TARGET"},{"changeType":"set","varName":"plot.line","value":610,"type":"CHANGE_VAR_NUMBER"}],"triggerType":"ALWAYS","startCondition":"map.bossKilled","mapId":25}}],"layer":[{"id":1,"type":"Background","name":"BG2","level":"1","width":70,"height":90,"visible":1,"tilesetName":"media\/map\/cargo-ship-outer.png","repeat":false,"distance":"1","tilesize":16,"moveSpeed":{"x":0,"y":0},"data":[[0,0,0,0,0,0,0,0,0,0,0,0,0,0,0,0,0,0,0,0,0,0,0,0,0,0,0,0,0,0,0,0,0,0,0,0,0,0,0,0,0,0,0,0,0,0,0,0,0,0,0,0,0,0,0,0,0,0,0,0,0,0,0,0,0,0,0,0,0,0],[0,0,0,0,0,0,0,0,0,0,0,0,0,0,0,0,0,0,0,0,0,0,0,0,0,0,0,0,0,0,0,0,0,0,0,0,0,0,0,0,0,0,0,0,0,0,0,0,0,0,0,0,0,0,0,0,0,0,0,0,0,0,0,0,0,0,0,0,0,0],[0,0,0,0,0,0,0,0,0,0,0,0,0,0,0,0,0,0,0,0,0,0,0,0,0,0,0,0,0,0,0,0,0,0,0,0,0,0,0,0,0,0,0,0,0,0,0,0,0,0,0,0,0,0,0,0,0,0,0,0,0,0,0,0,0,0,0,0,0,0],[0,0,0,0,0,0,0,0,0,0,0,0,0,0,0,0,0,0,0,0,0,0,0,0,0,0,0,0,0,0,0,0,0,0,0,0,0,0,0,0,0,0,0,0,0,0,0,0,0,0,0,0,0,0,0,0,0,0,0,0,0,0,0,0,0,0,0,0,0,0],[0,0,0,0,0,0,0,0,0,0,0,0,0,0,0,0,0,0,0,0,0,0,0,0,0,0,0,0,0,0,0,0,0,0,0,0,0,0,0,0,0,0,0,0,0,0,0,0,0,0,0,0,0,0,0,0,0,0,0,0,0,0,0,0,0,0,0,0,0,0],[0,0,0,0,0,0,0,0,0,0,0,0,0,0,0,0,0,0,0,0,0,0,0,0,0,0,0,0,0,0,0,0,0,0,0,0,0,0,0,0,0,0,0,0,0,0,0,0,0,0,0,0,0,0,0,0,0,0,0,0,0,0,0,0,0,0,0,0,0,0],[0,0,0,0,0,0,0,0,0,0,0,0,0,0,0,0,0,0,0,0,0,0,0,0,0,0,0,0,0,0,0,0,0,0,0,0,0,0,0,0,0,0,0,0,0,0,0,0,0,0,0,0,0,0,0,0,0,0,0,0,0,0,0,0,0,0,0,0,0,0],[0,0,0,0,0,0,0,0,0,0,0,0,0,0,0,0,0,0,0,0,0,0,0,0,0,0,0,0,0,0,0,0,0,0,0,0,0,0,0,0,0,0,0,0,0,0,0,0,0,0,0,0,0,0,0,0,0,0,0,0,0,0,0,0,0,0,0,0,0,0],[0,0,0,0,0,0,0,0,0,0,0,0,0,0,0,0,0,0,0,0,0,0,0,0,0,0,0,0,0,0,0,0,0,0,0,0,0,0,0,0,0,0,0,0,0,0,0,0,0,0,0,0,0,0,0,0,0,0,0,0,0,0,0,0,0,0,0,0,0,0],[0,0,0,0,0,0,0,0,0,0,0,0,0,0,0,0,0,0,0,0,0,0,0,0,0,0,0,0,0,0,0,0,0,0,0,0,0,0,0,0,0,0,0,0,0,0,0,0,0,0,0,0,0,0,0,0,0,0,0,0,0,0,0,0,0,0,0,0,0,0],[0,0,0,0,0,0,0,0,0,0,0,0,0,0,0,0,0,0,0,0,0,0,0,0,0,0,0,0,0,0,0,0,0,0,0,0,0,0,0,0,0,0,0,0,0,0,0,0,0,0,0,0,0,0,0,0,0,0,0,0,0,0,0,0,0,0,0,0,0,0],[0,0,0,0,0,0,0,0,0,0,0,0,0,0,0,0,0,0,0,0,0,0,0,0,0,0,0,0,0,0,0,0,0,0,0,0,0,0,0,0,0,0,0,0,0,0,0,0,0,0,0,0,0,0,0,0,0,0,0,0,0,0,0,0,0,0,0,0,0,0],[0,0,0,0,0,0,0,0,0,0,0,0,0,0,0,0,0,0,0,0,0,0,0,0,0,0,0,0,0,0,0,0,0,0,0,0,0,0,0,0,0,0,0,0,0,0,0,0,0,0,0,0,0,0,0,0,0,0,0,0,0,0,0,0,0,0,0,0,0,0],[0,0,0,0,0,0,0,0,0,0,0,0,0,0,0,0,0,0,0,0,0,0,0,0,0,0,0,0,0,0,0,0,0,0,0,0,0,0,0,0,0,0,0,0,0,0,0,0,0,0,0,0,0,0,0,0,0,0,0,0,0,0,0,0,0,0,0,0,0,0],[0,0,0,0,0,0,0,0,0,0,0,0,0,0,0,0,0,0,0,0,0,0,0,0,0,0,0,0,0,0,0,0,0,0,0,0,0,0,0,0,0,0,0,0,0,0,0,0,0,0,0,0,0,0,0,0,0,0,0,0,0,0,0,0,0,0,0,0,0,0],[0,0,0,0,0,0,0,0,0,0,0,0,0,0,0,0,0,0,0,0,0,0,0,0,0,0,0,0,0,0,0,0,0,0,0,0,0,0,0,0,0,0,0,0,0,0,0,0,0,0,0,0,0,0,0,0,0,0,0,0,0,0,0,0,0,0,0,0,0,0],[0,0,0,0,0,0,0,0,0,0,0,0,0,0,0,0,0,0,0,0,0,0,0,0,0,0,0,0,0,0,0,0,0,0,0,0,0,0,0,0,0,0,0,0,0,0,0,0,0,0,0,0,0,0,0,0,0,0,0,0,0,0,0,0,0,0,0,0,0,0],[0,0,0,0,0,0,0,0,0,0,0,0,0,0,0,0,0,0,0,0,0,0,0,0,0,0,0,0,0,0,0,0,0,0,0,0,0,0,0,0,0,0,0,0,0,0,0,0,0,0,0,0,0,0,0,0,0,0,0,0,0,0,0,0,0,0,0,0,0,0],[0,0,0,0,0,0,0,0,0,0,0,0,0,0,0,0,0,0,0,0,0,0,0,0,0,0,0,0,0,0,0,0,0,0,0,0,0,0,0,0,0,0,0,0,0,0,0,0,0,0,0,0,0,0,0,0,0,0,0,0,0,0,0,0,0,0,0,0,0,0],[0,0,0,0,0,0,0,0,0,0,0,0,0,0,0,0,0,0,0,0,0,0,0,0,0,0,0,0,0,0,0,0,0,0,0,0,0,0,0,0,0,0,0,0,0,0,0,0,0,0,0,0,0,0,0,0,0,0,0,0,0,0,0,0,0,0,0,0,0,0],[0,0,0,0,0,0,0,0,0,0,0,0,0,0,0,0,0,0,0,0,0,0,0,0,0,0,0,0,0,0,0,0,0,0,0,0,0,0,0,0,0,0,0,0,0,0,0,0,0,0,0,0,0,0,0,0,0,0,0,0,0,0,0,0,0,0,0,0,0,0],[0,0,0,0,0,0,0,0,0,0,0,0,0,0,0,0,0,0,0,0,0,0,0,0,0,0,0,0,0,0,0,0,0,0,0,0,0,0,0,0,0,0,0,0,0,0,0,0,0,0,0,0,0,0,0,0,0,0,0,0,0,0,0,0,0,0,0,0,0,0],[0,0,0,0,0,0,0,0,0,0,0,0,0,0,0,0,0,0,0,0,0,0,0,0,0,0,0,0,0,0,0,0,0,0,0,0,0,0,0,0,0,0,0,0,0,0,0,0,0,0,0,0,0,0,0,0,0,0,0,0,0,0,0,0,0,0,0,0,0,0],[0,0,0,0,0,0,0,0,0,0,0,0,0,0,0,0,0,0,0,0,0,0,0,0,0,0,0,0,0,0,0,0,0,0,0,0,0,0,0,0,0,0,0,0,0,0,0,0,0,0,0,0,0,0,0,0,0,0,0,0,0,0,0,0,0,0,0,0,0,0],[0,0,0,0,0,0,0,0,0,0,0,0,0,0,0,0,0,0,0,0,0,0,0,0,0,0,0,0,0,0,0,0,0,0,0,0,0,0,0,0,0,0,0,0,0,0,0,0,0,0,0,0,0,0,0,0,0,0,0,0,0,0,0,0,0,0,0,0,0,0],[0,0,0,0,0,0,0,0,0,0,0,0,0,0,0,0,0,0,0,0,0,0,0,0,0,0,0,0,0,0,0,0,0,0,0,0,0,0,0,0,0,0,0,0,0,0,0,0,0,0,0,0,0,0,0,0,0,0,0,0,0,0,0,0,0,0,0,0,0,0],[0,0,0,0,0,0,0,0,0,0,0,0,0,0,0,0,0,0,0,0,0,0,0,0,0,0,0,0,0,0,0,0,0,0,0,0,0,0,0,0,0,0,0,0,0,0,0,0,0,0,0,0,0,0,0,0,0,0,0,0,0,0,0,0,0,0,0,0,0,0],[0,0,0,0,0,0,0,0,0,0,0,0,0,0,0,0,0,0,0,0,0,0,0,0,0,0,0,0,0,0,0,0,0,0,0,0,0,0,0,0,0,0,0,0,0,0,0,0,0,0,0,0,0,0,0,0,0,0,0,0,0,0,0,0,0,0,0,0,0,0],[0,0,0,0,0,0,0,0,0,0,0,0,0,0,0,0,0,0,0,0,0,0,0,0,0,0,0,0,0,0,0,0,0,0,0,0,0,0,0,0,0,0,0,0,0,0,0,0,0,0,0,0,0,0,0,0,0,0,0,0,0,0,0,0,0,0,0,0,0,0],[0,0,0,0,0,0,0,0,0,0,0,0,0,0,0,0,0,0,0,0,0,0,0,0,0,0,0,0,0,0,0,0,0,0,0,0,0,0,0,0,0,0,0,0,0,0,0,0,0,0,0,0,0,0,0,0,0,0,0,0,0,0,0,0,0,0,0,0,0,0],[0,0,0,0,0,0,0,0,0,0,0,0,0,0,0,0,0,0,0,0,0,0,0,0,0,0,0,0,0,0,0,0,0,0,0,0,0,0,0,0,0,0,0,0,0,0,0,0,0,0,0,0,0,0,0,0,0,0,0,0,0,0,0,0,0,0,0,0,0,0],[0,0,0,0,0,0,0,0,0,0,0,0,0,0,0,0,0,0,0,0,0,0,0,0,0,0,0,0,0,0,0,0,0,0,0,0,0,0,0,0,0,0,0,0,0,0,0,0,0,0,0,0,0,0,0,0,0,0,0,0,0,0,0,0,0,0,0,0,0,0],[0,0,0,0,0,0,0,0,0,0,0,0,0,0,0,0,0,0,0,0,0,0,0,0,0,0,0,0,0,0,0,0,0,0,0,0,0,0,0,0,0,0,0,0,0,0,0,0,0,0,0,0,0,0,0,0,0,0,0,0,0,0,0,0,0,0,0,0,0,0],[0,0,0,0,0,0,0,0,0,0,0,0,0,0,0,0,0,0,0,0,0,0,0,0,0,0,0,0,0,0,0,0,0,0,0,0,0,0,0,0,0,0,0,0,0,0,0,0,0,0,0,0,0,0,0,0,0,0,0,0,0,0,0,0,0,0,0,0,0,0],[0,0,0,0,0,0,0,0,0,0,0,0,0,0,0,0,0,0,0,0,0,0,0,0,0,0,0,0,0,0,0,0,0,0,0,0,0,0,0,0,0,0,0,0,0,0,0,0,0,0,0,0,0,0,1181,1182,0,0,0,0,0,0,0,0,0,0,0,0,0,0],[0,0,0,0,0,0,0,0,0,0,0,0,0,0,0,0,0,0,0,0,0,0,0,0,0,0,0,0,0,0,0,0,0,0,0,0,0,0,0,0,0,0,0,0,0,0,0,0,0,0,0,0,0,0,1245,1246,0,0,0,0,0,0,0,0,0,0,0,0,0,0],[0,0,0,194,129,194,1027,1027,1027,193,0,0,0,0,0,0,0,0,0,0,0,0,0,0,0,0,0,0,0,0,0,0,0,0,0,0,0,0,0,0,0,0,0,0,0,0,0,0,0,0,0,193,193,194,1309,1310,0,0,0,0,0,0,0,0,0,0,0,0,0,0],[0,0,0,194,129,194,1857,1731,1731,66,0,0,0,0,0,0,0,0,0,0,0,0,0,0,0,0,0,0,0,0,0,0,0,0,0,0,0,0,0,0,0,0,0,0,0,0,0,0,0,0,0,1,1,194,1373,1374,0,0,0,0,0,0,0,0,0,0,0,0,0,0],[0,0,0,194,129,194,1921,1921,1665,1,0,0,0,0,0,0,0,0,0,0,0,0,0,0,0,0,0,0,0,0,0,0,0,0,0,0,0,0,0,0,0,0,0,0,0,0,0,0,0,0,0,1,1,194,1309,1310,0,0,0,0,0,0,0,0,0,0,0,0,0,0],[0,0,0,194,129,194,1857,1601,1601,1,0,0,0,0,0,0,0,0,0,0,0,0,0,0,0,0,0,0,0,0,0,0,0,0,0,0,0,0,0,0,0,0,0,0,0,0,0,0,0,0,0,1,1,194,1373,1374,0,0,0,0,0,0,0,0,0,0,0,0,0,0],[0,0,0,194,129,194,1857,1731,1601,1,0,0,0,0,0,0,0,0,0,0,0,0,0,0,0,0,0,0,0,0,0,0,0,0,0,0,0,0,0,0,0,0,0,0,0,0,0,0,0,0,0,1,1,194,1309,1310,0,0,0,0,0,0,0,0,0,0,0,0,0,0],[0,0,0,194,129,194,1921,1665,1665,1,0,0,0,0,0,0,0,0,0,0,0,0,0,0,0,0,0,0,0,0,0,0,0,0,0,0,0,0,0,0,0,0,0,0,0,0,0,0,0,0,0,1,1,194,1373,1374,0,0,0,0,0,0,0,0,0,0,0,0,0,0],[0,0,0,194,129,194,1857,1601,1601,1,0,0,0,0,0,0,0,0,0,0,0,0,0,0,0,0,0,0,0,0,0,0,0,0,0,0,0,0,0,0,0,0,0,0,0,0,0,0,0,0,0,1,1,194,1309,1310,0,0,0,0,0,0,0,0,0,0,0,0,0,0],[0,0,0,194,129,194,1857,1859,1601,130,0,0,0,0,0,0,0,0,0,0,0,0,0,0,0,0,0,0,0,0,0,0,0,0,0,0,0,0,0,0,0,0,0,0,0,0,0,0,0,0,0,1,1,194,1373,1374,0,0,0,0,0,0,0,0,0,0,0,0,0,0],[0,0,0,194,129,194,1921,1665,1665,1,0,0,0,0,0,0,0,0,0,0,0,0,0,0,0,0,0,0,0,0,0,0,0,0,0,0,0,0,0,0,0,0,0,0,0,0,0,0,0,0,0,1,1,194,1309,1310,0,0,0,0,0,0,0,0,0,0,0,0,0,0],[0,0,0,194,129,194,1859,1601,1601,66,0,0,0,0,0,0,0,0,0,0,0,0,0,0,0,0,0,0,0,0,0,0,0,0,0,0,0,0,0,0,0,0,0,0,0,0,0,0,0,0,0,1,1,194,1373,1374,0,0,0,0,0,0,0,0,0,0,0,0,0,0],[0,0,0,194,129,194,1857,1601,1601,1,0,0,0,0,0,0,0,0,0,0,0,0,0,0,0,0,0,0,0,0,0,0,0,0,0,0,0,0,0,0,0,0,0,0,0,0,0,0,0,0,0,1,1,194,1309,1310,0,0,0,0,0,0,0,0,0,0,0,0,0,0],[0,0,0,194,129,194,1795,1665,1665,1,0,0,0,0,0,0,0,0,0,0,0,0,0,0,0,0,0,0,0,0,0,0,0,0,0,0,0,0,0,0,0,0,0,0,0,0,0,0,0,0,0,1,1,194,1373,1374,0,0,0,0,0,0,0,0,0,0,0,0,0,0],[0,0,0,194,129,194,1601,1601,1601,1,0,0,0,0,0,0,0,0,0,0,0,0,0,0,0,0,0,0,0,0,0,0,0,0,0,0,0,0,0,0,0,0,0,0,0,0,0,0,0,0,0,1,1,194,1309,1310,0,0,0,0,0,0,0,0,0,0,0,0,0,0],[851,852,0,194,129,194,1601,1601,1601,1,0,0,0,0,0,0,0,0,0,0,0,0,0,0,0,0,0,0,0,0,0,0,0,0,0,0,0,0,0,0,0,0,0,0,0,0,0,0,0,0,0,1,1,194,1373,1374,0,0,0,0,0,0,0,0,0,0,0,0,0,0],[915,916,1367,194,129,194,1665,1665,1665,1,0,0,0,0,0,0,0,0,0,0,0,0,0,0,0,0,0,0,0,0,0,0,0,0,0,0,0,0,0,0,0,0,0,0,0,0,0,0,0,0,0,1,1,194,1309,1310,0,0,0,0,0,0,0,0,0,0,0,0,0,0],[979,980,1431,194,129,194,1601,1601,1601,130,0,0,0,0,0,0,0,0,0,0,0,0,0,0,0,0,0,0,0,0,0,0,0,0,0,0,0,0,0,0,0,0,0,0,0,0,0,0,0,0,0,1,1,194,1373,1374,0,0,0,0,0,0,0,0,0,0,0,0,0,0],[979,980,1431,194,129,194,1601,1601,1731,130,0,0,0,0,0,0,0,0,0,0,0,0,0,0,0,0,0,0,0,0,0,0,0,0,0,0,0,0,0,0,0,0,0,0,0,0,0,0,0,0,0,1,1,194,1309,1310,0,0,0,0,0,0,0,0,0,0,0,0,0,0],[979,980,1431,194,129,257,1665,1665,1796,1,0,0,0,0,0,0,0,0,0,0,0,0,0,0,0,0,0,0,0,0,0,0,0,0,0,0,0,0,0,0,0,0,0,0,0,0,0,0,0,0,0,1,1,194,1373,1374,0,0,0,0,0,0,0,0,0,0,0,0,0,0],[1299,1300,1431,194,129,321,1601,1731,1857,1,0,0,0,0,0,0,0,0,0,0,0,0,0,0,0,0,0,0,0,0,0,0,0,0,0,0,0,0,0,0,0,0,0,0,0,0,0,0,0,0,0,1,1,194,1309,1310,0,0,0,0,0,0,0,0,0,0,0,0,0,0],[1363,1364,1431,194,129,193,1601,1859,1857,130,0,0,0,0,0,0,0,0,0,0,0,0,0,0,0,0,0,0,0,0,0,0,0,0,0,0,0,0,0,0,0,0,0,0,0,0,0,0,0,0,0,1,1,194,1373,1374,0,0,0,0,0,0,0,0,0,0,0,0,0,0],[1427,1428,1431,194,129,193,1665,1665,1921,66,0,0,0,0,0,0,0,0,0,0,0,0,0,0,0,0,0,0,0,0,0,0,0,0,0,0,0,0,0,0,0,0,0,0,0,0,0,0,0,0,0,1,1,194,1309,1310,0,0,0,0,0,0,0,0,0,0,0,0,0,0],[1491,1492,1431,257,129,193,1601,1601,1859,1,0,0,0,0,0,0,0,0,0,0,0,0,0,0,0,0,0,0,0,0,0,0,0,0,0,0,0,0,0,0,0,0,0,0,0,0,0,0,0,0,0,1,1,194,1373,1374,0,0,0,0,0,0,0,0,0,0,0,0,0,0],[1555,1556,1495,321,129,193,1601,1601,1859,1,0,0,0,0,0,0,0,0,0,0,0,0,0,0,0,0,0,0,0,0,0,0,0,0,0,0,0,0,0,0,0,0,0,0,0,0,0,0,0,0,0,1,1,194,1309,1310,0,0,0,0,0,0,0,0,0,0,0,0,0,0],[1028,1028,1156,193,129,193,1665,1665,1665,1,0,0,0,0,0,0,0,0,0,0,0,0,0,0,0,0,0,0,0,0,0,0,0,0,0,0,0,0,0,0,0,0,0,0,0,0,0,0,0,0,0,1,1,194,1373,1374,0,0,0,0,0,0,0,0,0,0,0,0,0,0],[1602,1601,1602,193,129,193,1601,1601,1601,1,0,0,0,0,0,0,0,0,0,0,0,0,0,0,0,0,0,0,0,0,0,0,0,0,0,0,0,0,0,0,0,0,0,0,0,0,0,0,0,0,0,1,1,194,1309,1310,0,0,0,0,0,0,0,0,0,0,0,0,0,0],[1602,1601,1602,193,129,193,1601,1601,1601,130,0,0,0,0,0,0,0,0,0,0,0,0,0,0,0,0,0,0,0,0,0,0,0,0,0,0,0,0,0,0,0,0,0,0,0,0,0,0,0,0,0,1,1,194,1373,1374,0,0,0,0,0,0,0,0,0,0,0,0,0,0],[1666,1601,1602,193,129,193,1665,1665,1665,1601,1473,369,370,370,371,370,370,370,370,369,370,370,371,370,370,369,370,370,371,370,370,370,370,369,370,370,371,370,370,369,370,370,371,370,370,370,370,369,370,370,371,1473,1473,194,1309,1310,0,0,0,0,0,0,0,0,0,0,0,0,0,0],[1602,1665,1666,193,129,193,1601,1601,1601,1601,1473,433,434,434,435,434,434,434,434,433,434,434,435,434,434,433,434,434,435,434,434,434,434,433,434,434,435,434,434,433,434,434,435,434,434,434,434,433,434,434,435,1473,1473,194,1373,1374,0,0,0,0,0,0,0,0,0,0,0,0,0,0],[1602,1601,1602,193,129,193,1601,1601,1601,1601,1473,1473,1474,1473,1473,1473,194,129,194,1473,1473,1473,1473,1474,1473,1473,1473,1473,194,129,194,1473,1473,1473,1474,1473,1473,1473,1473,1473,194,129,194,1473,1473,1473,1474,1473,1473,1473,1474,1473,1473,257,1437,1438,0,0,0,0,0,0,0,0,0,0,0,0,0,0],[1092,1091,1091,193,129,193,1091,1091,1091,1601,1091,1155,1092,1091,1091,1091,193,129,193,1091,1091,1091,1091,1092,1091,1155,1091,1091,1091,129,193,1091,1091,1091,1092,1091,1091,1091,1091,1155,193,129,193,1091,1091,1091,1092,1091,1091,1091,1092,1091,194,321,1501,1502,0,0,0,0,0,0,0,0,0,0,0,0,0,0],[1185,1186,1183,1184,1185,1186,1183,1184,1185,633,633,632,632,632,632,632,632,632,632,632,632,632,632,633,633,632,632,632,632,632,632,632,632,632,632,632,632,633,633,632,632,632,632,632,632,632,632,632,632,632,632,633,633,1186,1183,1184,0,0,0,0,0,0,0,0,0,0,0,0,0,0],[1249,1250,1247,1248,1249,1250,1247,1248,1249,1250,1247,1248,1249,1250,1247,1248,1249,1250,1247,1248,1249,1250,1247,1248,1249,1250,1247,1248,1249,1250,1247,1248,1249,1250,1247,1248,1249,1250,1247,1248,1249,1250,1247,1248,1249,1250,1247,1248,1249,1250,1247,1248,1249,1250,1247,1088,0,0,0,0,0,0,0,0,0,0,0,0,0,0],[1313,1314,1311,1312,1313,1314,1311,1312,1313,1314,1311,1312,1313,1314,1311,1312,1313,1314,1311,1312,1313,1314,1311,1312,1313,1314,1311,1312,1313,1314,1311,1312,1313,1314,1311,1312,1313,1314,1311,1312,1313,1314,1311,1312,1313,1314,1311,1312,1313,1314,1311,1312,1313,1150,1151,1152,0,0,0,0,0,0,0,0,0,0,0,0,0,0],[1377,1378,1375,1376,1377,1378,1375,1376,1377,1378,1375,1376,1377,1378,1375,1376,1377,1378,1375,1376,1377,1378,1375,1376,1377,1378,1375,1376,1377,1378,1375,1376,1377,1378,1375,1376,1377,1378,1375,1376,1377,1378,1375,1376,1377,1378,1375,1376,1377,1378,1375,1212,1213,1214,1215,0,0,0,0,0,0,0,0,0,0,0,0,0,0,0],[1441,1442,1439,1440,1441,1442,1439,1440,1441,1442,1439,1440,1441,1442,1439,1440,1441,1442,1439,1440,1441,1442,1439,1440,1441,1442,1439,1440,1441,1442,1439,1440,1441,1442,1439,1440,1441,1442,1439,1440,1441,1442,1439,1440,1441,1442,1439,1440,1441,1274,1275,1276,1277,1278,0,0,0,0,0,0,0,0,0,0,0,0,0,0,0,0],[1505,1506,1503,1504,1505,1506,1503,1504,1505,1506,1503,1504,1505,1506,1503,1504,1505,1506,1503,1504,1505,1506,1503,1504,1505,1506,1503,1504,1505,1506,1503,1504,1505,1506,1503,1504,1505,1506,1503,1504,1505,1506,1503,1504,1505,1506,1503,1336,1337,1338,1339,1340,0,0,0,0,0,0,0,0,0,0,0,0,0,0,0,0,0,0],[1569,1570,1567,1568,1569,1570,1567,1568,1569,1570,1567,1568,1569,1570,1567,1568,1569,1570,1567,1568,1569,1570,1567,1568,1569,1570,1567,1568,1569,1570,1567,1568,1569,1570,1567,1568,1569,1570,1567,1568,1569,1570,1567,1568,1569,1398,1399,1400,1401,1402,1403,0,0,0,0,0,0,0,0,0,0,0,0,0,0,0,0,0,0,0],[1633,1634,1631,1632,1633,1634,1631,1632,1633,1634,1631,1632,1633,1634,1631,1632,1633,1634,1631,1632,1633,1634,1631,1632,1633,1634,1631,1632,1633,1634,1631,1632,1633,1634,1631,1632,1633,1634,1631,1632,1633,1634,1459,1460,1461,1462,1463,1464,1465,0,0,0,0,0,0,0,0,0,0,0,0,0,0,0,0,0,0,0,0,0],[1697,1698,1695,1696,1697,1698,1695,1696,1697,1698,1695,1696,1697,1698,1695,1696,1697,1698,1695,1696,1697,1698,1695,1696,1697,1698,1695,1696,1697,1698,1695,1696,1697,1698,1695,1696,1697,1698,1695,1696,1521,1522,1523,1524,1525,1526,1527,0,0,0,0,0,0,0,0,0,0,0,0,0,0,0,0,0,0,0,0,0,0,0],[1761,1762,1759,1760,1761,1762,1759,1760,1761,1762,1759,1760,1761,1762,1759,1760,1761,1762,1759,1760,1761,1762,1759,1760,1761,1762,1759,1760,1761,1762,1759,1760,1761,1762,1759,1760,1761,1582,1583,1584,1585,1586,1587,1588,1589,0,0,0,0,0,0,0,0,0,0,0,0,0,0,0,0,0,0,0,0,0,0,0,0,0],[1825,1826,1823,1824,1825,1826,1823,1824,1825,1826,1823,1824,1825,1826,1823,1824,1825,1826,1823,1824,1825,1826,1823,1824,1825,1826,1823,1824,1825,1826,1823,1824,1825,1826,1141,1142,1143,1144,1145,1146,1147,1148,1149,0,0,0,0,0,0,0,0,0,0,0,0,0,0,0,0,0,0,0,0,0,0,0,0,0,0,0],[1889,1890,1887,1888,1889,1890,1887,1888,1889,1890,1887,1888,1889,1890,1887,1888,1889,1890,1887,1888,1889,1890,1887,1888,1889,1890,1887,1888,1889,1890,1201,1202,1203,1204,1205,1206,1207,1208,1209,1210,1211,0,0,0,0,0,0,0,0,0,0,0,0,0,0,0,0,0,0,0,0,0,0,0,0,0,0,0,0,0],[1953,1954,1951,1952,1953,1954,1951,1952,1953,1954,1951,1952,1953,1954,1951,1952,1953,1954,1951,1952,1953,1954,1951,1952,1953,1954,1261,1262,1263,1264,1265,1266,1267,1268,1269,1270,1271,0,0,0,0,0,0,0,0,0,0,0,0,0,0,0,0,0,0,0,0,0,0,0,0,0,0,0,0,0,0,0,0,0],[2017,2018,2015,2016,2017,2018,2015,2016,2017,2018,2015,2016,2017,2018,2015,2016,2017,2018,2015,2016,1319,1320,1321,1322,1323,1324,1325,1326,1327,1328,1329,1330,1331,0,0,0,0,0,0,0,0,0,0,0,0,0,0,0,0,0,0,0,0,0,0,0,0,0,0,0,0,0,0,0,0,0,0,0,0,0],[0,0,0,0,0,0,0,0,0,0,0,0,0,0,0,0,0,0,0,0,0,0,0,0,0,0,0,0,0,0,0,0,0,0,0,0,0,0,0,0,0,0,0,0,0,0,0,0,0,0,0,0,0,0,0,0,0,0,0,0,0,0,0,0,0,0,0,0,0,0],[0,0,0,0,0,0,0,0,0,0,0,0,0,0,0,0,0,0,0,0,0,0,0,0,0,0,0,0,0,0,0,0,0,0,0,0,0,0,0,0,0,0,0,0,0,0,0,0,0,0,0,0,0,0,0,0,0,0,0,0,0,0,0,0,0,0,0,0,0,0],[0,0,0,0,0,0,0,0,0,0,0,0,0,0,0,0,0,0,0,0,0,0,0,0,0,0,0,0,0,0,0,0,0,0,0,0,0,0,0,0,0,0,0,0,0,0,0,0,0,0,0,0,0,0,0,0,0,0,0,0,0,0,0,0,0,0,0,0,0,0],[0,0,0,0,0,0,0,0,0,0,0,0,0,0,0,0,0,0,0,0,0,0,0,0,0,0,0,0,0,0,0,0,0,0,0,0,0,0,0,0,0,0,0,0,0,0,0,0,0,0,0,0,0,0,0,0,0,0,0,0,0,0,0,0,0,0,0,0,0,0],[0,0,0,0,0,0,0,0,0,0,0,0,0,0,0,0,0,0,0,0,0,0,0,0,0,0,0,0,0,0,0,0,0,0,0,0,0,0,0,0,0,0,0,0,0,0,0,0,0,0,0,0,0,0,0,0,0,0,0,0,0,0,0,0,0,0,0,0,0,0],[0,0,0,0,0,0,0,0,0,0,0,0,0,0,0,0,0,0,0,0,0,0,0,0,0,0,0,0,0,0,0,0,0,0,0,0,0,0,0,0,0,0,0,0,0,0,0,0,0,0,0,0,0,0,0,0,0,0,0,0,0,0,0,0,0,0,0,0,0,0],[0,0,0,0,0,0,0,0,0,0,0,0,0,0,0,0,0,0,0,0,0,0,0,0,0,0,0,0,0,0,0,0,0,0,0,0,0,0,0,0,0,0,0,0,0,0,0,0,0,0,0,0,0,0,0,0,0,0,0,0,0,0,0,0,0,0,0,0,0,0],[0,0,0,0,0,0,0,0,0,0,0,0,0,0,0,0,0,0,0,0,0,0,0,0,0,0,0,0,0,0,0,0,0,0,0,0,0,0,0,0,0,0,0,0,0,0,0,0,0,0,0,0,0,0,0,0,0,0,0,0,0,0,0,0,0,0,0,0,0,0],[0,0,0,0,0,0,0,0,0,0,0,0,0,0,0,0,0,0,0,0,0,0,0,0,0,0,0,0,0,0,0,0,0,0,0,0,0,0,0,0,0,0,0,0,0,0,0,0,0,0,0,0,0,0,0,0,0,0,0,0,0,0,0,0,0,0,0,0,0,0],[0,0,0,0,0,0,0,0,0,0,0,0,0,0,0,0,0,0,0,0,0,0,0,0,0,0,0,0,0,0,0,0,0,0,0,0,0,0,0,0,0,0,0,0,0,0,0,0,0,0,0,0,0,0,0,0,0,0,0,0,0,0,0,0,0,0,0,0,0,0]]},{"id":0,"type":"Background","name":"BG","level":"1","width":70,"height":90,"visible":1,"tilesetName":"media\/map\/cargo-ship-outer.png","repeat":false,"distance":"1","tilesize":16,"moveSpeed":{"x":0,"y":0},"data":[[0,0,0,0,0,0,0,0,0,0,0,0,0,0,0,0,0,0,0,0,0,0,0,0,0,0,0,0,0,0,0,0,0,0,0,0,0,0,0,0,0,0,0,0,0,0,0,0,0,0,0,0,0,0,0,0,0,0,0,0,0,0,0,0,0,0,0,0,0,0],[0,0,0,0,0,0,0,0,0,0,0,0,0,0,0,0,0,0,0,0,0,0,0,0,0,0,0,0,0,0,0,0,0,0,0,0,0,0,0,0,0,0,0,0,0,0,0,0,0,0,0,0,0,0,0,0,0,0,0,0,0,0,0,0,0,0,0,0,0,0],[0,0,0,0,0,0,0,0,0,0,0,0,0,0,0,0,0,0,0,0,0,0,0,0,0,0,0,0,0,0,0,0,0,0,0,0,0,0,0,0,0,0,0,0,0,0,0,0,0,0,0,0,0,0,0,0,0,0,0,0,0,0,0,0,0,0,0,0,0,0],[0,0,0,0,0,0,0,0,0,0,0,0,0,0,0,0,0,0,0,0,0,0,0,0,0,0,0,0,0,0,0,0,0,0,0,0,0,0,0,0,0,0,0,0,0,0,0,0,0,0,0,0,0,0,0,0,0,0,0,0,0,0,0,0,0,0,0,0,0,0],[0,0,0,0,0,0,0,0,0,0,0,0,0,0,0,0,0,0,0,0,0,0,0,0,0,0,0,0,0,0,0,0,0,0,0,0,0,0,0,0,0,0,0,0,0,0,0,0,0,0,0,0,0,0,0,0,0,0,0,0,0,0,0,0,0,0,0,0,0,0],[0,0,0,0,0,0,0,0,0,0,0,0,0,0,0,0,0,0,0,0,0,0,0,0,0,0,0,0,0,0,0,0,0,0,0,0,0,0,0,0,0,0,0,0,0,0,0,0,0,0,0,0,0,0,0,0,0,0,0,0,0,0,0,0,0,0,0,0,0,0],[0,0,0,0,0,0,0,0,0,0,0,0,0,0,0,0,0,0,0,0,0,0,0,0,0,0,0,0,0,0,0,0,0,0,0,0,0,0,0,0,0,0,0,0,0,0,0,0,0,0,0,0,0,0,0,0,0,0,0,0,0,0,0,0,0,0,0,0,0,0],[0,0,0,0,0,0,0,0,0,0,0,0,0,0,0,0,0,0,0,0,0,0,0,0,0,0,0,0,0,0,0,0,0,0,0,0,0,0,0,0,0,0,0,0,0,0,0,0,0,0,0,0,0,0,0,0,0,0,0,0,0,0,0,0,0,0,0,0,0,0],[0,0,0,0,0,0,0,0,0,0,0,0,0,0,0,0,0,0,0,0,0,0,0,0,0,0,0,0,0,0,0,0,0,0,0,0,0,0,0,0,0,0,0,0,0,0,0,0,0,0,0,0,0,0,0,0,0,0,0,0,0,0,0,0,0,0,0,0,0,0],[0,0,0,0,0,0,0,0,0,0,0,0,0,0,0,0,0,0,0,0,0,0,0,0,0,0,0,0,0,0,0,0,0,0,0,0,0,0,0,0,0,0,0,0,0,0,0,0,0,0,0,0,0,0,0,0,0,0,0,0,0,0,0,0,0,0,0,0,0,0],[0,0,0,0,0,0,0,0,0,0,0,0,0,0,0,0,0,0,0,0,0,0,0,0,0,0,0,0,0,0,0,0,0,0,0,0,0,0,0,0,0,0,0,0,0,0,0,0,0,0,0,0,0,0,0,0,0,0,0,0,0,0,0,0,0,0,0,0,0,0],[0,0,0,0,0,0,0,0,0,0,0,0,0,0,0,0,0,0,0,0,0,0,0,0,0,0,0,0,0,0,0,0,0,0,0,0,0,0,0,0,0,0,0,0,0,0,0,0,0,0,0,0,0,0,0,0,0,0,0,0,0,0,0,0,0,0,0,0,0,0],[0,0,0,0,0,0,0,0,0,0,0,0,0,0,0,0,0,0,0,0,0,0,0,0,0,0,0,0,0,0,0,0,0,0,0,0,0,0,0,0,0,0,0,0,0,0,0,0,0,0,0,0,0,0,0,0,0,0,0,0,0,0,0,0,0,0,0,0,0,0],[0,0,0,0,0,0,0,0,0,0,0,0,0,0,0,0,0,0,0,0,0,0,0,0,0,0,0,0,0,0,0,0,0,0,0,0,0,0,0,0,0,0,0,0,0,0,0,0,0,0,0,0,0,0,0,0,0,0,0,0,0,0,0,0,0,0,0,0,0,0],[0,0,0,0,0,0,0,0,0,0,0,0,0,0,0,0,0,0,0,0,0,0,0,0,0,0,0,0,0,0,0,0,0,0,0,0,0,0,0,0,0,0,0,0,0,0,0,0,0,0,0,0,0,0,0,0,0,0,0,0,0,0,0,0,0,0,0,0,0,0],[0,0,0,0,0,0,0,0,0,0,0,0,0,0,0,0,0,0,0,0,0,0,0,0,0,0,0,0,0,0,0,0,0,0,0,0,0,0,0,0,0,0,0,0,0,0,0,0,0,0,0,0,0,0,0,0,0,0,0,0,0,0,0,0,0,0,0,0,0,0],[0,0,0,0,0,0,0,0,0,0,0,0,0,0,0,0,0,0,0,0,0,0,0,0,0,0,0,0,0,0,0,0,0,0,0,0,0,0,0,0,0,0,0,0,0,0,0,0,0,0,0,0,0,0,0,0,0,0,0,0,0,0,0,0,0,0,0,0,0,0],[0,0,0,0,0,0,0,0,0,0,0,0,0,0,0,0,0,0,0,0,0,0,0,0,0,0,0,0,0,0,0,0,0,0,0,0,0,0,0,0,0,0,0,0,0,0,0,0,0,0,0,0,0,0,0,0,0,0,0,0,0,0,0,0,0,0,0,0,0,0],[0,0,0,0,0,0,0,0,0,0,0,0,0,0,0,0,0,0,0,0,0,0,0,0,0,0,0,0,0,0,0,0,0,0,0,0,0,0,0,0,0,0,0,0,0,0,0,0,0,0,0,0,0,0,0,0,0,0,0,0,0,0,0,0,0,0,0,0,0,0],[0,0,0,0,0,0,0,0,0,0,0,0,0,0,0,0,0,0,0,0,0,0,0,0,0,0,0,0,0,0,0,0,0,0,0,0,0,0,0,0,0,0,0,0,0,0,0,0,0,0,0,0,0,0,0,0,0,0,0,0,0,0,0,0,0,0,0,0,0,0],[0,0,0,0,0,0,0,0,0,0,0,0,0,0,0,0,0,0,0,0,0,0,0,0,0,0,0,0,0,0,0,0,0,0,0,0,0,0,0,0,0,0,0,0,0,0,0,0,0,0,0,0,0,0,0,0,0,0,0,0,0,0,0,0,0,0,0,0,0,0],[0,0,0,0,0,0,0,0,0,315,316,0,0,0,0,0,0,0,0,0,0,0,0,315,316,0,0,0,0,0,0,0,0,0,0,0,0,315,316,0,0,0,0,0,0,0,0,0,0,0,0,315,316,0,0,0,0,0,0,0,0,0,0,0,0,0,0,0,0,0],[0,0,0,0,0,0,0,0,0,379,380,53,54,55,56,57,58,47,48,49,50,51,52,379,380,53,54,55,56,57,58,53,54,55,56,57,58,379,380,53,54,55,56,57,58,53,54,55,56,57,58,379,380,0,0,0,0,0,0,0,0,0,0,0,0,0,0,0,0,0],[0,0,0,0,0,0,0,0,0,443,444,117,118,119,120,121,122,111,112,113,114,115,116,443,444,117,118,119,120,121,122,117,118,119,120,121,122,443,444,117,118,119,120,121,122,117,118,119,120,121,122,443,444,0,0,0,0,0,0,0,0,0,0,0,0,0,0,0,0,0],[0,0,0,0,0,0,0,0,0,507,508,47,48,49,50,51,52,53,54,55,56,57,58,507,508,53,54,55,56,57,58,53,54,55,56,57,58,507,508,53,54,55,56,57,58,47,48,49,50,51,52,507,508,0,0,0,0,0,0,0,0,0,0,0,0,0,0,0,0,0],[0,0,0,0,0,0,0,0,0,571,572,111,112,113,114,115,116,117,118,119,120,121,122,571,572,117,118,119,120,121,122,117,118,119,120,121,122,571,572,117,118,119,120,121,122,111,112,113,114,115,116,571,572,0,0,0,0,0,0,0,0,0,0,0,0,0,0,0,0,0],[0,0,0,0,0,0,0,0,0,443,444,59,60,61,62,63,64,53,54,55,56,57,58,443,444,53,54,55,56,57,58,59,60,61,62,63,64,443,444,53,54,55,56,57,58,53,54,55,56,57,58,443,444,0,0,0,0,0,0,0,0,0,0,0,0,0,0,0,0,0],[0,0,0,0,0,0,0,0,0,443,444,123,124,125,126,127,128,117,118,119,120,121,122,443,444,117,118,119,120,121,122,123,124,125,126,127,128,443,444,117,118,119,120,121,122,117,118,119,120,121,122,443,444,0,0,0,0,0,0,0,0,0,0,0,0,0,0,0,0,0],[407,0,0,0,0,0,0,0,0,507,508,53,54,55,56,57,58,53,54,55,56,57,58,507,508,53,54,55,56,57,58,53,54,55,56,57,58,507,508,53,54,55,56,57,58,47,48,49,50,51,52,507,508,0,0,0,0,0,0,0,0,0,0,0,0,0,0,0,0,0],[471,0,0,0,0,0,0,0,0,571,572,117,118,119,120,121,122,117,118,119,120,121,122,571,572,117,118,119,120,121,122,117,118,119,120,121,122,571,572,117,118,119,120,121,122,111,112,113,114,115,116,571,572,0,0,0,0,0,0,0,0,0,0,0,0,0,0,0,0,0],[471,0,0,0,0,0,0,0,0,443,444,59,60,61,62,63,64,53,54,55,56,57,58,443,444,53,54,55,56,57,58,53,54,55,56,57,58,443,444,53,54,55,56,57,58,59,60,61,62,63,64,443,444,0,0,0,0,0,0,0,0,0,0,0,0,0,0,0,0,0],[471,0,0,0,0,0,0,0,0,443,444,123,124,125,126,127,128,117,118,119,120,121,122,443,444,117,118,119,120,121,122,117,118,119,120,121,122,443,444,117,118,119,120,121,122,123,124,125,126,127,128,443,444,0,0,0,0,0,0,0,0,0,0,0,0,0,0,0,0,0],[471,0,0,0,0,0,0,0,0,507,508,59,60,61,62,63,64,53,54,55,56,57,58,507,508,53,54,55,56,57,58,53,54,55,56,57,58,507,508,53,54,55,56,57,58,53,54,55,56,57,58,507,508,0,0,0,0,0,0,0,0,0,0,0,0,0,0,0,0,0],[344,1306,0,0,0,0,0,0,0,571,572,123,124,125,126,127,128,117,118,119,120,121,122,571,572,117,118,119,120,121,122,117,118,119,120,121,122,571,572,117,118,119,120,121,122,117,118,119,120,121,122,571,572,0,0,0,0,0,0,0,0,0,0,0,0,0,0,0,0,0],[408,1370,1175,0,0,0,0,0,0,443,444,53,54,55,56,57,58,59,60,61,62,63,64,443,444,53,54,55,56,57,58,53,54,55,56,57,58,443,444,53,54,55,56,57,58,53,54,55,56,57,58,443,444,0,0,0,0,0,0,0,0,0,0,0,0,0,0,0,0,0],[472,1434,1239,0,0,0,0,0,0,443,444,117,118,119,120,121,122,123,124,125,126,127,128,443,444,117,118,119,120,121,122,117,118,119,120,121,122,443,444,117,118,119,120,121,122,117,118,119,120,121,122,443,444,0,0,0,0,0,0,0,0,0,0,0,0,0,0,0,0,0],[408,1370,1239,0,0,0,0,0,0,507,508,53,54,55,56,57,58,53,54,55,56,57,58,507,508,53,54,55,56,57,58,59,60,61,62,63,64,507,508,53,54,55,56,57,58,53,54,55,56,57,58,507,508,0,0,0,0,0,0,0,0,0,0,0,0,0,0,0,0,0],[472,1434,1239,0,0,0,0,0,0,571,572,117,118,119,120,121,122,117,118,119,120,121,122,571,572,117,118,119,120,121,122,123,124,125,126,127,128,571,572,117,118,119,120,121,122,117,118,119,120,121,122,571,572,0,0,0,0,0,0,0,0,0,0,0,0,0,0,0,0,0],[408,1370,1239,0,0,0,0,0,0,443,444,53,54,55,56,57,58,53,54,55,56,57,58,443,444,53,54,55,56,57,58,53,54,55,56,57,58,443,444,53,54,55,56,57,58,59,60,61,62,63,64,443,444,0,0,0,0,0,0,0,0,0,0,0,0,0,0,0,0,0],[472,1434,1303,0,0,0,0,0,0,443,444,117,118,119,120,121,122,117,118,119,120,121,122,443,444,117,118,119,120,121,122,117,118,119,120,121,122,443,444,117,118,119,120,121,122,123,124,125,126,127,128,443,444,0,0,0,0,0,0,0,0,0,0,0,0,0,0,0,0,0],[408,1370,1239,0,0,0,0,0,0,507,508,53,54,55,56,57,58,53,54,55,56,57,58,507,508,53,54,55,56,57,58,53,54,55,56,57,58,507,508,53,54,55,56,57,58,53,54,55,56,57,58,507,508,0,0,0,0,0,0,0,0,0,0,0,0,0,0,0,0,0],[472,1434,1239,0,0,0,0,0,0,571,572,117,118,119,120,121,122,117,118,119,120,121,122,571,572,117,118,119,120,121,122,117,118,119,120,121,122,571,572,117,118,119,120,121,122,117,118,119,120,121,122,571,572,0,0,0,0,0,0,0,0,0,0,0,0,0,0,0,0,0],[408,1370,1239,0,0,0,0,0,0,443,444,53,54,55,56,57,58,53,54,55,56,57,58,443,444,53,54,55,56,57,58,53,54,55,56,57,58,443,444,53,54,55,56,57,58,47,48,49,50,51,52,443,444,0,0,0,0,0,0,0,0,0,0,0,0,0,0,0,0,0],[472,1434,1239,0,0,0,0,0,0,443,444,117,118,119,120,121,122,117,118,119,120,121,122,443,444,117,118,119,120,121,122,117,118,119,120,121,122,443,444,117,118,119,120,121,122,111,112,113,114,115,116,443,444,0,0,0,0,0,0,0,0,0,0,0,0,0,0,0,0,0],[536,1370,1239,0,0,0,0,0,0,507,508,59,60,61,62,63,64,59,60,61,62,63,64,507,508,59,60,61,62,63,64,53,54,55,56,57,58,507,508,53,54,55,56,57,58,53,54,55,56,57,58,507,508,0,0,0,0,0,0,0,0,0,0,0,0,0,0,0,0,0],[600,1434,1303,0,0,0,0,0,0,571,572,123,124,125,126,127,128,123,124,125,126,127,128,571,572,123,124,125,126,127,128,117,118,119,120,121,122,571,572,117,118,119,120,121,122,117,118,119,120,121,122,571,572,0,0,0,0,0,0,0,0,0,0,0,0,0,0,0,0,0],[1368,1370,1239,0,0,0,0,0,0,443,444,53,54,55,56,57,58,53,54,55,56,57,58,443,444,53,54,55,56,57,58,59,60,61,62,63,64,443,444,53,54,55,56,57,58,53,54,55,56,57,58,443,444,0,0,0,0,0,0,0,0,0,0,0,0,0,0,0,0,0],[1432,1434,1239,0,0,0,0,0,0,443,444,117,118,119,120,121,122,117,118,119,120,121,122,443,444,117,118,119,120,121,122,123,124,125,126,127,128,443,444,117,118,119,120,121,122,117,118,119,120,121,122,443,444,0,0,0,0,0,0,0,0,0,0,0,0,0,0,0,0,0],[1496,1498,1239,0,0,0,0,0,0,507,508,59,60,61,62,63,64,47,48,49,50,51,52,507,508,47,48,49,50,51,52,47,48,49,50,51,52,507,508,47,48,49,50,51,52,53,54,55,56,57,58,507,508,0,0,0,0,0,0,0,0,0,0,0,0,0,0,0,0,0],[0,0,1303,0,0,0,0,0,0,571,572,123,124,125,126,127,128,111,112,113,114,115,116,571,572,111,112,113,114,115,116,111,112,113,114,115,116,571,572,111,112,113,114,115,116,117,118,119,120,121,122,571,572,0,0,0,0,0,0,0,0,0,0,0,0,0,0,0,0,0],[0,0,0,0,0,0,0,0,0,443,444,174,188,189,190,191,192,53,54,55,56,57,58,443,444,59,60,61,62,63,64,45,176,177,178,179,180,443,444,45,176,177,178,179,180,181,182,183,184,185,186,443,444,0,0,0,0,0,0,0,0,0,0,0,0,0,0,0,0,0],[0,0,0,0,0,0,0,0,0,635,636,238,252,253,254,255,256,117,118,119,120,121,122,635,636,123,124,125,126,127,128,109,240,241,242,243,244,635,636,109,240,241,242,243,244,245,246,247,248,249,250,635,636,0,0,0,0,0,0,0,0,0,0,0,0,0,0,0,0,0],[0,0,0,0,0,0,0,0,0,699,700,565,48,49,50,51,52,181,182,183,184,185,186,699,700,187,188,189,190,191,192,566,54,55,56,57,58,699,700,566,54,55,56,57,58,59,60,61,62,63,64,699,700,0,0,0,0,0,0,0,0,0,0,0,0,0,0,0,0,0],[0,0,0,0,0,0,0,0,0,317,318,629,112,113,114,115,116,245,246,247,248,249,250,319,320,251,252,253,254,255,256,630,118,119,120,121,122,319,320,630,118,119,120,121,122,123,124,125,126,127,128,319,320,0,0,0,0,0,0,0,0,0,0,0,0,0,0,0,0,0],[0,0,0,0,0,0,0,0,0,381,382,175,176,177,178,179,180,187,188,189,190,191,192,383,384,181,182,183,184,185,186,181,182,183,184,185,186,383,384,181,182,183,184,185,186,187,188,189,190,191,192,383,384,0,0,0,0,0,0,0,0,0,0,0,0,0,0,0,0,0],[0,0,0,0,0,0,0,0,0,445,446,239,240,241,242,243,244,251,252,253,254,255,256,447,448,245,246,247,248,249,250,245,246,247,248,249,250,447,448,245,246,247,248,249,250,251,252,253,254,255,256,447,448,0,0,0,0,0,0,0,0,0,0,0,0,0,0,0,0,0],[0,0,0,0,0,0,0,0,0,509,510,175,176,177,178,179,180,181,182,183,184,185,186,511,512,175,176,177,178,179,180,187,188,189,190,191,192,511,512,175,176,177,178,179,180,187,188,189,190,191,192,511,512,0,0,0,0,0,0,0,0,0,0,0,0,0,0,0,0,0],[0,0,0,0,0,0,0,0,0,573,574,239,240,241,242,243,244,245,246,247,248,249,250,575,576,239,240,241,242,243,244,251,252,253,254,255,256,575,576,239,240,241,242,243,244,251,252,253,254,255,256,575,576,0,0,0,0,0,0,0,0,0,0,0,0,0,0,0,0,0],[0,0,0,0,0,0,0,0,0,637,638,181,182,183,184,185,186,187,188,189,190,191,192,639,640,181,182,183,184,185,186,175,176,177,178,179,180,639,640,181,182,183,184,185,186,181,182,183,184,185,186,639,640,0,0,0,0,0,0,0,0,0,0,0,0,0,0,0,0,0],[0,0,0,0,0,0,0,0,0,701,702,245,246,247,248,249,250,251,252,253,254,255,256,703,704,245,246,247,248,249,250,239,240,241,242,243,244,703,704,245,246,247,248,249,250,245,246,247,248,249,250,703,704,0,0,0,0,0,0,0,0,0,0,0,0,0,0,0,0,0],[0,0,0,0,0,0,0,0,0,765,766,175,176,177,178,179,180,181,182,183,184,185,186,767,768,187,188,189,190,191,192,175,176,177,178,179,180,767,768,175,176,177,178,179,180,187,188,189,190,191,192,767,768,0,0,0,0,0,0,0,0,0,0,0,0,0,0,0,0,0],[0,0,0,0,0,0,0,0,0,313,314,239,240,241,242,243,244,245,246,247,248,249,250,831,832,251,252,253,254,255,256,239,240,241,242,243,244,831,832,239,240,241,242,243,244,251,252,253,254,255,256,831,832,0,0,0,0,0,0,0,0,0,0,0,0,0,0,0,0,0],[0,0,0,0,0,0,0,0,0,377,312,372,373,374,374,374,374,374,374,374,374,375,376,311,312,372,373,374,374,374,374,374,374,374,374,375,376,311,312,372,373,374,374,374,374,374,374,374,374,375,376,311,378,0,0,0,0,0,0,0,0,0,0,0,0,0,0,0,0,0],[0,0,0,0,0,0,0,0,0,441,442,436,0,0,0,0,0,0,0,0,0,0,440,441,442,436,0,0,0,0,0,0,0,0,0,0,440,441,442,436,0,0,0,0,0,0,0,0,0,0,440,441,442,0,0,0,0,0,0,0,0,0,0,0,0,0,0,0,0,0],[0,0,0,0,0,0,0,0,0,505,506,0,0,0,0,1758,0,0,0,0,0,0,0,505,506,0,0,0,0,0,0,0,0,0,0,0,0,505,506,0,0,0,0,0,0,0,0,0,0,0,0,505,506,0,0,0,0,0,0,0,0,0,0,0,0,0,0,0,0,0],[0,0,0,0,0,0,0,0,0,569,570,0,0,0,0,0,0,0,0,0,0,0,0,569,570,0,0,0,0,0,0,0,0,0,0,0,0,569,570,0,0,0,0,0,0,0,0,0,0,0,0,569,570,0,0,0,0,0,0,0,0,0,0,0,0,0,0,0,0,0],[0,0,0,0,0,0,0,0,0,0,0,0,0,0,0,0,0,0,0,0,0,0,0,0,0,0,0,0,0,0,0,0,0,0,0,0,0,0,0,0,0,0,0,0,0,0,0,0,0,0,0,0,0,0,0,0,0,0,0,0,0,0,0,0,0,0,0,0,0,0],[0,0,0,0,0,0,0,0,0,0,0,0,0,0,0,0,0,0,0,0,0,0,0,0,0,0,0,0,0,0,0,0,0,0,0,0,0,0,0,0,0,0,0,0,0,0,0,0,0,0,0,0,0,0,0,0,0,0,0,0,0,0,0,0,0,0,0,0,0,0],[0,0,0,0,0,0,0,0,0,0,0,0,0,0,0,0,0,0,0,0,0,0,0,0,0,0,0,0,0,0,0,0,0,0,0,0,0,0,0,0,0,0,0,0,0,0,0,0,0,0,0,0,0,0,0,0,0,0,0,0,0,0,0,0,0,0,0,0,0,0],[0,0,0,0,0,0,0,0,0,0,0,0,0,0,0,0,0,0,0,0,0,0,0,0,0,0,0,0,0,0,0,0,0,0,0,0,0,0,0,0,0,0,0,0,0,0,0,0,0,0,0,0,0,0,0,0,0,0,0,0,0,0,0,0,0,0,0,0,0,0],[0,0,0,0,0,0,0,0,0,0,0,0,0,0,0,0,0,0,0,0,0,0,0,0,0,0,0,0,0,0,0,0,0,0,0,0,0,0,0,0,0,0,0,0,0,0,0,0,0,0,0,0,0,0,0,0,0,0,0,0,0,0,0,0,0,0,0,0,0,0],[0,0,0,0,0,0,0,0,0,0,0,0,0,0,0,0,0,0,0,0,0,0,0,0,0,0,0,0,0,0,0,0,0,0,0,0,0,0,0,0,0,0,0,0,0,0,0,0,0,0,0,0,0,0,0,0,0,0,0,0,0,0,0,0,0,0,0,0,0,0],[0,0,0,0,0,0,0,0,0,0,0,0,0,0,0,0,0,0,0,0,0,0,0,0,0,0,0,0,0,0,0,0,0,0,0,0,0,0,0,0,0,0,0,0,0,0,0,0,0,0,0,0,0,0,0,0,0,0,0,0,0,0,0,0,0,0,0,0,0,0],[0,0,0,0,0,0,0,0,0,0,0,0,0,0,0,0,0,0,0,0,0,0,0,0,0,0,0,0,0,0,0,0,0,0,0,0,0,0,0,0,0,0,0,0,0,0,0,0,0,0,0,0,0,0,0,0,0,0,0,0,0,0,0,0,0,0,0,0,0,0],[0,0,0,0,0,0,0,0,0,0,0,0,0,0,0,0,0,0,0,0,0,0,0,0,0,0,0,0,0,0,0,0,0,0,0,0,0,0,0,0,0,0,0,0,0,0,0,0,0,0,0,0,0,0,0,0,0,0,0,0,0,0,0,0,0,0,0,0,0,0],[0,0,0,0,0,0,0,0,0,0,0,0,0,0,0,0,0,0,0,0,0,0,0,0,0,0,0,0,0,0,0,0,0,0,0,0,0,0,0,0,0,0,0,0,0,0,0,0,0,0,0,0,0,0,0,0,0,0,0,0,0,0,0,0,0,0,0,0,0,0],[0,0,0,0,0,0,0,0,0,0,0,0,0,0,0,0,0,0,0,0,0,0,0,0,0,0,0,0,0,0,0,0,0,0,0,0,0,0,0,0,0,0,0,0,0,0,0,0,0,0,0,0,0,0,0,0,0,0,0,0,0,0,0,0,0,0,0,0,0,0],[0,0,0,0,0,0,0,0,0,0,0,0,0,0,0,0,0,0,0,0,0,0,0,0,0,0,0,0,0,0,0,0,0,0,0,0,0,0,0,0,0,0,0,0,0,0,0,0,0,0,0,0,0,0,0,0,0,0,0,0,0,0,0,0,0,0,0,0,0,0],[0,0,0,0,0,0,0,0,0,0,0,0,0,0,0,0,0,0,0,0,0,0,0,0,0,0,0,0,0,0,0,0,0,0,0,0,0,0,0,0,0,0,0,0,0,0,0,0,0,0,0,0,0,0,0,0,0,0,0,0,0,0,0,0,0,0,0,0,0,0],[0,0,0,0,0,0,0,0,0,0,0,0,0,0,0,0,0,0,0,0,0,0,0,0,0,0,0,0,0,0,0,0,0,0,0,0,0,0,0,0,0,0,0,0,0,0,0,0,0,0,0,0,0,0,0,0,0,0,0,0,0,0,0,0,0,0,0,0,0,0],[0,0,0,0,0,0,0,0,0,0,0,0,0,0,0,0,0,0,0,0,0,0,0,0,0,0,0,0,0,0,0,0,0,0,0,0,0,0,0,0,0,0,0,0,0,0,0,0,0,0,0,0,0,0,0,0,0,0,0,0,0,0,0,0,0,0,0,0,0,0],[0,0,0,0,0,0,0,0,0,0,0,0,0,0,0,0,0,0,0,0,0,0,0,0,0,0,0,0,0,0,0,0,0,0,0,0,0,0,0,0,0,0,0,0,0,0,0,0,0,0,0,0,0,0,0,0,0,0,0,0,0,0,0,0,0,0,0,0,0,0],[0,0,0,0,0,0,0,0,0,0,0,0,0,0,0,0,0,0,0,0,0,0,0,0,0,0,0,0,0,0,0,0,0,0,0,0,0,0,0,0,0,0,0,0,0,0,0,0,0,0,0,0,0,0,0,0,0,0,0,0,0,0,0,0,0,0,0,0,0,0],[0,0,0,0,0,0,0,0,0,0,0,0,0,0,0,0,0,0,0,0,0,0,0,0,0,0,0,0,0,0,0,0,0,0,0,0,0,0,0,0,0,0,0,0,0,0,0,0,0,0,0,0,0,0,0,0,0,0,0,0,0,0,0,0,0,0,0,0,0,0],[0,0,0,0,0,0,0,0,0,0,0,0,0,0,0,0,0,0,0,0,0,0,0,0,0,0,0,0,0,0,0,0,0,0,0,0,0,0,0,0,0,0,0,0,0,0,0,0,0,0,0,0,0,0,0,0,0,0,0,0,0,0,0,0,0,0,0,0,0,0],[0,0,0,0,0,0,0,0,0,0,0,0,0,0,0,0,0,0,0,0,0,0,0,0,0,0,0,0,0,0,0,0,0,0,0,0,0,0,0,0,0,0,0,0,0,0,0,0,0,0,0,0,0,0,0,0,0,0,0,0,0,0,0,0,0,0,0,0,0,0],[0,0,0,0,0,0,0,0,0,0,0,0,0,0,0,0,0,0,0,0,0,0,0,0,0,0,0,0,0,0,0,0,0,0,0,0,0,0,0,0,0,0,0,0,0,0,0,0,0,0,0,0,0,0,0,0,0,0,0,0,0,0,0,0,0,0,0,0,0,0],[0,0,0,0,0,0,0,0,0,0,0,0,0,0,0,0,0,0,0,0,0,0,0,0,0,0,0,0,0,0,0,0,0,0,0,0,0,0,0,0,0,0,0,0,0,0,0,0,0,0,0,0,0,0,0,0,0,0,0,0,0,0,0,0,0,0,0,0,0,0],[0,0,0,0,0,0,0,0,0,0,0,0,0,0,0,0,0,0,0,0,0,0,0,0,0,0,0,0,0,0,0,0,0,0,0,0,0,0,0,0,0,0,0,0,0,0,0,0,0,0,0,0,0,0,0,0,0,0,0,0,0,0,0,0,0,0,0,0,0,0],[0,0,0,0,0,0,0,0,0,0,0,0,0,0,0,0,0,0,0,0,0,0,0,0,0,0,0,0,0,0,0,0,0,0,0,0,0,0,0,0,0,0,0,0,0,0,0,0,0,0,0,0,0,0,0,0,0,0,0,0,0,0,0,0,0,0,0,0,0,0]]},{"id":2,"type":"Collision","name":"coll","level":"1","width":70,"height":90,"visible":1,"tilesetName":"media\/map\/collisiontiles-16x16.png","repeat":false,"distance":"1","tilesize":16,"moveSpeed":{"x":0,"y":0},"data":[[0,0,0,0,0,0,0,0,0,0,0,0,0,0,0,0,0,0,0,0,0,0,0,0,0,0,0,0,0,0,0,0,0,0,0,0,0,0,0,0,0,0,0,0,0,0,0,0,0,0,0,0,0,0,0,0,0,0,0,0,0,0,0,0,0,0,0,0,0,0],[0,0,0,0,0,0,0,0,0,0,0,0,0,0,0,0,0,0,0,0,0,0,0,0,0,0,0,0,0,0,0,0,0,0,0,0,0,0,0,0,0,0,0,0,0,0,0,0,0,0,0,0,0,0,0,0,0,0,0,0,0,0,0,0,0,0,0,0,0,0],[1,1,1,1,1,1,1,1,1,1,1,1,1,1,1,0,0,0,0,0,0,0,0,0,0,0,0,0,0,0,0,0,0,0,0,0,0,0,0,0,0,0,0,0,0,0,0,0,0,0,0,0,0,0,0,0,0,0,0,0,0,0,0,0,0,0,0,0,0,0],[0,0,0,0,0,0,0,0,0,0,0,0,0,0,0,0,0,0,0,0,0,0,0,0,0,0,0,0,0,0,0,0,0,0,0,0,0,0,0,0,0,0,0,0,0,0,0,0,0,0,0,0,0,0,0,0,0,0,0,0,0,0,0,0,0,0,0,0,0,0],[0,0,0,0,0,0,0,0,0,0,0,0,0,0,0,0,0,0,0,0,0,0,0,0,0,0,0,0,0,0,0,0,0,0,0,0,0,0,0,0,0,0,0,0,0,0,0,0,0,0,0,0,0,0,0,0,0,0,0,0,0,0,0,0,0,0,0,0,0,0],[0,0,0,0,0,0,0,0,0,0,0,0,0,0,0,0,0,0,0,0,0,0,0,0,0,0,0,0,0,0,0,0,0,0,0,0,0,0,0,0,0,0,0,0,0,0,0,0,0,0,0,0,0,0,0,0,0,0,0,0,0,0,0,0,0,0,0,0,0,0],[0,0,0,0,0,0,0,0,0,0,0,0,0,0,0,0,0,0,0,0,0,0,0,0,0,0,0,0,0,0,0,0,0,0,0,0,0,0,0,0,0,0,0,0,0,0,0,0,0,0,0,0,0,0,0,0,0,0,0,0,0,0,0,0,0,0,0,0,0,0],[0,0,0,0,0,0,0,0,0,0,0,0,0,0,0,0,0,0,0,0,0,0,0,0,0,0,0,0,0,0,0,0,0,0,0,0,0,0,0,0,0,0,0,0,0,0,0,0,0,0,0,0,0,0,0,0,0,0,0,0,0,0,0,0,0,0,0,0,0,0],[0,0,0,0,0,0,0,0,0,0,0,0,0,0,0,0,0,0,0,0,0,0,0,0,0,0,0,0,0,0,0,0,0,0,0,0,0,0,0,0,0,0,0,0,0,0,0,0,0,0,0,0,0,0,0,0,0,0,0,0,0,0,0,0,0,0,0,0,0,0],[0,0,0,0,0,0,0,0,0,0,0,0,0,0,0,0,0,0,0,0,0,0,0,0,0,0,0,0,0,0,0,0,0,0,0,0,0,0,0,0,0,0,0,0,0,0,0,0,0,0,0,0,0,0,0,0,0,0,0,0,0,0,0,0,0,0,0,0,0,0],[0,0,0,0,0,0,0,0,0,0,0,0,0,0,0,0,0,0,0,0,0,0,0,0,0,0,0,0,0,0,0,0,0,0,0,0,0,0,0,0,0,0,0,0,0,0,0,0,0,0,0,0,0,0,0,0,0,0,0,0,0,0,0,0,0,0,0,0,0,0],[0,0,0,0,0,0,0,0,0,0,0,0,0,0,0,0,0,0,0,0,0,0,0,0,0,0,0,0,0,0,0,0,0,0,0,0,0,0,0,0,0,0,0,0,0,0,0,0,0,0,0,0,0,0,0,0,0,0,0,0,0,0,0,0,0,0,0,0,0,0],[0,0,0,0,0,0,0,0,0,0,0,0,0,0,0,0,0,0,0,0,0,0,0,0,0,0,0,0,0,0,0,0,0,0,0,0,0,0,0,0,0,0,0,0,0,0,0,0,0,0,0,0,0,0,0,0,0,0,0,0,0,0,0,0,0,0,0,0,0,0],[0,0,0,0,0,0,0,0,0,0,0,0,0,0,0,0,0,0,0,0,0,0,0,0,0,0,0,0,0,0,0,0,0,0,0,0,0,0,0,0,0,0,0,0,0,0,0,0,0,0,0,0,0,0,0,0,0,0,0,0,0,0,0,0,0,0,0,0,0,0],[0,0,0,0,0,0,0,0,0,0,0,0,0,0,0,0,0,0,0,0,0,0,0,0,0,0,0,0,0,0,0,0,0,0,0,0,0,0,0,0,0,0,0,0,0,0,0,0,0,0,0,0,0,0,0,0,0,0,0,0,0,0,0,0,0,0,0,0,0,0],[0,0,0,0,0,0,0,0,0,0,0,0,0,0,0,0,0,0,0,0,0,0,0,0,0,0,0,0,0,0,0,0,0,0,0,0,0,0,0,0,0,0,0,0,0,0,0,0,0,0,0,0,0,0,0,0,0,0,0,0,0,0,0,0,0,0,0,0,0,0],[0,0,0,0,0,0,0,0,0,0,0,0,0,0,0,0,0,0,0,0,0,0,0,0,0,0,0,0,0,0,0,0,0,0,0,0,0,0,0,0,0,0,0,0,0,0,0,0,0,0,0,0,0,0,0,0,0,0,0,0,0,0,0,0,0,0,0,0,0,0],[0,0,0,0,0,0,0,0,0,0,0,0,0,0,0,0,0,0,0,0,0,0,0,0,0,0,0,0,0,0,0,0,0,0,0,0,0,0,0,0,0,0,0,0,0,0,0,0,0,0,0,0,0,0,0,0,0,0,0,0,0,0,0,0,0,0,0,0,0,0],[0,0,0,0,0,0,0,0,0,0,0,0,0,0,0,0,0,0,0,0,0,0,0,0,0,0,0,0,0,0,0,0,0,0,0,0,0,0,0,0,0,0,0,0,0,0,0,0,0,0,0,0,0,0,0,0,0,0,0,0,0,0,0,0,0,0,0,0,0,0],[0,0,0,0,0,0,0,0,0,0,0,0,0,0,0,0,0,0,0,0,0,0,0,0,0,0,0,0,0,0,0,0,0,0,0,0,0,0,0,0,0,0,0,0,0,0,0,0,0,0,0,0,0,0,0,0,0,0,0,0,0,0,0,0,0,0,0,0,0,0],[0,0,0,0,0,0,0,0,0,0,0,0,0,0,0,0,0,0,0,0,0,0,0,0,0,0,0,0,0,0,0,0,0,0,0,0,0,0,0,0,0,0,0,0,0,0,0,0,0,0,0,0,0,0,0,0,0,0,0,0,0,0,0,0,0,0,0,0,0,0],[0,0,0,0,0,0,0,0,0,1,1,0,0,0,0,0,0,0,0,0,0,0,0,1,1,0,0,0,0,0,0,0,0,0,0,0,0,1,1,0,0,0,0,0,0,0,0,0,0,0,0,1,1,0,0,0,0,0,0,0,0,0,0,0,0,0,0,0,0,0],[0,0,0,0,0,0,0,0,0,0,0,0,0,0,0,0,0,0,0,0,0,0,0,0,0,0,0,0,0,0,0,0,0,0,0,0,0,0,0,0,0,0,0,0,0,0,0,0,0,0,0,0,0,0,0,0,0,0,0,0,0,0,0,0,0,0,0,0,0,0],[0,0,0,0,0,0,0,0,0,0,0,2,2,2,2,2,2,2,2,2,2,2,2,2,2,2,2,2,2,2,2,2,2,2,2,2,2,2,2,2,2,2,2,2,2,2,2,2,2,2,2,0,0,0,0,0,0,0,0,0,0,0,0,0,0,0,0,0,0,0],[0,0,0,0,0,0,0,0,0,0,0,2,0,0,0,0,0,0,0,0,0,0,0,0,0,0,0,0,0,0,0,0,0,0,0,0,0,0,0,0,0,0,0,0,0,0,0,0,0,0,2,0,0,0,0,0,0,0,0,0,0,0,0,0,0,0,0,0,0,0],[0,0,0,0,0,0,0,0,0,0,0,2,0,0,0,0,0,0,0,0,0,0,0,0,0,0,0,0,0,0,0,0,0,0,0,0,0,0,0,0,0,0,0,0,0,0,0,0,0,0,2,0,0,0,0,0,0,0,0,0,0,0,0,0,0,0,0,0,0,0],[0,0,0,0,0,0,0,0,0,0,0,2,0,0,0,0,0,0,0,0,0,0,0,0,0,0,0,0,0,0,0,0,0,0,0,0,0,0,0,0,0,0,0,0,0,0,0,0,0,0,2,0,0,0,0,0,0,0,0,0,0,0,0,0,0,0,0,0,0,0],[0,0,0,0,0,0,0,0,0,0,0,2,0,0,0,0,0,0,0,0,0,0,0,0,0,0,0,0,0,0,0,0,0,0,0,0,0,0,0,0,0,0,0,0,0,0,0,0,0,0,2,0,0,0,0,0,0,0,0,0,0,0,0,0,0,0,0,0,0,0],[1,0,0,0,0,0,0,0,0,0,0,2,0,0,0,0,0,0,0,0,0,0,0,0,0,0,0,0,0,0,0,0,0,0,0,0,0,0,0,0,0,0,0,0,0,0,0,0,0,0,2,0,0,0,0,0,0,0,0,0,0,0,0,0,0,0,0,0,0,0],[1,0,0,0,0,0,0,0,0,0,0,2,0,0,0,0,0,0,0,0,0,0,0,0,0,0,0,0,0,0,0,0,0,0,0,0,0,0,0,0,0,0,0,0,0,0,0,0,0,0,2,0,0,0,0,0,0,0,0,0,0,0,0,0,0,0,0,0,0,0],[1,0,0,0,0,0,0,0,0,0,0,2,0,0,0,0,0,0,0,0,0,0,0,0,0,0,0,0,0,0,0,0,0,0,0,0,0,0,0,0,0,0,0,0,0,0,0,0,0,0,2,0,0,0,0,0,0,0,0,0,0,0,0,0,0,0,0,0,0,0],[1,0,0,0,0,0,0,0,0,0,0,2,0,0,0,0,0,0,0,0,0,0,0,0,0,0,0,0,0,0,0,0,0,0,0,0,0,0,0,0,0,0,0,0,0,0,0,0,0,0,2,0,0,0,0,0,0,0,0,0,0,0,0,0,0,0,0,0,0,0],[1,0,0,0,0,0,0,0,0,0,0,2,0,0,0,0,0,0,0,0,0,0,0,0,0,0,0,0,0,0,0,0,0,0,0,0,0,0,0,0,0,0,0,0,0,0,0,0,0,0,2,0,0,0,0,0,0,0,0,0,0,0,0,0,0,0,0,0,0,0],[1,0,0,0,0,0,0,0,0,0,0,2,0,0,0,0,0,0,0,0,0,0,0,0,0,0,0,0,0,0,0,0,0,0,0,0,0,0,0,0,0,0,0,0,0,0,0,0,0,0,2,0,0,0,0,0,0,0,0,0,0,0,0,0,0,0,0,0,0,0],[1,0,0,0,0,0,0,0,0,0,0,2,0,0,0,0,0,0,0,0,0,0,0,0,0,0,0,0,0,0,0,0,0,0,0,0,0,0,0,0,0,0,0,0,0,0,0,0,0,0,2,0,0,0,0,0,0,0,0,0,0,0,0,0,0,0,0,0,0,0],[1,0,0,0,0,0,0,0,0,0,0,2,0,0,0,0,0,0,0,0,0,0,0,0,0,0,0,0,0,0,0,0,0,0,0,0,0,0,0,0,0,0,0,0,0,0,0,0,0,0,2,0,0,0,0,0,0,0,0,0,0,0,0,0,0,0,0,0,0,0],[1,0,0,0,0,0,0,0,0,0,0,2,0,0,0,0,0,0,0,0,0,0,0,0,0,0,0,0,0,0,0,0,0,0,0,0,0,0,0,0,0,0,0,0,0,0,0,0,0,0,2,0,0,0,0,0,0,0,0,0,0,0,0,0,0,0,0,0,0,0],[1,0,0,0,0,0,0,0,0,0,0,2,0,0,0,0,0,0,0,0,0,0,0,0,0,0,0,0,0,0,0,0,0,0,0,0,0,0,0,0,0,0,0,0,0,0,0,0,0,0,2,0,0,0,0,0,0,0,0,0,0,0,0,0,0,0,0,0,0,0],[1,0,0,0,0,0,0,0,0,0,0,2,0,0,0,0,0,0,0,0,0,0,0,0,0,0,0,0,0,0,0,0,0,0,0,0,0,0,0,0,0,0,0,0,0,0,0,0,0,0,2,0,0,0,0,0,0,0,0,0,0,0,0,0,0,0,0,0,0,0],[1,0,0,0,0,0,0,0,0,0,0,2,0,0,0,0,0,0,0,0,0,0,0,0,0,0,0,0,0,0,0,0,0,0,0,0,0,0,0,0,0,0,0,0,0,0,0,0,0,0,2,0,0,0,0,0,0,0,0,0,0,0,0,0,0,0,0,0,0,0],[1,0,0,0,0,0,0,0,0,0,0,2,0,0,0,0,0,0,0,0,0,0,0,0,0,0,0,0,0,0,0,0,0,0,0,0,0,0,0,0,0,0,0,0,0,0,0,0,0,0,2,0,0,0,0,0,0,0,0,0,0,0,0,0,0,0,0,0,0,0],[1,0,0,0,0,0,0,0,0,0,0,2,0,0,0,0,0,0,0,0,0,0,0,0,0,0,0,0,0,0,0,0,0,0,0,0,0,0,0,0,0,0,0,0,0,0,0,0,0,0,2,0,0,0,0,0,0,0,0,0,0,0,0,0,0,0,0,0,0,0],[1,0,0,0,0,0,0,0,0,0,0,2,0,0,0,0,0,0,0,0,0,0,0,0,0,0,0,0,0,0,0,0,0,0,0,0,0,0,0,0,0,0,0,0,0,0,0,0,0,0,2,0,0,0,0,0,0,0,0,0,0,0,0,0,0,0,0,0,0,0],[1,0,0,0,0,0,0,0,0,0,0,2,0,0,0,0,0,0,0,0,0,0,0,0,0,0,0,0,0,0,0,0,0,0,0,0,0,0,0,0,0,0,0,0,0,0,0,0,0,0,2,0,0,0,0,0,0,0,0,0,0,0,0,0,0,0,0,0,0,0],[1,0,0,0,0,0,0,0,0,0,0,2,0,0,0,0,0,0,0,0,0,0,0,0,0,0,0,0,0,0,0,0,0,0,0,0,0,0,0,0,0,0,0,0,0,0,0,0,0,0,2,0,0,0,0,0,0,0,0,0,0,0,0,0,0,0,0,0,0,0],[1,0,0,0,0,0,0,0,0,0,0,2,0,0,0,0,0,0,0,0,0,0,0,0,0,0,0,0,0,0,0,0,0,0,0,0,0,0,0,0,0,0,0,0,0,0,0,0,0,0,2,0,0,0,0,0,0,0,0,0,0,0,0,0,0,0,0,0,0,0],[0,0,0,0,0,0,0,0,0,0,0,2,0,0,0,0,0,0,0,0,0,0,0,0,0,0,0,0,0,0,0,0,0,0,0,0,0,0,0,0,0,0,0,0,0,0,0,0,0,0,2,0,0,0,0,0,0,0,0,0,0,0,0,0,0,0,0,0,0,0],[0,0,0,0,0,0,0,0,0,0,0,2,0,0,0,0,0,0,0,0,0,0,0,0,0,0,0,0,0,0,0,0,0,0,0,0,0,0,0,0,0,0,0,0,0,0,0,0,0,0,2,0,0,0,0,0,0,0,0,0,0,0,0,0,0,0,0,0,0,0],[0,0,0,0,0,0,0,0,0,0,0,2,0,0,0,0,0,0,0,0,0,0,0,0,0,0,0,0,0,0,0,0,0,0,0,0,0,0,0,0,0,0,0,0,0,0,0,0,0,0,2,0,0,0,0,0,0,0,0,0,0,0,0,0,0,0,0,0,0,0],[0,0,0,0,0,0,0,0,0,0,0,2,2,2,2,2,2,2,2,2,2,2,2,2,2,2,2,2,2,2,2,2,2,2,2,2,2,2,2,2,2,2,2,2,2,2,2,2,2,2,2,0,0,0,0,0,0,0,0,0,0,0,0,0,0,0,0,0,0,0],[0,0,0,0,0,0,0,0,0,0,0,1,1,1,1,1,1,0,0,0,0,0,0,0,0,0,0,0,0,0,0,1,1,1,1,1,1,0,0,1,1,1,1,1,1,0,0,0,0,0,0,0,0,0,0,0,0,0,0,0,0,0,0,0,0,0,0,0,0,0],[0,0,0,0,0,0,0,0,0,0,0,1,1,1,1,1,1,0,0,0,0,0,0,0,0,0,0,0,0,0,0,1,1,1,1,1,1,0,0,1,1,1,1,1,1,0,0,0,0,0,0,0,0,0,0,0,0,0,0,0,0,0,0,0,0,0,0,0,0,0],[0,0,0,0,0,0,0,0,0,1,1,0,0,0,0,0,0,1,1,1,1,1,1,1,1,1,1,1,1,1,1,0,0,0,0,0,0,1,1,0,0,0,0,0,0,0,0,0,0,0,0,1,1,0,0,0,0,0,0,0,0,0,0,0,0,0,0,0,0,0],[0,0,0,0,0,0,0,0,0,1,1,0,0,0,0,0,0,1,1,1,1,1,1,1,1,1,1,1,1,1,1,0,0,0,0,0,0,1,1,0,0,0,0,0,0,0,0,0,0,0,0,1,1,0,0,0,0,0,0,0,0,0,0,0,0,0,0,0,0,0],[0,0,0,0,0,0,0,0,0,1,1,1,1,1,1,1,1,1,1,1,1,1,1,1,1,1,1,1,1,1,1,1,1,1,1,1,1,1,1,1,1,1,1,1,1,1,1,1,1,1,1,1,1,0,0,0,0,0,0,0,0,0,0,0,0,0,0,0,0,0],[0,0,0,0,0,0,0,0,0,1,1,1,1,1,1,1,1,1,1,1,1,1,1,1,1,1,1,1,1,1,1,1,1,1,1,1,1,1,1,1,1,1,1,1,1,1,1,1,1,1,1,1,1,0,0,0,0,0,0,0,0,0,0,0,0,0,0,0,0,0],[0,0,0,0,0,0,0,0,0,1,1,1,1,1,1,1,1,1,1,1,1,1,1,1,1,1,1,1,1,1,1,1,1,1,1,1,1,1,1,1,1,1,1,1,1,1,1,1,1,1,1,1,1,0,0,0,0,0,0,0,0,0,0,0,0,0,0,0,0,0],[0,0,0,0,0,0,0,0,0,1,1,1,1,1,1,1,1,1,1,1,1,1,1,1,1,1,1,1,1,1,1,1,1,1,1,1,1,1,1,1,1,1,1,1,1,1,1,1,1,1,1,1,1,0,0,0,0,0,0,0,0,0,0,0,0,0,0,0,0,0],[0,0,0,0,0,0,0,0,0,1,1,1,1,1,1,1,1,1,1,1,1,1,1,1,1,1,1,1,1,1,1,1,1,1,1,1,1,1,1,1,1,1,1,1,1,1,1,1,1,1,1,1,1,0,0,0,0,0,0,0,0,0,0,0,0,0,0,0,0,0],[0,0,0,0,0,0,0,0,0,1,1,1,1,1,1,1,1,1,1,1,1,1,1,1,1,1,1,1,1,1,1,1,1,1,1,1,1,1,1,1,1,1,1,1,1,1,1,1,1,1,1,1,1,0,0,0,0,0,0,0,0,0,0,0,0,0,0,0,0,0],[0,0,0,0,0,0,0,0,0,1,1,1,1,1,1,1,1,1,1,1,1,1,1,1,1,1,1,1,1,1,1,1,1,1,1,1,1,1,1,1,1,1,1,1,1,1,1,1,1,1,1,1,1,0,0,0,0,0,0,0,0,0,0,0,0,0,0,0,0,0],[0,0,0,0,0,0,0,0,0,1,1,1,1,1,1,1,1,1,1,1,1,1,1,1,1,1,1,1,1,1,1,1,1,1,1,1,1,1,1,1,1,1,1,1,1,1,1,1,1,1,1,1,1,0,0,0,0,0,0,0,0,0,0,0,0,0,0,0,0,0],[0,0,0,0,0,0,0,0,0,1,1,1,1,1,1,1,1,1,1,1,1,1,1,1,1,1,1,1,1,1,1,1,1,1,1,1,1,1,1,1,1,1,1,1,1,1,1,1,1,1,1,1,1,0,0,0,0,0,0,0,0,0,0,0,0,0,0,0,0,0],[0,0,0,0,0,0,0,0,0,1,1,1,1,1,1,1,1,1,1,1,1,1,1,1,1,1,1,1,1,1,1,1,1,1,1,1,1,1,1,1,1,1,1,1,1,1,1,1,1,1,1,1,1,0,0,0,0,0,0,0,0,0,0,0,0,0,0,0,0,0],[0,0,0,0,0,0,0,0,0,1,1,0,0,0,0,0,0,0,0,0,0,0,0,1,1,0,0,0,0,0,0,0,0,0,0,0,0,1,1,0,0,0,0,0,0,0,0,0,0,0,0,1,1,0,0,0,0,0,0,0,0,0,0,0,0,0,0,0,0,0],[0,0,0,0,0,0,0,0,0,1,1,0,0,0,0,0,0,0,0,0,0,0,0,1,1,0,0,0,0,0,0,0,0,0,0,0,0,1,1,0,0,0,0,0,0,0,0,0,0,0,0,1,1,0,0,0,0,0,0,0,0,0,0,0,0,0,0,0,0,0],[0,0,0,0,0,0,0,0,0,0,0,0,0,0,0,0,0,0,0,0,0,0,0,0,0,0,0,0,0,0,0,0,0,0,0,0,0,0,0,0,0,0,0,0,0,0,0,0,0,0,0,0,0,0,0,0,0,0,0,0,0,0,0,0,0,0,0,0,0,0],[0,0,0,0,0,0,0,0,0,0,0,0,0,0,0,0,0,0,0,0,0,0,0,0,0,0,0,0,0,0,0,0,0,0,0,0,0,0,0,0,0,0,0,0,0,0,0,0,0,0,0,0,0,0,0,0,0,0,0,0,0,0,0,0,0,0,0,0,0,0],[0,0,0,0,0,0,0,0,0,0,0,0,0,0,0,0,0,0,0,0,0,0,0,0,0,0,0,0,0,0,0,0,0,0,0,0,0,0,0,0,0,0,0,0,0,0,0,0,0,0,0,0,0,0,0,0,0,0,0,0,0,0,0,0,0,0,0,0,0,0],[0,0,0,0,0,0,0,0,0,0,0,0,0,0,0,0,0,0,0,0,0,0,0,0,0,0,0,0,0,0,0,0,0,0,0,0,0,0,0,0,0,0,0,0,0,0,0,0,0,0,0,0,0,0,0,0,0,0,0,0,0,0,0,0,0,0,0,0,0,0],[0,0,0,0,0,0,0,0,0,0,0,0,0,0,0,0,0,0,0,0,0,0,0,0,0,0,0,0,0,0,0,0,0,0,0,0,0,0,0,0,0,0,0,0,0,0,0,0,0,0,0,0,0,0,0,0,0,0,0,0,0,0,0,0,0,0,0,0,0,0],[0,0,0,0,0,0,0,0,0,0,0,0,0,0,0,0,0,0,0,0,0,0,0,0,0,0,0,0,0,0,0,0,0,0,0,0,0,0,0,0,0,0,0,0,0,0,0,0,0,0,0,0,0,0,0,0,0,0,0,0,0,0,0,0,0,0,0,0,0,0],[0,0,0,0,0,0,0,0,0,0,0,0,0,0,0,0,0,0,0,0,0,0,0,0,0,0,0,0,0,0,0,0,0,0,0,0,0,0,0,0,0,0,0,0,0,0,0,0,0,0,0,0,0,0,0,0,0,0,0,0,0,0,0,0,0,0,0,0,0,0],[0,0,0,0,0,0,0,0,0,0,0,0,0,0,0,0,0,0,0,0,0,0,0,0,0,0,0,0,0,0,0,0,0,0,0,0,0,0,0,0,0,0,0,0,0,0,0,0,0,0,0,0,0,0,0,0,0,0,0,0,0,0,0,0,0,0,0,0,0,0],[0,0,0,0,0,0,0,0,0,0,0,0,0,0,0,0,0,0,0,0,0,0,0,0,0,0,0,0,0,0,0,0,0,0,0,0,0,0,0,0,0,0,0,0,0,0,0,0,0,0,0,0,0,0,0,0,0,0,0,0,0,0,0,0,0,0,0,0,0,0],[0,0,0,0,0,0,0,0,0,0,0,0,0,0,0,0,0,0,0,0,0,0,0,0,0,0,0,0,0,0,0,0,0,0,0,0,0,0,0,0,0,0,0,0,0,0,0,0,0,0,0,0,0,0,0,0,0,0,0,0,0,0,0,0,0,0,0,0,0,0],[0,0,0,0,0,0,0,0,0,0,0,0,0,0,0,0,0,0,0,0,0,0,0,0,0,0,0,0,0,0,0,0,0,0,0,0,0,0,0,0,0,0,0,0,0,0,0,0,0,0,0,0,0,0,0,0,0,0,0,0,0,0,0,0,0,0,0,0,0,0],[0,0,0,0,0,0,0,0,0,0,0,0,0,0,0,0,0,0,0,0,0,0,0,0,0,0,0,0,0,0,0,0,0,0,0,0,0,0,0,0,0,0,0,0,0,0,0,0,0,0,0,0,0,0,0,0,0,0,0,0,0,0,0,0,0,0,0,0,0,0],[0,0,0,0,0,0,0,0,0,0,0,0,0,0,0,0,0,0,0,0,0,0,0,0,0,0,0,0,0,0,0,0,0,0,0,0,0,0,0,0,0,0,0,0,0,0,0,0,0,0,0,0,0,0,0,0,0,0,0,0,0,0,0,0,0,0,0,0,0,0],[0,0,0,0,0,0,0,0,0,0,0,0,0,0,0,0,0,0,0,0,0,0,0,0,0,0,0,0,0,0,0,0,0,0,0,0,0,0,0,0,0,0,0,0,0,0,0,0,0,0,0,0,0,0,0,0,0,0,0,0,0,0,0,0,0,0,0,0,0,0],[0,0,0,0,0,0,0,0,0,0,0,0,0,0,0,0,0,0,0,0,0,0,0,0,0,0,0,0,0,0,0,0,0,0,0,0,0,0,0,0,0,0,0,0,0,0,0,0,0,0,0,0,0,0,0,0,0,0,0,0,0,0,0,0,0,0,0,0,0,0],[0,0,0,0,0,0,0,0,0,0,0,0,0,0,0,0,0,0,0,0,0,0,0,0,0,0,0,0,0,0,0,0,0,0,0,0,0,0,0,0,0,0,0,0,0,0,0,0,0,0,0,0,0,0,0,0,0,0,0,0,0,0,0,0,0,0,0,0,0,0],[0,0,0,0,0,0,0,0,0,0,0,0,0,0,0,0,0,0,0,0,0,0,0,0,0,0,0,0,0,0,0,0,0,0,0,0,0,0,0,0,0,0,0,0,0,0,0,0,0,0,0,0,0,0,0,0,0,0,0,0,0,0,0,0,0,0,0,0,0,0],[0,0,0,0,0,0,0,0,0,0,0,0,0,0,0,0,0,0,0,0,0,0,0,0,0,0,0,0,0,0,0,0,0,0,0,0,0,0,0,0,0,0,0,0,0,0,0,0,0,0,0,0,0,0,0,0,0,0,0,0,0,0,0,0,0,0,0,0,0,0],[0,0,0,0,0,0,0,0,0,0,0,0,0,0,0,0,0,0,0,0,0,0,0,0,0,0,0,0,0,0,0,0,0,0,0,0,0,0,0,0,0,0,0,0,0,0,0,0,0,0,0,0,0,0,0,0,0,0,0,0,0,0,0,0,0,0,0,0,0,0],[0,0,0,0,0,0,0,0,0,0,0,0,0,0,0,0,0,0,0,0,0,0,0,0,0,0,0,0,0,0,0,0,0,0,0,0,0,0,0,0,0,0,0,0,0,0,0,0,0,0,0,0,0,0,0,0,0,0,0,0,0,0,0,0,0,0,0,0,0,0],[0,0,0,0,0,0,0,0,0,0,0,0,0,0,0,0,0,0,0,0,0,0,0,0,0,0,0,0,0,0,0,0,0,0,0,0,0,0,0,0,0,0,0,0,0,0,0,0,0,0,0,0,0,0,0,0,0,0,0,0,0,0,0,0,0,0,0,0,0,0],[0,0,0,0,0,0,0,0,0,0,0,0,0,0,0,0,0,0,0,0,0,0,0,0,0,0,0,0,0,0,0,0,0,0,0,0,0,0,0,0,0,0,0,0,0,0,0,0,0,0,0,0,0,0,0,0,0,0,0,0,0,0,0,0,0,0,0,0,0,0],[0,0,0,0,0,0,0,0,0,0,0,0,0,0,0,0,0,0,0,0,0,0,0,0,0,0,0,0,0,0,0,0,0,0,0,0,0,0,0,0,0,0,0,0,0,0,0,0,0,0,0,0,0,0,0,0,0,0,0,0,0,0,0,0,0,0,0,0,0,0],[0,0,0,0,0,0,0,0,0,0,0,0,0,0,0,0,0,0,0,0,0,0,0,0,0,0,0,0,0,0,0,0,0,0,0,0,0,0,0,0,0,0,0,0,0,0,0,0,0,0,0,0,0,0,0,0,0,0,0,0,0,0,0,0,0,0,0,0,0,0]]},{"id":3,"type":"Collision","name":"Collision","level":"2","width":70,"height":90,"visible":1,"tilesetName":"media\/map\/collisiontiles-16x16.png","repeat":false,"distance":1,"yDistance":0,"tilesize":16,"moveSpeed":{"x":0,"y":0},"data":[[0,0,0,0,0,0,0,0,0,0,0,0,0,0,0,0,0,0,0,0,0,0,0,0,0,0,0,0,0,0,0,0,0,0,0,0,0,0,0,0,0,0,0,0,0,0,0,0,0,0,0,0,0,0,0,0,0,0,0,0,0,0,0,0,0,0,0,0,0,0],[0,0,0,0,0,0,0,0,0,0,0,0,0,0,0,0,0,0,0,0,0,0,0,0,0,0,0,0,0,0,0,0,0,0,0,0,0,0,0,0,0,0,0,0,0,0,0,0,0,0,0,0,0,0,0,0,0,0,0,0,0,0,0,0,0,0,0,0,0,0],[0,0,0,0,0,0,0,0,0,0,0,0,0,0,0,0,0,0,0,0,0,0,0,0,0,0,0,0,0,0,0,0,0,0,0,0,0,0,0,0,0,0,0,0,0,0,0,0,0,0,0,0,0,0,0,0,0,0,0,0,0,0,0,0,0,0,0,0,0,0],[0,0,0,0,0,0,0,0,0,0,0,0,0,0,0,0,0,0,0,0,0,0,0,0,0,0,0,0,0,0,0,0,0,0,0,0,0,0,0,0,0,0,0,0,0,0,0,0,0,0,0,0,0,0,0,0,0,0,0,0,0,0,0,0,0,0,0,0,0,0],[0,0,0,0,0,0,0,0,0,0,0,0,0,0,0,0,0,0,0,0,0,0,0,0,0,0,0,0,0,0,0,0,0,0,0,0,0,0,0,0,0,0,0,0,0,0,0,0,0,0,0,0,0,0,0,0,0,0,0,0,0,0,0,0,0,0,0,0,0,0],[0,0,0,0,0,0,0,0,0,0,0,0,0,0,0,0,0,0,0,0,0,0,0,0,0,0,0,0,0,0,0,0,0,0,0,0,0,0,0,0,0,0,0,0,0,0,0,0,0,0,0,0,0,0,0,0,0,0,0,0,0,0,0,0,0,0,0,0,0,0],[0,0,0,0,0,0,0,0,0,0,0,0,0,0,0,0,0,0,0,0,0,0,0,0,0,0,0,0,0,0,0,0,0,0,0,0,0,0,0,0,0,0,0,0,0,0,0,0,0,0,0,0,0,0,0,0,0,0,0,0,0,0,0,0,0,0,0,0,0,0],[0,0,0,0,0,0,0,0,0,0,0,0,0,0,0,0,0,0,0,0,0,0,0,0,0,0,0,0,0,0,0,0,0,0,0,0,0,0,0,0,0,0,0,0,0,0,0,0,0,0,0,0,0,0,0,0,0,0,0,0,0,0,0,0,0,0,0,0,0,0],[0,0,0,0,0,0,0,0,0,0,0,0,0,0,0,0,0,0,0,0,0,0,0,0,0,0,0,0,0,0,0,0,0,0,0,0,0,0,0,0,0,0,0,0,0,0,0,0,0,0,0,0,0,0,0,0,0,0,0,0,0,0,0,0,0,0,0,0,0,0],[0,0,0,0,0,0,0,0,0,0,0,0,0,0,0,0,0,0,0,0,0,0,0,0,0,0,0,0,0,0,0,0,0,0,0,0,0,0,0,0,0,0,0,0,0,0,0,0,0,0,0,0,0,0,0,0,0,0,0,0,0,0,0,0,0,0,0,0,0,0],[0,0,0,0,0,0,0,0,0,0,0,0,0,0,0,0,0,0,0,0,0,0,0,0,0,0,0,0,0,0,0,0,0,0,0,0,0,0,0,0,0,0,0,0,0,0,0,0,0,0,0,0,0,0,0,0,0,0,0,0,0,0,0,0,0,0,0,0,0,0],[0,0,0,0,0,0,0,0,0,0,0,0,0,0,0,0,0,0,0,0,0,0,0,0,0,0,0,0,0,0,0,0,0,0,0,0,0,0,0,0,0,0,0,0,0,0,0,0,0,0,0,0,0,0,0,0,0,0,0,0,0,0,0,0,0,0,0,0,0,0],[0,0,0,0,0,0,0,0,0,0,0,0,0,0,0,0,0,0,0,0,0,0,0,0,0,0,0,0,0,0,0,0,0,0,0,0,0,0,0,0,0,0,0,0,0,0,0,0,0,0,0,0,0,0,0,0,0,0,0,0,0,0,0,0,0,0,0,0,0,0],[0,0,0,0,0,0,0,0,0,0,0,0,0,0,0,0,0,0,0,0,0,0,0,0,0,0,0,0,0,0,0,0,0,0,0,0,0,0,0,0,0,0,0,0,0,0,0,0,0,0,0,0,0,0,0,0,0,0,0,0,0,0,0,0,0,0,0,0,0,0],[0,0,0,0,0,0,0,0,0,0,0,0,0,0,0,0,0,0,0,0,0,0,0,0,0,0,0,0,0,0,0,0,0,0,0,0,0,0,0,0,0,0,0,0,0,0,0,0,0,0,0,0,0,0,0,0,0,0,0,0,0,0,0,0,0,0,0,0,0,0],[0,0,0,0,0,0,0,0,0,0,0,0,0,0,0,0,0,0,0,0,0,0,0,0,0,0,0,0,0,0,0,0,0,0,0,0,0,0,0,0,0,0,0,0,0,0,0,0,0,0,0,0,0,0,0,0,0,0,0,0,0,0,0,0,0,0,0,0,0,0],[0,0,0,0,0,0,0,0,0,0,0,0,0,0,0,0,0,0,0,0,0,0,0,0,0,0,0,0,0,0,0,0,0,0,0,0,0,0,0,0,0,0,0,0,0,0,0,0,0,0,0,0,0,0,0,0,0,0,0,0,0,0,0,0,0,0,0,0,0,0],[0,0,0,0,0,0,0,0,0,0,0,0,0,0,0,0,0,0,0,0,0,0,0,0,0,0,0,0,0,0,0,0,0,0,0,0,0,0,0,0,0,0,0,0,0,0,0,0,0,0,0,0,0,0,0,0,0,0,0,0,0,0,0,0,0,0,0,0,0,0],[0,0,0,0,0,0,0,0,0,0,0,0,0,0,0,0,0,0,0,0,0,0,0,0,0,0,0,0,0,0,0,0,0,0,0,0,0,0,0,0,0,0,0,0,0,0,0,0,0,0,0,0,0,0,0,0,0,0,0,0,0,0,0,0,0,0,0,0,0,0],[0,0,0,0,0,0,0,0,0,0,0,0,0,0,0,0,0,0,0,0,0,0,0,0,0,0,0,0,0,0,0,0,0,0,0,0,0,0,0,0,0,0,0,0,0,0,0,0,0,0,0,0,0,0,0,0,0,0,0,0,0,0,0,0,0,0,0,0,0,0],[0,0,0,0,0,0,0,0,0,0,0,0,0,0,0,0,0,0,0,0,0,0,0,0,0,0,0,0,0,0,0,0,0,0,0,0,0,0,0,0,0,0,0,0,0,0,0,0,0,0,0,0,0,0,0,0,0,0,0,0,0,0,0,0,0,0,0,0,0,0],[0,0,0,0,0,0,0,0,0,0,0,2,2,2,2,2,2,2,2,2,2,2,2,2,2,2,2,2,2,2,2,2,2,2,2,2,2,2,2,2,2,2,2,2,2,2,2,2,2,2,2,0,0,0,0,0,0,0,0,0,0,0,0,0,0,0,0,0,0,0],[0,0,0,0,0,0,0,0,0,0,0,2,0,0,0,0,0,0,0,0,0,0,0,0,0,0,0,0,0,0,0,0,0,0,0,0,0,0,0,0,0,0,0,0,0,0,0,0,0,0,2,0,0,0,0,0,0,0,0,0,0,0,0,0,0,0,0,0,0,0],[0,0,0,0,0,0,0,0,0,0,0,2,0,0,0,0,0,0,0,0,0,0,0,0,0,0,0,0,0,0,0,0,0,0,0,0,0,0,0,0,0,0,0,0,0,0,0,0,0,0,2,0,0,0,0,0,0,0,0,0,0,0,0,0,0,0,0,0,0,0],[0,0,0,0,0,0,0,0,0,0,0,2,0,0,0,0,0,0,0,0,0,0,0,0,0,0,0,0,0,0,0,0,0,0,0,0,0,0,0,0,0,0,0,0,0,0,0,0,0,0,2,0,0,0,0,0,0,0,0,0,0,0,0,0,0,0,0,0,0,0],[0,0,0,0,0,0,0,0,0,0,0,2,0,0,0,0,0,0,0,0,0,0,0,0,0,0,0,0,0,0,0,0,0,0,0,0,0,0,0,0,0,0,0,0,0,0,0,0,0,0,2,0,0,0,0,0,0,0,0,0,0,0,0,0,0,0,0,0,0,0],[0,0,0,0,0,0,0,0,0,0,0,2,0,0,0,0,0,0,0,0,0,0,0,0,0,0,0,0,0,0,0,0,0,0,0,0,0,0,0,0,0,0,0,0,0,0,0,0,0,0,2,0,0,0,0,0,0,0,0,0,0,0,0,0,0,0,0,0,0,0],[0,0,0,0,0,0,0,0,0,0,0,2,0,0,0,0,0,0,0,0,0,0,0,0,0,0,0,0,0,0,0,0,0,0,0,0,0,0,0,0,0,0,0,0,0,0,0,0,0,0,2,0,0,0,0,0,0,0,0,0,0,0,0,0,0,0,0,0,0,0],[0,0,0,0,0,0,0,0,0,0,0,2,0,0,0,0,0,0,0,0,0,0,0,0,0,0,0,0,0,0,0,0,0,0,0,0,0,0,0,0,0,0,0,0,0,0,0,0,0,0,2,0,0,0,0,0,0,0,0,0,0,0,0,0,0,0,0,0,0,0],[0,0,0,0,0,0,0,0,0,0,0,2,0,0,0,0,0,0,0,0,0,0,0,0,0,0,0,0,0,0,0,0,0,0,0,0,0,0,0,0,0,0,0,0,0,0,0,0,0,0,2,0,0,0,0,0,0,0,0,0,0,0,0,0,0,0,0,0,0,0],[0,0,0,0,0,0,0,0,0,0,0,2,0,0,0,0,0,0,0,0,0,0,0,0,0,0,0,0,0,0,0,0,0,0,0,0,0,0,0,0,0,0,0,0,0,0,0,0,0,0,2,0,0,0,0,0,0,0,0,0,0,0,0,0,0,0,0,0,0,0],[0,0,0,0,0,0,0,0,0,0,0,2,0,0,0,0,0,0,0,0,0,0,0,0,0,0,0,0,0,0,0,0,0,0,0,0,0,0,0,0,0,0,0,0,0,0,0,0,0,0,2,0,0,0,0,0,0,0,0,0,0,0,0,0,0,0,0,0,0,0],[0,0,0,0,0,0,0,0,0,0,0,2,0,0,0,0,0,0,0,0,0,0,0,0,0,0,0,0,0,0,0,0,0,0,0,0,0,0,0,0,0,0,0,0,0,0,0,0,0,0,2,0,0,0,0,0,0,0,0,0,0,0,0,0,0,0,0,0,0,0],[0,0,0,0,0,0,0,0,0,0,0,2,0,0,0,0,0,0,0,0,0,0,0,0,0,0,0,0,0,0,0,0,0,0,0,0,0,0,0,0,0,0,0,0,0,0,0,0,0,0,2,0,0,0,0,0,0,0,0,0,0,0,0,0,0,0,0,0,0,0],[0,0,0,0,0,0,0,0,0,0,0,2,0,0,0,0,0,0,0,0,0,0,0,0,0,0,0,0,0,0,0,0,0,0,0,0,0,0,0,0,0,0,0,0,0,0,0,0,0,0,2,0,0,0,0,0,0,0,0,0,0,0,0,0,0,0,0,0,0,0],[0,0,0,0,0,0,0,0,0,0,0,2,0,0,0,0,0,0,0,0,0,0,0,0,0,0,0,0,0,0,0,0,0,0,0,0,0,0,0,0,0,0,0,0,0,0,0,0,0,0,2,0,0,0,0,0,0,0,0,0,0,0,0,0,0,0,0,0,0,0],[0,0,0,0,0,0,0,0,0,0,0,2,0,0,0,0,0,0,0,0,0,0,0,0,0,0,0,0,0,0,0,0,0,0,0,0,0,0,0,0,0,0,0,0,0,0,0,0,0,0,2,0,0,0,0,0,0,0,0,0,0,0,0,0,0,0,0,0,0,0],[0,0,0,0,0,0,0,0,0,0,0,2,0,0,0,0,0,0,0,0,0,0,0,0,0,0,0,0,0,0,0,0,0,0,0,0,0,0,0,0,0,0,0,0,0,0,0,0,0,0,2,0,0,0,0,0,0,0,0,0,0,0,0,0,0,0,0,0,0,0],[0,0,0,0,0,0,0,0,0,0,0,2,0,0,0,0,0,0,0,0,0,0,0,0,0,0,0,0,0,0,0,0,0,0,0,0,0,0,0,0,0,0,0,0,0,0,0,0,0,0,2,0,0,0,0,0,0,0,0,0,0,0,0,0,0,0,0,0,0,0],[0,0,0,0,0,0,0,0,0,0,0,2,0,0,0,0,0,0,0,0,0,0,0,0,0,0,0,0,0,0,0,0,0,0,0,0,0,0,0,0,0,0,0,0,0,0,0,0,0,0,2,0,0,0,0,0,0,0,0,0,0,0,0,0,0,0,0,0,0,0],[0,0,0,0,0,0,0,0,0,0,0,2,0,0,0,0,0,0,0,0,0,0,0,0,0,0,0,0,0,0,0,0,0,0,0,0,0,0,0,0,0,0,0,0,0,0,0,0,0,0,2,0,0,0,0,0,0,0,0,0,0,0,0,0,0,0,0,0,0,0],[0,0,0,0,0,0,0,0,0,0,0,2,0,0,0,0,0,0,0,0,0,0,0,0,0,0,0,0,0,0,0,0,0,0,0,0,0,0,0,0,0,0,0,0,0,0,0,0,0,0,2,0,0,0,0,0,0,0,0,0,0,0,0,0,0,0,0,0,0,0],[0,0,0,0,0,0,0,0,0,0,0,2,0,0,0,0,0,0,0,0,0,0,0,0,0,0,0,0,0,0,0,0,0,0,0,0,0,0,0,0,0,0,0,0,0,0,0,0,0,0,2,0,0,0,0,0,0,0,0,0,0,0,0,0,0,0,0,0,0,0],[0,0,0,0,0,0,0,0,0,0,0,2,0,0,0,0,0,0,0,0,0,0,0,0,0,0,0,0,0,0,0,0,0,0,0,0,0,0,0,0,0,0,0,0,0,0,0,0,0,0,2,0,0,0,0,0,0,0,0,0,0,0,0,0,0,0,0,0,0,0],[0,0,0,0,0,0,0,0,0,0,0,2,0,0,0,0,0,0,0,0,0,0,0,0,0,0,0,0,0,0,0,0,0,0,0,0,0,0,0,0,0,0,0,0,0,0,0,0,0,0,2,0,0,0,0,0,0,0,0,0,0,0,0,0,0,0,0,0,0,0],[0,0,0,0,0,0,0,0,0,0,0,2,0,0,0,0,0,0,0,0,0,0,0,0,0,0,0,0,0,0,0,0,0,0,0,0,0,0,0,0,0,0,0,0,0,0,0,0,0,0,2,0,0,0,0,0,0,0,0,0,0,0,0,0,0,0,0,0,0,0],[0,0,0,0,0,0,0,0,0,0,0,2,0,0,0,0,0,0,0,0,0,0,0,0,0,0,0,0,0,0,0,0,0,0,0,0,0,0,0,0,0,0,0,0,0,0,0,0,0,0,2,0,0,0,0,0,0,0,0,0,0,0,0,0,0,0,0,0,0,0],[0,0,0,0,0,0,0,0,0,0,0,2,2,2,2,2,2,2,2,2,2,2,2,2,2,2,2,2,2,2,2,2,2,2,2,2,2,2,2,2,2,2,2,2,2,2,2,2,2,2,2,0,0,0,0,0,0,0,0,0,0,0,0,0,0,0,0,0,0,0],[0,0,0,0,0,0,0,0,0,0,0,0,0,0,0,0,0,0,0,0,0,0,0,0,0,0,0,0,0,0,0,0,0,0,0,0,0,0,0,0,0,0,0,0,0,0,0,0,0,0,0,0,0,0,0,0,0,0,0,0,0,0,0,0,0,0,0,0,0,0],[0,0,0,0,0,0,0,0,0,0,0,0,0,0,0,0,0,0,0,0,0,0,0,0,0,0,0,0,0,0,0,0,0,0,0,0,0,0,0,0,0,0,0,0,0,0,0,0,0,0,0,0,0,0,0,0,0,0,0,0,0,0,0,0,0,0,0,0,0,0],[0,0,0,0,0,0,0,0,0,0,0,0,0,0,0,0,0,0,0,0,0,0,0,0,0,0,0,0,0,0,0,0,0,0,0,0,0,0,0,0,0,0,0,0,0,0,0,0,0,0,0,0,0,0,0,0,0,0,0,0,0,0,0,0,0,0,0,0,0,0],[0,0,0,0,0,0,0,0,0,0,0,0,0,0,0,0,0,0,0,0,0,0,0,0,0,0,0,0,0,0,0,0,0,0,0,0,0,0,0,0,0,0,0,0,0,0,0,0,0,0,0,0,0,0,0,0,0,0,0,0,0,0,0,0,0,0,0,0,0,0],[0,0,0,0,0,0,0,0,0,0,0,0,0,0,0,0,0,0,0,0,0,0,0,0,0,0,0,0,0,0,0,0,0,0,0,0,0,0,0,0,0,0,0,0,0,0,0,0,0,0,0,0,0,0,0,0,0,0,0,0,0,0,0,0,0,0,0,0,0,0],[0,0,0,0,0,0,0,0,0,0,0,0,0,0,0,0,0,0,0,0,0,0,0,0,0,0,0,0,0,0,0,0,0,0,0,0,0,0,0,0,0,0,0,0,0,0,0,0,0,0,0,0,0,0,0,0,0,0,0,0,0,0,0,0,0,0,0,0,0,0],[0,0,0,0,0,0,0,0,0,0,0,0,0,0,0,0,0,0,0,0,0,0,0,0,0,0,0,0,0,0,0,0,0,0,0,0,0,0,0,0,0,0,0,0,0,0,0,0,0,0,0,0,0,0,0,0,0,0,0,0,0,0,0,0,0,0,0,0,0,0],[0,0,0,0,0,0,0,0,0,0,0,0,0,0,0,0,0,0,0,0,0,0,0,0,0,0,0,0,0,0,0,0,0,0,0,0,0,0,0,0,0,0,0,0,0,0,0,0,0,0,0,0,0,0,0,0,0,0,0,0,0,0,0,0,0,0,0,0,0,0],[0,0,0,0,0,0,0,0,0,0,0,0,0,0,0,0,0,0,0,0,0,0,0,0,0,0,0,0,0,0,0,0,0,0,0,0,0,0,0,0,0,0,0,0,0,0,0,0,0,0,0,0,0,0,0,0,0,0,0,0,0,0,0,0,0,0,0,0,0,0],[0,0,0,0,0,0,0,0,0,0,0,0,0,0,0,0,0,0,0,0,0,0,0,0,0,0,0,0,0,0,0,0,0,0,0,0,0,0,0,0,0,0,0,0,0,0,0,0,0,0,0,0,0,0,0,0,0,0,0,0,0,0,0,0,0,0,0,0,0,0],[0,0,0,0,0,0,0,0,0,0,0,0,0,0,0,0,0,0,0,0,0,0,0,0,0,0,0,0,0,0,0,0,0,0,0,0,0,0,0,0,0,0,0,0,0,0,0,0,0,0,0,0,0,0,0,0,0,0,0,0,0,0,0,0,0,0,0,0,0,0],[0,0,0,0,0,0,0,0,0,0,0,0,0,0,0,0,0,0,0,0,0,0,0,0,0,0,0,0,0,0,0,0,0,0,0,0,0,0,0,0,0,0,0,0,0,0,0,0,0,0,0,0,0,0,0,0,0,0,0,0,0,0,0,0,0,0,0,0,0,0],[0,0,0,0,0,0,0,0,0,0,0,0,0,0,0,0,0,0,0,0,0,0,0,0,0,0,0,0,0,0,0,0,0,0,0,0,0,0,0,0,0,0,0,0,0,0,0,0,0,0,0,0,0,0,0,0,0,0,0,0,0,0,0,0,0,0,0,0,0,0],[0,0,0,0,0,0,0,0,0,0,0,0,0,0,0,0,0,0,0,0,0,0,0,0,0,0,0,0,0,0,0,0,0,0,0,0,0,0,0,0,0,0,0,0,0,0,0,0,0,0,0,0,0,0,0,0,0,0,0,0,0,0,0,0,0,0,0,0,0,0],[0,0,0,0,0,0,0,0,0,0,0,0,0,0,0,0,0,0,0,0,0,0,0,0,0,0,0,0,0,0,0,0,0,0,0,0,0,0,0,0,0,0,0,0,0,0,0,0,0,0,0,0,0,0,0,0,0,0,0,0,0,0,0,0,0,0,0,0,0,0],[0,0,0,0,0,0,0,0,0,0,0,0,0,0,0,0,0,0,0,0,0,0,0,0,0,0,0,0,0,0,0,0,0,0,0,0,0,0,0,0,0,0,0,0,0,0,0,0,0,0,0,0,0,0,0,0,0,0,0,0,0,0,0,0,0,0,0,0,0,0],[0,0,0,0,0,0,0,0,0,0,0,0,0,0,0,0,0,0,0,0,0,0,0,0,0,0,0,0,0,0,0,0,0,0,0,0,0,0,0,0,0,0,0,0,0,0,0,0,0,0,0,0,0,0,0,0,0,0,0,0,0,0,0,0,0,0,0,0,0,0],[0,0,0,0,0,0,0,0,0,0,0,0,0,0,0,0,0,0,0,0,0,0,0,0,0,0,0,0,0,0,0,0,0,0,0,0,0,0,0,0,0,0,0,0,0,0,0,0,0,0,0,0,0,0,0,0,0,0,0,0,0,0,0,0,0,0,0,0,0,0],[0,0,0,0,0,0,0,0,0,0,0,0,0,0,0,0,0,0,0,0,0,0,0,0,0,0,0,0,0,0,0,0,0,0,0,0,0,0,0,0,0,0,0,0,0,0,0,0,0,0,0,0,0,0,0,0,0,0,0,0,0,0,0,0,0,0,0,0,0,0],[0,0,0,0,0,0,0,0,0,0,0,0,0,0,0,0,0,0,0,0,0,0,0,0,0,0,0,0,0,0,0,0,0,0,0,0,0,0,0,0,0,0,0,0,0,0,0,0,0,0,0,0,0,0,0,0,0,0,0,0,0,0,0,0,0,0,0,0,0,0],[0,0,0,0,0,0,0,0,0,0,0,0,0,0,0,0,0,0,0,0,0,0,0,0,0,0,0,0,0,0,0,0,0,0,0,0,0,0,0,0,0,0,0,0,0,0,0,0,0,0,0,0,0,0,0,0,0,0,0,0,0,0,0,0,0,0,0,0,0,0],[0,0,0,0,0,0,0,0,0,0,0,0,0,0,0,0,0,0,0,0,0,0,0,0,0,0,0,0,0,0,0,0,0,0,0,0,0,0,0,0,0,0,0,0,0,0,0,0,0,0,0,0,0,0,0,0,0,0,0,0,0,0,0,0,0,0,0,0,0,0],[0,0,0,0,0,0,0,0,0,0,0,0,0,0,0,0,0,0,0,0,0,0,0,0,0,0,0,0,0,0,0,0,0,0,0,0,0,0,0,0,0,0,0,0,0,0,0,0,0,0,0,0,0,0,0,0,0,0,0,0,0,0,0,0,0,0,0,0,0,0],[0,0,0,0,0,0,0,0,0,0,0,0,0,0,0,0,0,0,0,0,0,0,0,0,0,0,0,0,0,0,0,0,0,0,0,0,0,0,0,0,0,0,0,0,0,0,0,0,0,0,0,0,0,0,0,0,0,0,0,0,0,0,0,0,0,0,0,0,0,0],[0,0,0,0,0,0,0,0,0,0,0,0,0,0,0,0,0,0,0,0,0,0,0,0,0,0,0,0,0,0,0,0,0,0,0,0,0,0,0,0,0,0,0,0,0,0,0,0,0,0,0,0,0,0,0,0,0,0,0,0,0,0,0,0,0,0,0,0,0,0],[0,0,0,0,0,0,0,0,0,0,0,0,0,0,0,0,0,0,0,0,0,0,0,0,0,0,0,0,0,0,0,0,0,0,0,0,0,0,0,0,0,0,0,0,0,0,0,0,0,0,0,0,0,0,0,0,0,0,0,0,0,0,0,0,0,0,0,0,0,0],[0,0,0,0,0,0,0,0,0,0,0,0,0,0,0,0,0,0,0,0,0,0,0,0,0,0,0,0,0,0,0,0,0,0,0,0,0,0,0,0,0,0,0,0,0,0,0,0,0,0,0,0,0,0,0,0,0,0,0,0,0,0,0,0,0,0,0,0,0,0],[0,0,0,0,0,0,0,0,0,0,0,0,0,0,0,0,0,0,0,0,0,0,0,0,0,0,0,0,0,0,0,0,0,0,0,0,0,0,0,0,0,0,0,0,0,0,0,0,0,0,0,0,0,0,0,0,0,0,0,0,0,0,0,0,0,0,0,0,0,0],[0,0,0,0,0,0,0,0,0,0,0,0,0,0,0,0,0,0,0,0,0,0,0,0,0,0,0,0,0,0,0,0,0,0,0,0,0,0,0,0,0,0,0,0,0,0,0,0,0,0,0,0,0,0,0,0,0,0,0,0,0,0,0,0,0,0,0,0,0,0],[0,0,0,0,0,0,0,0,0,0,0,0,0,0,0,0,0,0,0,0,0,0,0,0,0,0,0,0,0,0,0,0,0,0,0,0,0,0,0,0,0,0,0,0,0,0,0,0,0,0,0,0,0,0,0,0,0,0,0,0,0,0,0,0,0,0,0,0,0,0],[0,0,0,0,0,0,0,0,0,0,0,0,0,0,0,0,0,0,0,0,0,0,0,0,0,0,0,0,0,0,0,0,0,0,0,0,0,0,0,0,0,0,0,0,0,0,0,0,0,0,0,0,0,0,0,0,0,0,0,0,0,0,0,0,0,0,0,0,0,0],[0,0,0,0,0,0,0,0,0,0,0,0,0,0,0,0,0,0,0,0,0,0,0,0,0,0,0,0,0,0,0,0,0,0,0,0,0,0,0,0,0,0,0,0,0,0,0,0,0,0,0,0,0,0,0,0,0,0,0,0,0,0,0,0,0,0,0,0,0,0],[0,0,0,0,0,0,0,0,0,0,0,0,0,0,0,0,0,0,0,0,0,0,0,0,0,0,0,0,0,0,0,0,0,0,0,0,0,0,0,0,0,0,0,0,0,0,0,0,0,0,0,0,0,0,0,0,0,0,0,0,0,0,0,0,0,0,0,0,0,0],[0,0,0,0,0,0,0,0,0,0,0,0,0,0,0,0,0,0,0,0,0,0,0,0,0,0,0,0,0,0,0,0,0,0,0,0,0,0,0,0,0,0,0,0,0,0,0,0,0,0,0,0,0,0,0,0,0,0,0,0,0,0,0,0,0,0,0,0,0,0],[0,0,0,0,0,0,0,0,0,0,0,0,0,0,0,0,0,0,0,0,0,0,0,0,0,0,0,0,0,0,0,0,0,0,0,0,0,0,0,0,0,0,0,0,0,0,0,0,0,0,0,0,0,0,0,0,0,0,0,0,0,0,0,0,0,0,0,0,0,0],[0,0,0,0,0,0,0,0,0,0,0,0,0,0,0,0,0,0,0,0,0,0,0,0,0,0,0,0,0,0,0,0,0,0,0,0,0,0,0,0,0,0,0,0,0,0,0,0,0,0,0,0,0,0,0,0,0,0,0,0,0,0,0,0,0,0,0,0,0,0],[0,0,0,0,0,0,0,0,0,0,0,0,0,0,0,0,0,0,0,0,0,0,0,0,0,0,0,0,0,0,0,0,0,0,0,0,0,0,0,0,0,0,0,0,0,0,0,0,0,0,0,0,0,0,0,0,0,0,0,0,0,0,0,0,0,0,0,0,0,0],[0,0,0,0,0,0,0,0,0,0,0,0,0,0,0,0,0,0,0,0,0,0,0,0,0,0,0,0,0,0,0,0,0,0,0,0,0,0,0,0,0,0,0,0,0,0,0,0,0,0,0,0,0,0,0,0,0,0,0,0,0,0,0,0,0,0,0,0,0,0],[0,0,0,0,0,0,0,0,0,0,0,0,0,0,0,0,0,0,0,0,0,0,0,0,0,0,0,0,0,0,0,0,0,0,0,0,0,0,0,0,0,0,0,0,0,0,0,0,0,0,0,0,0,0,0,0,0,0,0,0,0,0,0,0,0,0,0,0,0,0],[0,0,0,0,0,0,0,0,0,0,0,0,0,0,0,0,0,0,0,0,0,0,0,0,0,0,0,0,0,0,0,0,0,0,0,0,0,0,0,0,0,0,0,0,0,0,0,0,0,0,0,0,0,0,0,0,0,0,0,0,0,0,0,0,0,0,0,0,0,0],[0,0,0,0,0,0,0,0,0,0,0,0,0,0,0,0,0,0,0,0,0,0,0,0,0,0,0,0,0,0,0,0,0,0,0,0,0,0,0,0,0,0,0,0,0,0,0,0,0,0,0,0,0,0,0,0,0,0,0,0,0,0,0,0,0,0,0,0,0,0],[0,0,0,0,0,0,0,0,0,0,0,0,0,0,0,0,0,0,0,0,0,0,0,0,0,0,0,0,0,0,0,0,0,0,0,0,0,0,0,0,0,0,0,0,0,0,0,0,0,0,0,0,0,0,0,0,0,0,0,0,0,0,0,0,0,0,0,0,0,0]]}],"attributes":{"saveMode":"","bgm":"","cameraInBounds":true,"map-sounds":"CARGO_SHIP_OUTSIDE_RAIN","mapStyle":"","weather":"RAINY_STRONG","npcRunners":"","area":"cargo-ship"},"screen":{"x":127,"y":279}}