{"name":"cargo-ship\/christmas","levels":[{"height":0},{"height":48},{"height":80}],"mapWidth":35,"mapHeight":30,"masterLevel":1,"entities":[{"type":"Destructible","x":184,"y":228,"level":1,"settings":{"name":"","desType":"boxMedium","enemyInfo":null,"spawnCondition":null,"blockNavMap":false,"permaDestruct":true,"mapId":61,"onDestructIncrease":"map.boxesRemoved"}},{"type":"Destructible","x":148,"y":284,"level":{"level":1,"offset":24},"settings":{"name":"","desType":"boxMedium","enemyInfo":null,"spawnCondition":null,"blockNavMap":false,"permaDestruct":true,"mapId":62,"onDestructIncrease":"map.boxesRemoved"}},{"type":"Destructible","x":92,"y":268,"level":1,"settings":{"name":"","desType":"boxLarge","enemyInfo":null,"spawnCondition":null,"blockNavMap":false,"permaDestruct":true,"mapId":65,"onDestructIncrease":"map.boxesRemoved"}},{"type":"Destructible","x":216,"y":248,"level":1,"settings":{"name":"","desType":"boxLarge","enemyInfo":null,"spawnCondition":null,"blockNavMap":false,"permaDestruct":true,"mapId":74,"onDestructIncrease":"map.boxesRemoved"}},{"type":"Destructible","x":176,"y":260,"level":1,"settings":{"name":"","desType":"boxMedium","enemyInfo":null,"spawnCondition":null,"blockNavMap":false,"permaDestruct":true,"mapId":75,"onDestructIncrease":"map.boxesRemoved"}},{"type":"Destructible","x":252,"y":212,"level":1,"settings":{"name":"","desType":"boxLarge","enemyInfo":null,"spawnCondition":null,"blockNavMap":false,"permaDestruct":true,"mapId":80,"onDestructIncrease":"map.boxesRemoved"}},{"type":"Destructible","x":288,"y":228,"level":1,"settings":{"name":"","desType":"boxLarge","enemyInfo":null,"spawnCondition":null,"blockNavMap":false,"permaDestruct":true,"mapId":81,"onDestructIncrease":"map.boxesRemoved"}},{"type":"Destructible","x":308,"y":316,"level":1,"settings":{"name":"","desType":"boxMedium","enemyInfo":null,"spawnCondition":null,"blockNavMap":false,"permaDestruct":true,"mapId":83,"onDestructIncrease":"map.boxesRemoved"}},{"type":"Destructible","x":256,"y":264,"level":1,"settings":{"name":"","desType":"boxLarge","enemyInfo":null,"spawnCondition":null,"blockNavMap":false,"permaDestruct":true,"mapId":92,"onDestructIncrease":"map.boxesRemoved"}},{"type":"Destructible","x":224,"y":292,"level":1,"settings":{"name":"","desType":"boxLarge","enemyInfo":null,"spawnCondition":null,"blockNavMap":false,"permaDestruct":true,"mapId":93,"onDestructIncrease":"map.boxesRemoved"}},{"type":"Destructible","x":140,"y":312,"level":1,"settings":{"name":"","desType":"boxLarge","enemyInfo":null,"spawnCondition":null,"blockNavMap":false,"permaDestruct":true,"mapId":94,"onDestructIncrease":"map.boxesRemoved"}},{"type":"Destructible","x":176,"y":300,"level":1,"settings":{"name":"","desType":"boxLarge","enemyInfo":null,"spawnCondition":null,"blockNavMap":false,"permaDestruct":true,"mapId":95,"onDestructIncrease":"map.boxesRemoved"}},{"type":"Destructible","x":101,"y":316.5,"level":1,"settings":{"name":"","desType":"boxLarge","enemyInfo":null,"spawnCondition":null,"blockNavMap":false,"permaDestruct":true,"mapId":96,"onDestructIncrease":"map.boxesRemoved"}},{"type":"Destructible","x":163.5,"y":352.5,"level":1,"settings":{"name":"","desType":"boxMedium","enemyInfo":null,"spawnCondition":null,"blockNavMap":false,"permaDestruct":true,"mapId":97,"onDestructIncrease":"map.boxesRemoved"}},{"type":"Destructible","x":196,"y":332,"level":1,"settings":{"name":"","desType":"boxMedium","enemyInfo":null,"spawnCondition":null,"blockNavMap":false,"permaDestruct":true,"mapId":98,"onDestructIncrease":"map.boxesRemoved"}},{"type":"Destructible","x":132.5,"y":359.5,"level":1,"settings":{"name":"","desType":"boxMedium","enemyInfo":null,"spawnCondition":null,"blockNavMap":false,"permaDestruct":true,"mapId":99,"onDestructIncrease":"map.boxesRemoved"}},{"type":"Destructible","x":63.5,"y":373,"level":1,"settings":{"name":"","desType":"boxMedium","enemyInfo":null,"spawnCondition":null,"blockNavMap":false,"permaDestruct":true,"mapId":100,"onDestructIncrease":"map.boxesRemoved"}},{"type":"Destructible","x":265.5,"y":306,"level":1,"settings":{"name":"","desType":"boxMedium","enemyInfo":null,"spawnCondition":null,"blockNavMap":false,"permaDestruct":true,"mapId":101,"onDestructIncrease":"map.boxesRemoved"}},{"type":"Destructible","x":353,"y":326.5,"level":1,"settings":{"name":"","desType":"boxMedium","enemyInfo":null,"spawnCondition":null,"blockNavMap":false,"permaDestruct":true,"mapId":102,"onDestructIncrease":"map.boxesRemoved"}},{"type":"Destructible","x":340,"y":248,"level":1,"settings":{"name":"","desType":"boxLarge","enemyInfo":null,"spawnCondition":null,"blockNavMap":false,"permaDestruct":true,"mapId":103,"onDestructIncrease":"map.boxesRemoved"}},{"type":"Destructible","x":300,"y":268,"level":1,"settings":{"name":"","desType":"boxLarge","enemyInfo":null,"spawnCondition":null,"blockNavMap":false,"permaDestruct":true,"mapId":104,"onDestructIncrease":"map.boxesRemoved"}},{"type":"Destructible","x":352,"y":284,"level":1,"settings":{"name":"","desType":"boxLarge","enemyInfo":null,"spawnCondition":null,"blockNavMap":false,"permaDestruct":true,"mapId":105,"onDestructIncrease":"map.boxesRemoved"}},{"type":"Destructible","x":386.5,"y":319.5,"level":1,"settings":{"name":"","desType":"boxLarge","enemyInfo":null,"spawnCondition":null,"blockNavMap":false,"permaDestruct":true,"mapId":106,"onDestructIncrease":"map.boxesRemoved"}},{"type":"Destructible","x":422.5,"y":348.5,"level":1,"settings":{"name":"","desType":"boxLarge","enemyInfo":null,"spawnCondition":null,"blockNavMap":false,"permaDestruct":true,"mapId":107,"onDestructIncrease":"map.boxesRemoved"}},{"type":"Destructible","x":384,"y":360,"level":1,"settings":{"name":"","desType":"boxLarge","enemyInfo":null,"spawnCondition":null,"blockNavMap":false,"permaDestruct":true,"mapId":108,"onDestructIncrease":"map.boxesRemoved"}},{"type":"Destructible","x":424,"y":388,"level":1,"settings":{"name":"","desType":"boxLarge","enemyInfo":null,"spawnCondition":null,"blockNavMap":false,"permaDestruct":true,"mapId":109,"onDestructIncrease":"map.boxesRemoved"}},{"type":"Destructible","x":144,"y":232,"level":1,"settings":{"name":"","desType":"boxMedium","enemyInfo":null,"spawnCondition":null,"blockNavMap":false,"permaDestruct":true,"mapId":111,"onDestructIncrease":"map.boxesRemoved"}},{"type":"Destructible","x":72,"y":316,"level":1,"settings":{"name":"","desType":"boxMedium","enemyInfo":null,"spawnCondition":null,"blockNavMap":false,"permaDestruct":true,"mapId":112,"onDestructIncrease":"map.boxesRemoved"}},{"type":"Destructible","x":52,"y":280,"level":1,"settings":{"name":"","desType":"boxLarge","enemyInfo":null,"spawnCondition":null,"blockNavMap":false,"permaDestruct":true,"mapId":113,"onDestructIncrease":"map.boxesRemoved"}},{"type":"Destructible","x":393,"y":396.5,"level":1,"settings":{"name":"","desType":"boxMedium","enemyInfo":null,"spawnCondition":null,"blockNavMap":false,"permaDestruct":true,"mapId":115,"onDestructIncrease":"map.boxesRemoved"}},{"type":"Destructible","x":434.5,"y":430,"level":1,"settings":{"name":"","desType":"boxMedium","enemyInfo":null,"spawnCondition":null,"blockNavMap":false,"permaDestruct":true,"mapId":116,"onDestructIncrease":"map.boxesRemoved"}},{"type":"Destructible","x":92,"y":363,"level":1,"settings":{"name":"","desType":"boxLarge","enemyInfo":null,"spawnCondition":null,"blockNavMap":false,"permaDestruct":true,"mapId":117,"onDestructIncrease":"map.boxesRemoved"}},{"type":"Destructible","x":76,"y":404,"level":1,"settings":{"name":"","desType":"boxLarge","enemyInfo":null,"spawnCondition":null,"blockNavMap":false,"permaDestruct":true,"mapId":118,"onDestructIncrease":"map.boxesRemoved"}},{"type":"Destructible","x":80,"y":448,"level":1,"settings":{"name":"","desType":"boxLarge","enemyInfo":null,"spawnCondition":null,"blockNavMap":false,"permaDestruct":true,"mapId":119,"onDestructIncrease":"map.boxesRemoved"}},{"type":"Destructible","x":116,"y":404,"level":1,"settings":{"name":"","desType":"boxMedium","enemyInfo":null,"spawnCondition":null,"blockNavMap":false,"permaDestruct":true,"mapId":120,"onDestructIncrease":"map.boxesRemoved"}},{"type":"Destructible","x":132,"y":468,"level":1,"settings":{"name":"","desType":"boxMedium","enemyInfo":null,"spawnCondition":null,"blockNavMap":false,"permaDestruct":true,"mapId":121,"onDestructIncrease":"map.boxesRemoved"}},{"type":"Destructible","x":396,"y":436,"level":1,"settings":{"name":"","desType":"boxMedium","enemyInfo":null,"spawnCondition":null,"blockNavMap":false,"permaDestruct":true,"mapId":122,"onDestructIncrease":"map.boxesRemoved"}},{"type":"Destructible","x":412,"y":468,"level":1,"settings":{"name":"","desType":"boxMedium","enemyInfo":null,"spawnCondition":null,"blockNavMap":false,"permaDestruct":true,"mapId":123,"onDestructIncrease":"map.boxesRemoved"}},{"type":"Destructible","x":372,"y":468,"level":1,"settings":{"name":"","desType":"boxMedium","enemyInfo":null,"spawnCondition":null,"blockNavMap":false,"permaDestruct":true,"mapId":124,"onDestructIncrease":"map.boxesRemoved"}},{"type":"Destructible","x":120,"y":436,"level":1,"settings":{"name":"","desType":"boxMedium","enemyInfo":null,"spawnCondition":null,"blockNavMap":false,"permaDestruct":true,"mapId":125,"onDestructIncrease":"map.boxesRemoved"}},{"type":"Destructible","x":148,"y":388,"level":1,"settings":{"name":"","desType":"boxMedium","enemyInfo":null,"spawnCondition":null,"blockNavMap":false,"permaDestruct":true,"mapId":126,"onDestructIncrease":"map.boxesRemoved"}},{"type":"Destructible","x":164,"y":472,"level":1,"settings":{"name":"","desType":"boxMedium","enemyInfo":null,"spawnCondition":null,"blockNavMap":false,"permaDestruct":true,"mapId":127,"onDestructIncrease":"map.boxesRemoved"}},{"type":"Destructible","x":212,"y":196,"level":1,"settings":{"name":"","desType":"boxLarge","enemyInfo":null,"spawnCondition":null,"blockNavMap":false,"permaDestruct":true,"mapId":128,"onDestructIncrease":"map.boxesRemoved"}},{"type":"Destructible","x":156,"y":200,"level":1,"settings":{"name":"","desType":"boxLarge","enemyInfo":null,"spawnCondition":null,"blockNavMap":false,"permaDestruct":true,"mapId":129,"onDestructIncrease":"map.boxesRemoved"}},{"type":"Destructible","x":308,"y":200,"level":1,"settings":{"name":"","desType":"boxMedium","enemyInfo":null,"spawnCondition":null,"blockNavMap":false,"permaDestruct":true,"mapId":130,"onDestructIncrease":"map.boxesRemoved"}},{"type":"Destructible","x":336,"y":196,"level":1,"settings":{"name":"","desType":"boxLarge","enemyInfo":null,"spawnCondition":null,"blockNavMap":false,"permaDestruct":true,"mapId":131,"onDestructIncrease":"map.boxesRemoved"}},{"type":"Destructible","x":272,"y":176,"level":1,"settings":{"name":"","desType":"boxLarge","enemyInfo":null,"spawnCondition":null,"blockNavMap":false,"permaDestruct":true,"mapId":132,"onDestructIncrease":"map.boxesRemoved"}},{"type":"Destructible","x":376,"y":240,"level":1,"settings":{"name":"","desType":"boxMedium","enemyInfo":null,"spawnCondition":null,"blockNavMap":false,"permaDestruct":true,"mapId":133,"onDestructIncrease":"map.boxesRemoved"}},{"type":"Destructible","x":392,"y":268,"level":1,"settings":{"name":"","desType":"boxMedium","enemyInfo":null,"spawnCondition":null,"blockNavMap":false,"permaDestruct":true,"mapId":134,"onDestructIncrease":"map.boxesRemoved"}},{"type":"Destructible","x":420,"y":288,"level":1,"settings":{"name":"","desType":"boxMedium","enemyInfo":null,"spawnCondition":null,"blockNavMap":false,"permaDestruct":true,"mapId":135,"onDestructIncrease":"map.boxesRemoved"}},{"type":"Destructible","x":440,"y":320,"level":1,"settings":{"name":"","desType":"boxMedium","enemyInfo":null,"spawnCondition":null,"blockNavMap":false,"permaDestruct":true,"mapId":136,"onDestructIncrease":"map.boxesRemoved"}},{"type":"Destructible","x":432,"y":252,"level":1,"settings":{"name":"","desType":"boxLarge","enemyInfo":null,"spawnCondition":null,"blockNavMap":false,"permaDestruct":true,"mapId":137,"onDestructIncrease":"map.boxesRemoved"}},{"type":"Destructible","x":420,"y":204,"level":1,"settings":{"name":"","desType":"boxLarge","enemyInfo":null,"spawnCondition":null,"blockNavMap":false,"permaDestruct":true,"mapId":138,"onDestructIncrease":"map.boxesRemoved"}},{"type":"Destructible","x":376,"y":192,"level":1,"settings":{"name":"","desType":"boxLarge","enemyInfo":null,"spawnCondition":null,"blockNavMap":false,"permaDestruct":true,"mapId":139,"onDestructIncrease":"map.boxesRemoved"}},{"type":"Destructible","x":108,"y":180,"level":1,"settings":{"name":"","desType":"boxLarge","enemyInfo":null,"spawnCondition":null,"blockNavMap":false,"permaDestruct":true,"mapId":140,"onDestructIncrease":"map.boxesRemoved"}},{"type":"Destructible","x":64,"y":192,"level":1,"settings":{"name":"","desType":"boxLarge","enemyInfo":null,"spawnCondition":null,"blockNavMap":false,"permaDestruct":true,"mapId":141,"onDestructIncrease":"map.boxesRemoved"}},{"type":"Destructible","x":52,"y":232,"level":1,"settings":{"name":"","desType":"boxLarge","enemyInfo":null,"spawnCondition":null,"blockNavMap":false,"permaDestruct":true,"mapId":142,"onDestructIncrease":"map.boxesRemoved"}},{"type":"Destructible","x":120,"y":212,"level":1,"settings":{"name":"","desType":"boxMedium","enemyInfo":null,"spawnCondition":null,"blockNavMap":false,"permaDestruct":true,"mapId":143,"onDestructIncrease":"map.boxesRemoved"}},{"type":"Destructible","x":88,"y":224,"level":1,"settings":{"name":"","desType":"boxMedium","enemyInfo":null,"spawnCondition":null,"blockNavMap":false,"permaDestruct":true,"mapId":144,"onDestructIncrease":"map.boxesRemoved"}},{"type":"Destructible","x":116,"y":240,"level":1,"settings":{"name":"","desType":"boxMedium","enemyInfo":null,"spawnCondition":null,"blockNavMap":false,"permaDestruct":true,"mapId":145,"onDestructIncrease":"map.boxesRemoved"}},{"type":"Destructible","x":148,"y":420,"level":1,"settings":{"name":"","desType":"boxLarge","enemyInfo":null,"spawnCondition":null,"blockNavMap":false,"permaDestruct":true,"mapId":146,"onDestructIncrease":"map.boxesRemoved"}},{"type":"Marker","x":264,"y":376,"level":1,"settings":{"name":"","dir":"SOUTH","mapId":147}},{"type":"EventTrigger","x":492,"y":264,"level":1,"settings":{"name":"","eventType":"PARALLEL","startCondition":null,"endCondition":"false","event":[{"time":1,"ignoreSlowDown":false,"type":"WAIT"},{"person":{"person":"main.lea","expression":"DETERMINED"},"message":{"de_DE":"...!","en_US":"...!","langUid":1,"zh_CN":"...!","ja_JP":"...\uff01","ko_KR":"...!","zh_TW":"\u2026\uff01"},"type":"SHOW_SIDE_MSG"},{"person":{"person":"main.sergey","expression":"SHOUTING"},"message":{"de_DE":"Lea, so \u00f6ffnet man doch keine Geschenke!","en_US":"Lea, you don't open presents like this!","langUid":2,"zh_CN":"Lea, hediyeler böyle açılmaz!","ja_JP":"\u30ec\u30a2\u3001\u305d\u3093\u306a\u98a8\u306b\u30d7\u30ec\u30bc\u30f3\u30c8\u3092\u958b\u3051\u3061\u3083\u30c0\u30e1\u3060\u3088\uff01","ko_KR":"\ub808\uc544, \uc120\ubb3c\uc740 \uadf8\ub807\uac8c \uc5ec\ub294\uac8c \uc544\ub2c8\uc57c!","zh_TW":"\u8389\u4e9e\uff0c\u4f60\u4e0d\u80fd\u90a3\u6a23\u5b50\u62c6\u79ae\u7269\u554a\uff01"},"type":"SHOW_SIDE_MSG"}],"triggerType":"ONCE","mapId":149}}],"layer":[{"id":1,"type":"Background","name":"below","level":"0","width":35,"height":30,"visible":1,"tilesetName":"media\/map\/cargo-ship-bridge.png","repeat":false,"distance":"1","tilesize":16,"data":[[0,0,0,0,0,0,0,0,0,0,0,0,0,0,0,0,0,0,0,0,0,0,0,0,0,0,0,0,0,0,0,0,0,0,0],[0,0,0,0,0,0,0,0,0,0,0,0,0,0,0,0,0,0,0,0,0,0,0,0,0,0,0,0,0,0,0,0,0,0,0],[0,0,0,0,0,0,0,0,0,0,0,0,0,0,0,0,0,0,0,0,0,0,0,0,0,0,0,0,0,0,0,0,0,0,0],[0,0,0,0,0,0,0,0,0,0,0,0,0,0,0,0,0,0,0,0,0,0,0,0,0,0,0,0,0,0,0,0,0,0,0],[0,0,0,0,0,0,0,0,0,0,0,0,0,0,0,0,0,0,0,0,0,0,0,0,0,0,0,0,0,0,0,0,0,0,0],[0,0,0,0,0,0,0,0,0,0,0,0,0,0,0,0,0,0,0,0,0,0,0,0,0,0,0,0,0,0,0,0,0,0,0],[0,0,0,0,0,0,0,0,0,0,0,0,0,0,0,0,0,0,0,0,0,0,0,0,0,0,0,0,0,0,0,0,0,0,0],[0,0,0,0,0,0,0,0,0,0,0,0,0,0,0,0,0,0,0,0,0,0,0,0,0,0,0,0,0,0,0,0,0,0,0],[0,0,0,0,0,0,0,0,0,0,0,0,0,0,0,0,0,0,0,0,0,0,0,0,0,0,0,0,0,0,0,0,0,0,0],[0,0,0,0,0,0,0,0,0,0,0,0,0,0,0,0,0,0,0,0,0,0,0,0,0,0,0,0,0,0,0,0,0,0,0],[0,0,0,0,0,0,0,0,0,0,0,0,0,0,0,0,0,0,0,0,0,0,0,0,0,0,0,0,0,0,0,0,0,0,0],[0,0,0,0,0,0,0,0,0,0,0,0,0,0,0,0,0,0,0,0,0,0,0,0,0,0,0,0,0,0,0,0,0,0,0],[0,0,0,0,0,0,0,0,0,0,0,0,0,0,0,0,0,0,0,0,0,0,0,0,0,0,0,0,0,0,0,0,0,0,0],[0,0,0,0,0,0,0,0,0,0,0,0,0,0,0,0,0,0,0,0,0,0,0,0,0,0,0,0,0,0,0,0,0,0,0],[0,0,0,0,0,0,0,0,0,0,0,0,0,0,0,0,0,0,0,0,0,0,0,0,0,0,0,0,0,0,0,0,0,0,0],[0,0,0,0,0,0,0,0,0,0,0,0,0,0,0,0,0,0,0,0,0,0,0,0,0,0,0,0,0,0,0,0,0,0,0],[0,0,0,0,0,0,0,0,0,0,0,0,0,0,0,0,0,0,0,0,0,0,0,0,0,0,0,0,0,0,0,0,0,0,0],[0,0,0,0,0,0,0,0,0,0,0,0,0,0,0,0,0,0,0,0,0,0,0,0,0,0,0,0,0,0,0,0,0,0,0],[0,0,0,0,0,0,0,0,0,0,0,0,0,0,0,0,0,0,0,0,0,0,0,0,0,0,0,0,0,0,0,0,0,0,0],[0,0,0,0,0,0,0,0,0,0,0,0,0,0,0,0,0,0,0,0,0,0,0,0,0,0,0,0,0,0,0,0,0,0,0],[0,0,0,0,0,0,0,0,0,0,0,0,0,0,0,0,0,0,0,0,0,0,0,0,0,0,0,0,0,0,0,0,0,0,0],[0,0,0,0,0,0,0,0,0,0,0,0,0,0,0,0,0,0,0,0,0,0,0,0,0,0,0,0,0,0,0,0,0,0,0],[0,0,0,0,0,0,0,0,0,0,0,0,0,0,0,0,0,0,0,0,0,0,0,0,0,0,0,0,0,0,0,0,0,0,0],[0,0,0,0,0,0,0,0,0,0,0,0,0,0,0,0,0,0,0,0,0,0,0,0,0,0,0,0,0,0,0,0,0,0,0],[0,0,0,0,0,0,0,0,0,0,0,0,0,0,0,0,0,0,0,0,0,0,0,0,0,0,0,0,0,0,0,0,0,0,0],[0,0,0,0,0,0,0,0,0,0,0,0,0,0,0,0,0,0,0,0,0,0,0,0,0,0,0,0,0,0,0,0,0,0,0],[0,0,0,0,0,0,0,0,0,0,0,0,0,0,0,0,0,0,0,0,0,0,0,0,0,0,0,0,0,0,0,0,0,0,0],[0,0,0,0,0,0,0,0,0,0,0,0,0,0,0,0,0,0,0,0,0,0,0,0,0,0,0,0,0,0,0,0,0,0,0],[0,0,0,0,0,0,0,0,0,0,0,0,0,0,0,0,0,0,0,0,0,0,0,0,0,0,0,0,0,0,0,0,0,0,0],[0,0,0,0,0,0,0,0,0,0,0,0,0,0,0,0,0,0,0,0,0,0,0,0,0,0,0,0,0,0,0,0,0,0,0]]},{"id":0,"type":"Background","name":"ground","level":"1","width":30,"height":30,"visible":1,"tilesetName":"media\/map\/cargo-ship-bridge.png","repeat":false,"distance":"1","tilesize":16,"data":[[0,0,0,0,0,0,0,0,0,0,0,0,0,0,0,0,0,0,0,0,0,0,0,0,0,0,0,0,0,0],[0,0,0,0,0,0,0,0,0,0,0,0,0,0,0,0,0,0,0,0,0,0,0,0,0,0,0,0,0,0],[0,0,37,7,7,7,7,7,7,7,7,7,7,7,7,7,7,7,7,7,7,7,7,7,7,7,7,9,0,0],[0,0,69,98,130,98,98,98,98,98,98,98,98,98,98,98,98,98,98,98,98,98,98,98,98,98,98,99,9,0],[0,0,69,40,39,40,40,40,40,40,40,40,40,40,40,40,40,40,40,40,40,40,40,40,40,40,40,131,99,42],[0,0,69,72,71,72,72,72,72,72,72,72,72,72,72,72,72,72,72,72,72,72,72,72,72,72,72,73,131,74],[0,0,69,104,103,104,104,104,104,104,104,104,104,104,104,104,104,104,104,104,104,104,104,104,104,104,104,105,73,74],[0,0,69,136,135,136,136,136,136,136,136,136,136,136,136,136,136,136,136,136,136,136,136,136,136,136,136,137,105,74],[0,0,261,33,33,3,3,3,3,3,3,3,3,3,3,3,3,3,3,3,3,3,3,3,3,3,3,194,137,74],[0,0,0,33,1,1,1,1,1,2,2,2,2,3,3,3,3,3,3,3,3,3,3,3,3,3,3,3,194,74],[0,0,0,3,1,1,1,1,1,1,1,2,2,2,2,2,2,2,2,2,2,2,2,2,2,3,3,3,3,265],[0,0,0,3,1,1,1,1,1,1,1,1,34,2,2,2,2,2,2,2,2,2,2,2,2,2,2,3,3,0],[0,0,0,3,2,1,1,1,1,1,1,1,1,34,2,1,1,1,1,1,1,3,3,3,3,1,1,2,3,0],[0,0,0,3,2,1,1,1,1,1,1,1,1,1,1,34,2,3,3,1,1,3,2,2,3,1,1,2,3,0],[0,0,0,3,2,2,1,1,1,1,1,1,1,1,1,1,1,2,3,1,1,2,66,34,2,1,1,2,3,0],[0,0,0,3,2,2,1,1,1,1,1,1,1,1,1,1,1,34,3,1,1,2,1,1,2,1,1,2,3,0],[0,0,0,3,2,2,2,1,1,1,1,1,1,1,1,1,1,1,2,1,1,2,1,1,2,1,1,2,3,0],[0,0,0,3,2,2,2,1,1,1,1,1,1,1,1,1,1,1,34,2,2,66,1,1,2,1,1,2,3,0],[0,0,0,3,2,2,1,1,1,1,1,1,1,1,1,1,1,1,1,1,1,1,1,1,34,2,2,2,3,0],[0,0,0,3,3,2,1,1,1,1,1,1,1,1,1,1,1,1,1,1,1,1,1,1,1,1,1,2,3,0],[0,0,0,3,2,2,1,1,1,1,1,1,66,1,1,1,1,1,1,1,1,1,1,1,1,1,1,2,3,0],[0,0,0,3,2,2,1,1,1,1,1,1,2,1,1,1,1,1,1,1,1,1,1,1,1,1,1,2,3,0],[0,0,0,3,2,2,1,1,1,34,1,1,2,1,1,1,1,34,1,1,1,1,1,1,1,1,1,2,3,0],[0,0,0,3,2,2,1,1,1,2,1,1,2,1,1,1,1,2,1,1,1,1,1,1,66,1,1,2,3,0],[0,0,0,3,2,2,1,1,1,1,1,1,1,1,1,1,1,2,1,1,1,1,1,1,2,1,1,2,3,0],[0,0,0,3,2,1,1,1,1,1,1,1,1,1,1,1,1,2,1,1,1,1,1,1,2,1,2,2,3,0],[0,0,0,3,2,1,1,1,1,1,1,1,1,1,1,1,1,3,2,1,1,1,1,66,3,2,2,33,162,0],[0,0,0,3,33,33,33,33,33,33,33,33,33,33,33,33,33,33,33,33,33,33,33,3,3,3,3,162,296,0],[0,0,0,295,295,295,295,295,295,295,295,295,295,295,295,295,295,295,295,295,295,295,295,295,295,295,295,296,0,0],[0,0,0,0,0,0,0,0,0,0,0,0,0,0,0,0,0,0,0,0,0,0,0,0,0,0,0,0,0,0]]},{"id":9,"type":"Navigation","name":"path","level":"1","width":35,"height":30,"visible":1,"tilesetName":"media\/map\/pathmap-tiles.png","repeat":false,"distance":"1","tilesize":16,"data":[[0,0,0,0,0,0,0,0,0,0,0,0,0,0,0,0,0,0,0,0,0,0,0,0,0,0,0,0,0,0,0,0,0,0,0],[0,0,0,0,0,0,0,0,0,0,0,0,0,0,0,0,0,0,0,0,0,0,0,0,0,0,0,0,0,0,0,0,0,0,0],[0,0,0,0,0,0,0,0,0,0,0,0,0,0,0,0,0,0,0,0,0,0,0,0,0,0,0,0,0,0,0,0,0,0,0],[0,0,0,0,0,0,0,0,0,0,0,0,0,0,0,0,0,0,0,0,0,0,0,0,0,0,0,0,0,0,0,0,0,0,0],[0,0,0,0,0,0,0,0,0,0,0,0,0,0,0,0,0,0,0,0,0,0,0,0,0,0,0,0,0,0,0,0,0,0,0],[0,0,0,0,0,0,0,0,0,0,0,0,0,0,0,0,0,0,0,0,0,0,0,0,0,0,0,0,0,0,0,0,0,0,0],[0,0,0,0,0,0,0,0,0,0,0,0,0,0,0,0,0,0,0,0,0,0,0,0,0,0,0,0,0,0,0,0,0,0,0],[0,0,0,0,0,0,0,0,0,0,0,0,0,0,0,0,0,0,0,0,0,0,0,0,0,0,0,0,0,0,0,0,0,0,0],[0,0,0,1,1,1,1,1,1,1,1,1,1,0,0,0,0,0,0,0,0,0,0,0,0,0,0,0,0,0,0,0,0,0,0],[0,0,0,1,1,1,1,1,1,1,1,1,1,0,0,0,0,0,0,0,0,0,0,0,0,0,0,2,0,0,0,0,0,0,0],[0,0,0,1,1,1,1,1,1,1,1,1,1,0,0,0,0,0,0,0,0,0,0,0,0,0,0,2,2,0,0,0,0,0,0],[0,0,0,1,1,1,1,1,1,1,1,1,1,0,0,0,0,0,0,0,0,0,0,0,0,0,0,2,2,0,0,0,0,0,0],[0,0,0,1,1,1,1,1,1,1,1,1,1,0,0,0,0,0,0,0,0,2,2,2,2,0,0,2,2,0,0,0,0,0,0],[0,0,0,3,3,2,2,2,2,2,2,2,2,2,3,3,1,1,1,0,0,2,2,2,2,0,0,2,2,0,0,0,0,0,0],[0,0,0,3,3,2,2,2,2,2,2,2,2,2,3,3,1,1,1,0,0,2,2,2,2,0,0,0,0,0,0,0,0,0,0],[0,0,0,3,3,2,2,2,2,2,2,2,2,2,3,3,1,1,1,0,0,2,2,2,2,0,0,0,0,0,0,0,0,0,0],[0,0,0,3,3,2,2,2,2,2,2,2,2,2,0,0,1,1,1,0,0,2,2,2,2,0,0,0,0,0,0,0,0,0,0],[0,0,0,3,3,2,2,2,2,2,2,2,2,2,0,0,1,1,1,3,3,3,3,3,3,0,0,0,0,0,0,0,0,0,0],[0,0,0,0,0,2,2,2,2,2,2,2,2,2,3,2,2,2,2,3,3,3,3,3,3,1,1,0,0,0,0,0,0,0,0],[0,0,0,0,0,2,2,2,2,2,2,2,2,2,3,2,2,2,2,3,3,3,3,3,3,1,1,2,2,0,0,0,0,0,0],[0,0,0,0,0,2,2,2,2,2,2,2,2,2,3,2,2,2,2,3,3,3,3,3,3,1,1,2,2,0,0,0,0,0,0],[0,0,0,0,0,1,1,1,1,1,1,1,1,0,0,2,2,2,2,3,3,3,3,3,3,1,1,2,2,0,0,0,0,0,0],[0,0,0,0,0,1,1,1,1,1,1,1,1,0,0,2,2,2,2,3,3,3,3,3,3,1,1,2,2,0,0,0,0,0,0],[0,0,0,0,0,0,0,0,0,2,2,2,2,0,0,0,0,1,1,1,1,1,1,1,1,0,0,2,2,0,0,0,0,0,0],[0,0,0,0,0,0,0,0,0,2,2,2,2,0,0,0,0,1,1,1,1,1,1,1,1,0,0,2,2,0,0,0,0,0,0],[0,0,0,0,0,0,0,0,0,2,2,2,2,0,0,0,0,1,1,1,1,1,1,1,1,0,0,2,2,0,0,0,0,0,0],[0,0,0,0,0,0,0,0,0,0,0,0,0,0,0,0,0,1,1,1,1,1,1,1,1,0,0,2,0,0,0,0,0,0,0],[0,0,0,0,0,0,0,0,0,0,0,0,0,0,0,0,0,1,1,1,1,1,1,1,1,0,0,0,0,0,0,0,0,0,0],[0,0,0,0,0,0,0,0,0,0,0,0,0,0,0,0,0,0,0,0,0,0,0,0,0,0,0,0,0,0,0,0,0,0,0],[0,0,0,0,0,0,0,0,0,0,0,0,0,0,0,0,0,0,0,0,0,0,0,0,0,0,0,0,0,0,0,0,0,0,0]]},{"id":2,"type":"Background","name":"groundDetail","level":"1","width":35,"height":30,"visible":1,"tilesetName":"media\/map\/cargo-ship-bridge.png","repeat":false,"distance":"1","tilesize":16,"data":[[0,0,0,0,0,0,0,0,0,0,0,0,0,0,0,0,0,0,0,0,0,0,0,0,0,0,0,0,0,0,0,0,0,0,0],[0,0,0,0,0,0,0,0,0,0,0,0,0,0,0,0,0,0,0,0,0,0,0,0,0,0,0,0,0,0,0,0,0,0,0],[0,0,0,0,0,0,0,0,0,0,0,0,0,0,0,0,0,0,0,0,0,0,0,0,0,0,0,0,0,0,0,0,0,0,0],[0,0,0,0,0,0,0,0,0,0,0,0,0,0,0,0,0,0,0,0,0,0,0,0,0,0,0,0,0,0,0,0,0,0,0],[0,0,0,0,0,0,458,459,0,0,0,0,458,459,0,0,458,459,0,0,458,459,0,0,458,459,0,0,0,0,0,0,0,0,0],[0,0,0,0,0,0,490,491,0,0,0,0,490,491,0,0,490,491,0,0,490,491,0,0,490,491,0,0,0,0,0,0,0,0,0],[0,0,0,0,0,0,0,0,0,0,0,0,0,0,0,0,0,0,0,0,0,0,0,0,0,0,0,0,0,0,0,0,0,0,0],[0,0,0,0,0,0,0,0,0,0,0,0,0,0,0,0,0,0,0,0,0,0,0,0,0,0,0,0,0,0,0,0,0,0,0],[0,0,0,0,0,0,0,0,0,0,0,0,0,0,0,0,0,0,0,0,0,0,0,0,0,0,0,0,0,0,0,0,0,0,0],[0,0,0,0,0,0,0,0,0,0,0,0,0,0,0,0,0,0,0,0,0,0,0,0,0,0,0,0,0,0,0,0,0,0,0],[0,0,0,0,0,0,0,0,0,0,0,0,0,0,0,0,0,0,0,0,0,0,0,0,0,0,0,0,0,0,0,0,0,0,0],[0,0,0,0,0,0,0,0,0,0,0,0,0,0,0,0,0,0,0,0,0,0,0,0,0,0,0,0,0,0,0,0,0,0,0],[0,0,0,0,0,0,0,0,0,0,0,0,0,0,0,0,0,0,0,0,0,0,0,0,0,0,0,0,0,0,0,0,0,0,0],[0,0,0,0,0,0,0,0,0,0,0,0,0,0,0,0,0,0,0,0,0,0,0,0,0,0,0,0,0,0,0,0,0,0,0],[0,0,0,0,0,0,0,0,0,0,0,0,0,0,0,0,0,0,0,0,0,0,0,0,0,0,0,0,0,0,0,0,0,0,0],[0,0,0,0,0,0,0,0,0,0,0,0,0,0,0,0,0,0,0,0,0,0,0,0,0,0,0,0,0,0,0,0,0,0,0],[0,0,0,0,0,0,0,0,0,0,0,0,0,0,0,0,0,0,0,0,0,0,0,0,0,0,0,0,0,0,0,0,0,0,0],[0,0,0,0,0,0,0,0,0,0,0,0,0,0,0,0,0,0,0,0,0,0,0,0,0,0,0,0,0,0,0,0,0,0,0],[0,0,0,0,0,0,0,0,0,0,0,0,0,0,0,0,0,0,0,0,0,0,0,0,0,0,0,0,0,0,0,0,0,0,0],[0,0,0,0,0,0,0,0,0,0,0,0,0,0,0,0,0,0,0,0,0,0,0,0,0,0,0,0,0,0,0,0,0,0,0],[0,0,0,0,0,0,0,0,0,0,0,0,0,0,0,0,0,0,0,0,0,0,0,0,0,0,0,0,0,0,0,0,0,0,0],[0,0,0,0,0,0,0,0,0,0,0,0,0,0,0,0,0,0,0,0,0,0,0,0,0,0,0,0,0,0,0,0,0,0,0],[0,0,0,0,0,0,0,0,0,0,0,0,0,0,0,0,0,0,0,0,0,0,0,0,0,0,0,0,0,0,0,0,0,0,0],[0,0,0,0,0,0,0,0,0,0,0,0,0,0,0,0,0,0,0,0,0,0,0,0,0,0,0,0,0,0,0,0,0,0,0],[0,0,0,0,0,0,0,0,0,0,0,0,0,0,0,0,0,0,0,0,0,0,0,0,0,0,0,0,0,0,0,0,0,0,0],[0,0,0,0,0,0,0,0,0,0,0,0,0,0,0,0,0,0,0,0,0,0,0,0,0,0,0,0,0,0,0,0,0,0,0],[0,0,0,0,0,0,0,0,0,0,0,0,0,0,0,0,0,0,0,0,0,0,0,0,0,0,0,0,0,0,0,0,0,0,0],[0,0,0,0,0,0,0,0,0,0,0,0,0,0,0,0,0,0,0,0,0,0,0,0,0,0,0,0,0,0,0,0,0,0,0],[0,0,0,0,0,0,0,0,0,0,0,0,0,0,0,0,0,0,0,0,0,0,0,0,0,0,0,0,0,0,0,0,0,0,0],[0,0,0,0,0,0,0,0,0,0,0,0,0,0,0,0,0,0,0,0,0,0,0,0,0,0,0,0,0,0,0,0,0,0,0]]},{"id":4,"type":"Background","name":"groundDetail2","level":"1","width":35,"height":30,"visible":1,"tilesetName":"media\/map\/cargo-ship-bridge.png","repeat":false,"distance":"1","tilesize":16,"data":[[0,0,0,0,0,0,0,0,0,0,0,0,0,0,0,0,0,0,0,0,0,0,0,0,0,0,0,0,0,0,0,0,0,0,0],[0,0,0,0,0,0,0,0,0,0,0,0,0,0,0,0,0,0,0,0,0,0,0,0,0,0,0,0,0,0,0,0,0,0,0],[0,0,0,0,0,0,0,0,0,0,0,0,0,0,0,0,0,0,0,0,0,0,0,0,0,0,0,0,0,0,0,0,0,0,0],[0,0,0,0,0,0,0,0,0,0,0,0,0,0,0,0,0,0,0,0,0,0,0,0,0,0,0,0,0,0,0,0,0,0,0],[0,0,0,0,0,0,0,0,0,0,0,0,0,0,0,0,0,0,0,0,0,0,0,0,0,0,0,0,0,0,0,0,0,0,0],[0,0,0,0,0,0,0,0,0,0,0,0,0,0,0,0,0,0,0,0,0,0,0,0,0,0,0,0,0,0,0,0,0,0,0],[0,0,0,0,0,0,0,0,0,0,0,0,0,0,0,0,0,0,0,0,0,0,0,0,0,0,0,0,0,0,0,0,0,0,0],[0,0,0,0,0,0,0,0,0,0,0,0,0,0,0,0,0,0,0,0,0,0,0,0,0,0,0,0,0,0,0,0,0,0,0],[0,0,0,0,0,0,0,0,0,0,0,0,0,0,0,0,0,0,0,0,0,0,0,0,0,0,0,0,0,0,0,0,0,0,0],[0,0,0,0,0,0,0,0,0,0,0,0,0,0,0,0,0,0,0,0,0,0,0,0,0,0,0,0,0,0,0,0,0,0,0],[0,0,0,0,0,0,0,0,0,0,0,0,0,0,0,0,0,0,0,0,0,0,0,0,0,0,0,0,0,0,0,0,0,0,0],[0,0,0,0,0,0,0,0,0,0,0,0,0,0,0,0,0,0,0,0,0,0,0,0,0,0,0,0,0,0,0,0,0,0,0],[0,0,0,0,0,0,0,0,0,0,0,0,0,0,0,0,0,0,0,0,0,0,0,0,0,0,0,0,0,0,0,0,0,0,0],[0,0,0,0,0,0,0,0,0,0,0,0,0,0,0,0,0,0,0,0,0,0,0,0,0,0,0,0,0,0,0,0,0,0,0],[0,0,0,0,0,0,0,0,0,0,0,0,0,0,0,0,0,0,0,0,0,0,0,0,0,0,0,0,0,0,0,0,0,0,0],[0,0,0,0,0,0,0,0,0,0,0,0,0,0,0,0,0,0,0,0,0,0,0,0,0,0,0,0,0,0,0,0,0,0,0],[0,0,0,0,0,0,0,0,0,0,0,0,0,0,0,0,0,0,0,0,0,0,0,0,0,0,0,0,0,0,0,0,0,0,0],[0,0,0,0,0,0,0,0,0,0,0,0,0,0,0,0,0,0,0,0,0,0,0,0,0,0,0,0,0,0,0,0,0,0,0],[0,0,0,0,0,0,0,0,0,0,0,0,0,0,0,0,0,0,0,0,0,0,0,0,0,0,0,0,0,0,0,0,0,0,0],[0,0,0,0,0,0,0,0,0,0,0,0,0,0,0,0,0,0,0,0,0,0,0,0,0,0,0,0,0,0,0,0,0,0,0],[0,0,0,0,0,0,0,0,0,0,0,0,0,0,0,0,0,0,0,0,0,0,0,0,0,0,0,0,0,0,0,0,0,0,0],[0,0,0,0,0,0,0,0,0,0,0,0,0,0,0,0,0,0,0,0,0,0,0,0,0,0,0,0,0,0,0,0,0,0,0],[0,0,0,0,0,0,0,0,0,0,0,0,0,0,0,0,0,0,0,0,0,0,0,0,0,0,0,0,0,0,0,0,0,0,0],[0,0,0,0,0,0,0,0,0,0,0,0,0,0,0,0,0,0,0,0,0,0,0,0,0,0,0,0,0,0,0,0,0,0,0],[0,0,0,0,0,0,0,0,0,0,0,0,0,0,0,0,0,0,0,0,0,0,0,0,0,0,0,0,0,0,0,0,0,0,0],[0,0,0,0,0,0,0,0,0,0,0,0,0,0,0,0,0,0,0,0,0,0,0,0,0,0,0,0,0,0,0,0,0,0,0],[0,0,0,0,0,0,0,0,0,0,0,0,0,0,0,0,0,0,0,0,0,0,0,0,0,0,0,0,0,0,0,0,0,0,0],[0,0,0,0,0,0,0,0,0,0,0,0,0,0,0,0,0,0,0,0,0,0,0,0,0,0,0,0,0,0,0,0,0,0,0],[0,0,0,0,0,0,0,0,0,0,0,0,0,0,0,0,0,0,0,0,0,0,0,0,0,0,0,0,0,0,0,0,0,0,0],[0,0,0,0,0,0,0,0,0,0,0,0,0,0,0,0,0,0,0,0,0,0,0,0,0,0,0,0,0,0,0,0,0,0,0]]},{"id":5,"type":"Background","name":"obj","level":"object1","width":35,"height":30,"visible":1,"tilesetName":"media\/map\/cargo-ship-bridge.png","repeat":false,"distance":"1","tilesize":16,"data":[[0,0,0,0,0,0,0,0,0,0,0,0,0,0,0,0,0,0,0,0,0,0,0,0,0,0,0,0,0,0,0,0,0,0,0],[0,0,0,0,0,0,0,0,0,0,0,0,0,0,0,0,0,0,0,0,0,0,0,0,0,0,0,0,0,0,0,0,0,0,0],[0,0,0,0,0,0,0,0,0,0,0,0,0,0,0,0,0,0,0,0,0,0,0,0,0,0,0,0,0,0,0,0,0,0,0],[0,0,0,0,0,0,0,0,0,0,0,0,0,0,0,0,0,0,0,0,0,0,0,0,0,0,0,0,0,0,0,0,0,0,0],[0,0,0,0,0,0,0,0,0,0,0,0,0,0,0,0,0,0,0,0,0,0,0,0,0,0,0,0,0,0,0,0,0,0,0],[0,0,0,0,0,0,0,0,0,0,0,0,0,0,0,0,0,0,0,0,0,0,0,0,0,0,0,0,0,0,0,0,0,0,0],[0,0,0,0,0,0,0,0,0,0,0,0,0,0,0,0,0,0,0,0,0,0,0,0,0,0,0,0,0,0,0,0,0,0,0],[0,0,0,0,0,0,0,0,0,0,0,0,0,0,0,0,0,0,0,0,0,0,0,0,0,0,0,0,0,0,0,0,0,0,0],[0,0,0,0,0,0,0,0,0,0,0,0,0,0,0,0,0,0,0,0,0,0,0,0,0,0,0,0,0,0,0,0,0,0,0],[0,0,0,0,0,0,0,0,0,0,0,0,0,0,0,0,0,0,0,0,0,0,0,0,0,0,0,0,0,0,0,0,0,0,0],[0,0,0,0,0,0,0,0,0,0,0,0,0,0,0,0,0,0,0,0,0,0,0,0,0,0,0,0,0,0,0,0,0,0,0],[0,0,0,0,0,0,0,0,0,0,0,0,0,0,0,0,0,0,0,0,0,0,0,0,0,0,0,0,0,0,0,0,0,0,0],[0,0,0,0,0,0,0,0,0,0,0,0,0,0,0,0,0,0,0,0,0,0,0,0,0,0,0,0,0,0,0,0,0,0,0],[0,0,0,0,0,0,0,0,0,0,0,0,0,0,0,0,0,0,0,0,0,0,0,0,0,0,0,0,0,0,0,0,0,0,0],[0,0,0,0,0,0,0,0,0,0,0,0,0,0,0,0,0,0,0,0,0,0,0,0,0,0,0,0,0,0,0,0,0,0,0],[0,0,0,0,0,0,0,0,0,0,0,0,0,0,0,0,0,0,0,0,0,0,0,0,0,0,0,0,0,0,0,0,0,0,0],[0,0,0,0,0,0,0,0,0,0,0,0,0,0,0,0,0,0,0,0,0,0,0,0,0,0,0,0,0,0,0,0,0,0,0],[0,0,0,0,0,0,0,0,0,0,0,0,0,0,0,0,0,0,0,0,0,0,0,0,0,0,0,0,0,0,0,0,0,0,0],[0,0,0,0,0,0,0,0,0,0,0,0,0,0,0,0,0,0,0,0,0,0,0,0,0,0,0,0,0,0,0,0,0,0,0],[0,0,0,0,0,0,0,0,0,0,0,0,0,0,0,0,0,0,0,0,0,0,0,0,0,0,0,0,0,0,0,0,0,0,0],[0,0,0,0,0,0,0,0,0,0,0,0,0,0,0,0,0,0,0,0,0,0,0,0,0,0,0,0,0,0,0,0,0,0,0],[0,0,0,0,0,0,0,0,0,0,0,0,0,0,0,0,0,0,0,0,0,0,0,0,0,0,0,0,0,0,0,0,0,0,0],[0,0,0,0,0,0,0,0,0,0,0,0,0,0,0,0,0,0,0,0,0,0,0,0,0,0,0,0,0,0,0,0,0,0,0],[0,0,0,0,0,0,0,0,0,0,0,0,0,0,0,0,0,0,0,0,0,0,0,0,0,0,0,0,0,0,0,0,0,0,0],[0,0,0,0,0,0,0,0,0,0,0,0,0,0,0,0,0,0,0,0,0,0,0,0,0,0,0,0,0,0,0,0,0,0,0],[0,0,0,0,0,0,0,0,0,0,0,0,0,0,0,0,0,0,0,0,0,0,0,0,0,0,0,0,0,0,0,0,0,0,0],[0,0,0,0,0,0,0,0,0,0,0,0,0,0,0,0,0,0,0,0,0,0,0,0,0,0,0,0,0,0,0,0,0,0,0],[0,0,0,0,0,0,0,0,0,0,0,0,0,0,0,0,0,0,0,0,0,0,0,0,0,0,0,0,0,0,0,0,0,0,0],[0,0,0,0,0,0,0,0,0,0,0,0,0,0,0,0,0,0,0,0,0,0,0,0,0,0,0,0,0,0,0,0,0,0,0],[0,0,0,0,0,0,0,0,0,0,0,0,0,0,0,0,0,0,0,0,0,0,0,0,0,0,0,0,0,0,0,0,0,0,0]]},{"id":6,"type":"Background","name":"upper","level":"2","width":35,"height":30,"visible":1,"tilesetName":"media\/map\/cargo-ship-bridge.png","repeat":false,"distance":"1","tilesize":16,"data":[[0,0,0,0,0,0,0,0,0,0,0,0,0,0,0,0,0,0,0,0,0,0,0,0,0,0,0,0,0,0,0,0,0,0,0],[0,0,0,0,0,0,0,0,0,0,0,0,0,0,0,0,0,0,0,0,0,0,0,0,0,0,0,0,0,0,0,0,0,0,0],[0,0,0,0,0,0,0,0,0,0,0,0,0,0,0,0,0,0,0,0,0,0,0,0,0,0,0,0,0,0,0,0,0,0,0],[0,0,0,0,0,0,0,0,0,0,0,0,0,0,0,0,0,0,0,0,0,0,0,0,0,0,0,0,0,0,0,0,0,0,0],[0,0,0,0,0,0,0,0,0,0,0,0,0,0,0,0,0,0,0,0,0,0,0,0,0,0,0,0,0,0,0,0,0,0,0],[0,0,0,0,0,0,0,0,0,0,0,0,0,0,0,0,0,0,0,0,0,0,0,0,0,0,0,0,0,0,0,0,0,0,0],[0,0,0,0,0,0,0,0,0,0,0,0,0,0,0,0,0,0,0,0,0,0,0,0,0,0,0,0,0,0,0,0,0,0,0],[0,0,0,0,0,0,0,0,0,0,0,0,0,0,0,0,0,0,0,0,0,0,0,0,0,0,0,0,0,0,0,0,0,0,0],[0,0,0,0,0,0,0,0,0,0,0,0,0,0,0,0,0,0,0,0,0,0,0,0,0,0,0,0,0,0,0,0,0,0,0],[0,0,0,0,0,0,0,0,0,0,0,0,0,0,0,0,0,0,0,0,0,0,0,0,0,0,0,0,0,0,0,0,0,0,0],[0,0,0,0,0,0,0,0,0,0,0,0,0,0,0,0,0,0,0,0,0,0,0,0,0,0,0,0,0,0,0,0,0,0,0],[0,0,0,0,0,0,0,0,0,0,0,0,0,0,0,0,0,0,0,0,0,0,0,0,0,0,0,0,0,0,0,0,0,0,0],[0,0,0,0,0,0,0,0,0,0,0,0,0,0,0,0,0,0,0,0,0,0,0,0,0,0,0,0,0,0,0,0,0,0,0],[0,0,0,0,0,0,0,0,0,0,0,0,0,0,0,0,0,0,0,0,0,0,0,0,0,0,0,0,0,0,0,0,0,0,0],[0,0,0,0,0,0,0,0,0,0,0,0,0,0,0,0,0,0,0,0,0,0,0,0,0,0,0,0,0,0,0,0,0,0,0],[0,0,0,0,0,0,0,0,0,0,0,0,0,0,0,0,0,0,0,0,0,0,0,0,0,0,0,0,0,0,0,0,0,0,0],[0,0,0,0,0,0,0,0,0,0,0,0,0,0,0,0,0,0,0,0,0,0,0,0,0,0,0,0,0,0,0,0,0,0,0],[0,0,0,0,0,0,0,0,0,0,0,0,0,0,0,0,0,0,0,0,0,0,0,0,0,0,0,0,0,0,0,0,0,0,0],[0,0,0,0,0,0,0,0,0,0,0,0,0,0,0,0,0,0,0,0,0,0,0,0,0,0,0,0,0,0,0,0,0,0,0],[0,0,0,0,0,0,0,0,0,0,0,0,0,0,0,0,0,0,0,0,0,0,0,0,0,0,0,0,0,0,0,0,0,0,0],[0,0,0,0,0,0,0,0,0,0,0,0,0,0,0,0,0,0,0,0,0,0,0,0,0,0,0,0,0,0,0,0,0,0,0],[0,0,0,0,0,0,0,0,0,0,0,0,0,0,0,0,0,0,0,0,0,0,0,0,0,0,0,0,0,0,0,0,0,0,0],[0,0,0,0,0,0,0,0,0,0,0,0,0,0,0,0,0,0,0,0,0,0,0,0,0,0,0,0,0,0,0,0,0,0,0],[0,0,0,0,0,0,0,0,0,0,0,0,0,0,0,0,0,0,0,0,0,0,0,0,0,0,0,0,0,0,0,0,0,0,0],[0,0,0,0,0,0,0,0,0,0,0,0,0,0,0,0,0,0,0,0,0,0,0,0,0,0,0,0,0,0,0,0,0,0,0],[0,0,0,0,0,0,0,0,0,0,0,0,0,0,0,0,0,0,0,0,0,0,0,0,0,0,0,0,0,0,0,0,0,0,0],[0,0,0,0,0,0,0,0,0,0,0,0,0,0,0,0,0,0,0,0,0,0,0,0,0,0,0,0,0,0,0,0,0,0,0],[0,0,0,0,0,0,0,0,0,0,0,0,0,0,0,0,0,0,0,0,0,0,0,0,0,0,0,0,0,0,0,0,0,0,0],[0,0,0,0,0,0,0,0,0,0,0,0,0,0,0,0,0,0,0,0,0,0,0,0,0,0,0,0,0,0,0,0,0,0,0],[0,0,0,0,0,0,0,0,0,0,0,0,0,0,0,0,0,0,0,0,0,0,0,0,0,0,0,0,0,0,0,0,0,0,0]]},{"id":7,"type":"Light","name":"light","level":"last","width":35,"height":30,"visible":1,"tilesetName":"media\/map\/lightmap-tiles.png","repeat":false,"distance":"1","tilesize":16,"data":[[0,0,0,0,0,0,0,0,0,0,0,0,0,0,0,0,0,0,0,0,0,0,0,0,0,0,0,0,0,0,0,0,0,0,0],[0,0,0,0,0,0,0,0,0,0,0,0,0,0,0,0,0,0,0,0,0,0,0,0,0,0,0,0,0,0,0,0,0,0,0],[0,0,0,0,0,0,0,0,0,0,0,0,0,0,0,0,0,0,0,0,0,0,0,0,0,0,0,0,0,0,0,0,0,0,0],[0,0,0,0,0,0,0,0,0,0,0,0,0,0,0,0,0,0,0,0,0,0,0,0,0,0,0,0,0,0,0,0,0,0,0],[0,0,0,0,0,0,0,0,0,0,0,0,0,0,0,0,0,0,0,0,0,0,0,0,0,0,0,0,0,0,0,0,0,0,0],[0,0,0,0,0,0,0,133,0,0,0,0,0,133,0,0,0,133,0,0,0,133,0,0,0,133,0,0,0,0,0,0,0,0,0],[0,0,0,0,0,0,0,0,0,0,0,0,0,0,0,0,0,0,0,0,0,0,0,0,0,0,0,0,0,0,0,0,0,0,0],[0,0,0,0,0,0,0,0,0,0,0,0,0,0,0,0,0,0,0,0,0,0,0,0,0,0,0,0,0,0,0,0,0,0,0],[0,0,0,0,0,0,0,0,0,0,0,0,0,0,0,0,0,0,0,0,0,0,0,0,0,0,0,0,0,0,0,0,0,0,0],[0,0,0,0,0,0,0,0,0,0,0,0,0,0,0,0,0,0,0,0,0,0,0,0,0,0,0,0,0,0,0,0,0,0,0],[0,0,0,0,0,0,0,0,0,0,0,0,0,0,0,0,0,0,0,0,0,0,0,0,0,0,0,0,0,0,0,0,0,0,0],[0,0,0,0,0,0,0,0,0,0,0,0,0,0,0,0,0,0,0,0,0,0,0,0,0,0,0,0,0,0,0,0,0,0,0],[0,0,0,0,0,0,0,0,0,0,0,0,0,0,0,0,0,0,0,0,0,0,0,0,0,0,0,0,0,0,0,0,0,0,0],[0,0,0,0,0,0,0,0,0,0,0,0,0,0,0,0,0,0,0,0,0,0,0,0,0,0,0,0,0,0,0,0,0,0,0],[0,0,0,0,0,0,0,0,0,0,0,0,0,0,0,0,0,2,0,0,0,0,0,0,0,0,0,0,0,0,0,0,0,0,0],[0,0,0,0,0,0,0,0,0,0,0,0,0,0,0,0,0,0,0,0,0,0,0,0,0,0,0,0,0,0,0,0,0,0,0],[0,0,0,0,0,0,0,0,0,0,0,0,0,0,0,0,0,0,0,0,0,0,0,0,0,0,0,0,0,0,0,0,0,0,0],[0,0,0,0,0,0,0,0,0,0,0,0,0,0,0,0,0,0,0,0,0,0,0,0,0,0,0,0,0,0,0,0,0,0,0],[0,0,0,0,0,0,0,0,0,0,0,0,0,0,0,0,0,2,0,0,0,0,0,0,0,0,0,0,0,0,0,0,0,0,0],[0,0,0,0,0,0,0,0,0,0,0,0,0,0,0,0,0,0,0,0,0,0,0,0,0,0,0,0,0,0,0,0,0,0,0],[0,0,0,0,0,0,0,0,0,0,0,0,0,0,0,0,0,0,0,0,0,0,0,0,0,0,0,0,0,0,0,0,0,0,0],[0,0,0,0,0,0,0,0,0,0,0,0,2,0,0,0,0,0,0,0,0,2,0,0,0,0,0,0,0,0,0,0,0,0,0],[0,0,0,0,0,0,0,0,0,0,0,0,0,0,0,0,0,0,0,0,0,0,0,0,0,0,0,0,0,0,0,0,0,0,0],[0,0,0,0,0,0,0,0,0,0,0,0,0,0,0,0,0,0,0,0,0,0,0,0,0,0,0,0,0,0,0,0,0,0,0],[0,0,0,0,0,0,0,0,0,0,0,0,0,0,0,0,0,0,0,0,0,0,0,0,0,0,0,0,0,0,0,0,0,0,0],[0,0,0,0,0,0,0,0,0,0,0,0,0,0,0,0,0,0,0,0,0,0,0,0,0,0,0,0,0,0,0,0,0,0,0],[0,0,0,0,0,0,0,0,0,0,0,0,0,0,0,0,0,0,0,0,0,0,0,0,0,0,0,0,0,0,0,0,0,0,0],[0,0,0,0,0,0,0,0,0,0,0,0,0,0,0,0,0,0,0,0,0,0,0,0,0,0,0,0,0,0,0,0,0,0,0],[0,0,0,0,0,0,0,0,0,0,0,0,0,0,0,0,0,0,0,0,0,0,0,0,0,0,0,0,0,0,0,0,0,0,0],[0,0,0,0,0,0,0,0,0,0,0,0,0,0,0,0,0,0,0,0,0,0,0,0,0,0,0,0,0,0,0,0,0,0,0]]},{"id":3,"type":"Collision","name":"Collision","level":"1","width":35,"height":30,"visible":1,"tilesetName":"media\/map\/collisiontiles-16x16.png","repeat":false,"distance":"1","tilesize":16,"data":[[0,0,0,0,0,0,0,0,0,0,0,0,0,0,0,0,0,0,0,0,0,0,0,0,0,0,0,0,0,0,0,0,0,0,0],[0,0,0,0,0,0,0,0,0,0,0,0,0,0,0,0,0,0,0,0,0,0,0,0,0,0,0,0,0,0,0,0,0,0,0],[0,0,0,0,0,0,0,0,0,0,0,0,0,0,0,0,0,0,0,0,0,0,0,0,0,0,0,0,0,0,0,0,0,0,0],[0,0,0,0,0,0,0,0,0,0,0,0,0,0,0,0,0,0,0,0,0,0,0,0,0,0,0,0,0,0,0,0,0,0,0],[0,0,0,0,0,0,0,0,0,0,0,0,0,0,0,0,0,0,0,0,0,0,0,0,0,0,0,0,0,0,0,0,0,0,0],[0,0,0,0,0,0,0,0,0,0,0,0,0,0,0,0,0,0,0,0,0,0,0,0,0,0,0,0,0,0,0,0,0,0,0],[0,0,0,0,0,0,0,0,0,0,0,0,0,0,0,0,0,0,0,0,0,0,0,0,0,0,0,0,0,0,0,0,0,0,0],[0,0,2,2,2,2,2,2,2,2,2,2,2,2,2,2,2,2,2,2,2,2,2,2,2,2,2,0,0,0,0,0,0,0,0],[0,0,2,0,0,0,0,0,0,0,0,0,0,0,0,0,0,0,0,0,0,0,0,0,0,0,0,10,0,0,0,0,0,0,0],[0,0,2,0,0,0,0,0,0,0,0,0,0,0,0,0,0,0,0,0,0,0,0,0,0,0,0,0,10,0,0,0,0,0,0],[0,0,2,0,0,0,0,0,0,0,0,0,0,0,0,0,0,0,0,0,0,0,0,0,0,0,0,0,0,2,0,0,0,0,0],[0,0,2,0,0,0,0,0,0,0,0,0,0,0,0,0,0,0,0,0,0,0,0,0,0,0,0,0,0,2,0,0,0,0,0],[0,0,2,0,0,0,0,0,0,0,0,0,0,0,0,0,0,0,0,0,0,0,0,0,0,0,0,0,0,2,0,0,0,0,0],[0,0,2,0,0,0,0,0,0,0,0,0,0,0,0,0,0,0,0,0,0,0,0,0,0,0,0,0,0,2,0,0,0,0,0],[0,0,2,0,0,0,0,0,0,0,0,0,0,0,0,0,0,0,0,0,0,0,0,0,0,0,0,0,0,2,0,0,0,0,0],[0,0,2,0,0,0,0,0,0,0,0,0,0,0,0,0,0,0,0,0,0,0,0,0,0,0,0,0,0,2,0,0,0,0,0],[0,0,2,0,0,0,0,0,0,0,0,0,0,0,0,0,0,0,0,0,0,0,0,0,0,0,0,0,0,2,0,0,0,0,0],[0,0,2,0,0,0,0,0,0,0,0,0,0,0,0,0,0,0,0,0,0,0,0,0,0,0,0,0,0,2,0,0,0,0,0],[0,0,2,0,0,0,0,0,0,0,0,0,0,0,0,0,0,0,0,0,0,0,0,0,0,0,0,0,0,2,0,0,0,0,0],[0,0,2,0,0,0,0,0,0,0,0,0,0,0,0,0,0,0,0,0,0,0,0,0,0,0,0,0,0,2,0,0,0,0,0],[0,0,2,0,0,0,0,0,0,0,0,0,0,0,0,0,0,0,0,0,0,0,0,0,0,0,0,0,0,2,0,0,0,0,0],[0,0,2,0,0,0,0,0,0,0,0,0,0,0,0,0,0,0,0,0,0,0,0,0,0,0,0,0,0,2,0,0,0,0,0],[0,0,2,0,0,0,0,0,0,0,0,0,0,0,0,0,0,0,0,0,0,0,0,0,0,0,0,0,0,2,0,0,0,0,0],[0,0,2,0,0,0,0,0,0,0,0,0,0,0,0,0,0,0,0,0,0,0,0,0,0,0,0,0,0,2,0,0,0,0,0],[0,0,2,0,0,0,0,0,0,0,0,0,0,0,0,0,0,0,0,0,0,0,0,0,0,0,0,0,0,2,0,0,0,0,0],[0,0,2,0,0,0,0,0,0,0,0,0,0,0,0,0,0,0,0,0,0,0,0,0,0,0,0,0,0,2,0,0,0,0,0],[0,0,2,0,0,0,0,0,0,0,0,0,0,0,0,0,0,0,0,0,0,0,0,0,0,0,0,0,11,0,0,0,0,0,0],[0,0,2,0,0,0,0,0,0,0,0,0,0,0,0,0,0,0,0,0,0,0,0,0,0,0,0,11,0,0,0,0,0,0,0],[0,0,2,2,2,2,2,2,2,2,2,2,2,2,2,2,2,2,2,2,2,2,2,2,2,2,2,0,0,0,0,0,0,0,0],[0,0,0,0,0,0,0,0,0,0,0,0,0,0,0,0,0,0,0,0,0,0,0,0,0,0,0,0,0,0,0,0,0,0,0]]},{"id":8,"type":"Collision","name":"Collision","level":"2","width":35,"height":30,"visible":1,"tilesetName":"media\/map\/collisiontiles-16x16.png","repeat":false,"distance":"1","tilesize":16,"data":[[0,0,0,0,0,0,0,0,0,0,0,0,0,0,0,0,0,0,0,0,0,0,0,0,0,0,0,0,0,0,0,0,0,0,0],[0,0,0,0,0,0,0,0,0,0,0,0,0,0,0,0,0,0,0,0,0,0,0,0,0,0,0,0,0,0,0,0,0,0,0],[0,0,0,0,0,0,0,0,0,0,0,0,0,0,0,0,0,0,0,0,0,0,0,0,0,0,0,0,0,0,0,0,0,0,0],[0,0,0,0,0,0,0,0,0,0,0,0,0,0,0,0,0,0,0,0,0,0,0,0,0,0,0,0,0,0,0,0,0,0,0],[0,0,0,0,0,0,0,0,0,0,0,0,0,0,0,0,0,0,0,0,0,0,0,0,0,0,0,0,0,0,0,0,0,0,0],[0,0,2,2,2,2,2,2,2,2,2,2,2,2,2,2,2,2,2,2,2,2,2,2,2,2,2,0,0,0,0,0,0,0,0],[0,0,2,0,0,0,0,0,0,0,0,0,0,0,0,0,0,0,0,0,0,0,0,0,0,0,0,10,0,0,0,0,0,0,0],[0,0,2,0,0,0,0,0,0,0,0,0,0,0,0,0,0,0,0,0,0,0,0,0,0,0,0,0,10,0,0,0,0,0,0],[0,0,2,0,0,0,0,0,0,0,0,0,0,0,0,0,0,0,0,0,0,0,0,0,0,0,0,0,0,2,0,0,0,0,0],[0,0,2,0,0,0,0,0,0,0,0,0,0,0,0,0,0,0,0,0,0,0,0,0,0,0,0,0,0,2,0,0,0,0,0],[0,0,2,0,0,0,0,0,0,0,0,0,0,0,0,0,0,0,0,0,0,0,0,0,0,0,0,0,0,2,0,0,0,0,0],[0,0,2,0,0,0,0,0,0,0,0,0,0,0,0,0,0,0,0,0,0,0,0,0,0,0,0,0,0,2,0,0,0,0,0],[0,0,2,0,0,0,0,0,0,0,0,0,0,0,0,0,0,0,0,0,0,0,0,0,0,0,0,0,0,2,0,0,0,0,0],[0,0,2,0,0,0,0,0,0,0,0,0,0,0,0,0,0,0,0,0,0,0,0,0,0,0,0,0,0,2,0,0,0,0,0],[0,0,2,0,0,0,0,0,0,0,0,0,0,0,0,0,0,0,0,0,0,0,0,0,0,0,0,0,0,2,0,0,0,0,0],[0,0,2,0,0,0,0,0,0,0,0,0,0,0,0,0,0,0,0,0,0,0,0,0,0,0,0,0,0,2,0,0,0,0,0],[0,0,2,0,0,0,0,0,0,0,0,0,0,0,0,0,0,0,0,0,0,0,0,0,0,0,0,0,0,2,0,0,0,0,0],[0,0,2,0,0,0,0,0,0,0,0,0,0,0,0,0,0,0,0,0,0,0,0,0,0,0,0,0,0,2,0,0,0,0,0],[0,0,2,0,0,0,0,0,0,0,0,0,0,0,0,0,0,0,0,0,0,0,0,0,0,0,0,0,0,2,0,0,0,0,0],[0,0,2,0,0,0,0,0,0,0,0,0,0,0,0,0,0,0,0,0,0,0,0,0,0,0,0,0,0,2,0,0,0,0,0],[0,0,2,0,0,0,0,0,0,0,0,0,0,0,0,0,0,0,0,0,0,0,0,0,0,0,0,0,0,2,0,0,0,0,0],[0,0,2,0,0,0,0,0,0,0,0,0,0,0,0,0,0,0,0,0,0,0,0,0,0,0,0,0,0,2,0,0,0,0,0],[0,0,2,0,0,0,0,0,0,0,0,0,0,0,0,0,0,0,0,0,0,0,0,0,0,0,0,0,0,2,0,0,0,0,0],[0,0,2,0,0,0,0,0,0,0,0,0,0,0,0,0,0,0,0,0,0,0,0,0,0,0,0,0,0,2,0,0,0,0,0],[0,0,2,0,0,0,0,0,0,0,0,0,0,0,0,0,0,0,0,0,0,0,0,0,0,0,0,0,11,0,0,0,0,0,0],[0,0,2,0,0,0,0,0,0,0,0,0,0,0,0,0,0,0,0,0,0,0,0,0,0,0,0,11,0,0,0,0,0,0,0],[0,0,2,2,2,2,2,2,2,2,2,2,2,2,2,2,2,2,2,2,2,2,2,2,2,2,2,0,0,0,0,0,0,0,0],[0,0,0,0,0,0,0,0,0,0,0,0,0,0,0,0,0,0,0,0,0,0,0,0,0,0,0,0,0,0,0,0,0,0,0],[0,0,0,0,0,0,0,0,0,0,0,0,0,0,0,0,0,0,0,0,0,0,0,0,0,0,0,0,0,0,0,0,0,0,0],[0,0,0,0,0,0,0,0,0,0,0,0,0,0,0,0,0,0,0,0,0,0,0,0,0,0,0,0,0,0,0,0,0,0,0]]}],"attributes":{"saveMode":"","bgm":"cargoShipExterior","cameraInBounds":false,"map-sounds":"CARGO_SHIP_AMBIENT_C","mapStyle":"christmas","weather":"OLD_HIDEOUT_OUTSIDE_ALT","area":"cargo-ship"},"screen":{"x":-196,"y":54}}