{"name":"cargo-ship\/room1-5","levels":[{"height":0},{"height":32},{"height":64},{"height":128}],"mapWidth":60,"mapHeight":40,"masterLevel":0,"entities":[{"type":"EventTrigger","x":-16,"y":84,"level":0,"settings":{"name":"hint2","eventType":"PARALLEL","endCondition":"plot.line >= 21","event":[{"varName":"plot.line","changeType":"set","value":21,"type":"CHANGE_VAR_NUMBER"},{"varName":"map.hint2Done","changeType":"set","value":true,"type":"CHANGE_VAR_BOOL"},{"person":{"person":"main.carla","expression":"GLASS_UP_GRIN"},"message":{"de_DE":"Scheinst ja echt 'n Naturtalent im B\u00e4lleschmettern zu sein!","en_US":"Girl, you sure are a natural with that ball thing!","langUid":1,"fr_FR":"","zh_CN":"Kızım, şu top işi sende gerçekten doğuştan var!","ja_JP":"\u304a\u5b22\u3061\u3083\u3093\u3001\u30dc\u30fc\u30eb\u306e\u6271\u3044\u304c\n\u677f\u306b\u3064\u3044\u3066\u308b\u3058\u3083\u306a\u3044\u304b\uff01","ko_KR":"\uacf5 \ub2e4\ub8e8\ub294 \uc19c\uc528\uac00 \uc81c\ubc95\uc778\ub370!","zh_TW":"\u7f8e\u5973\uff0c\u4f60\u7d76\u5c0d\u5929\u751f\u5c31\u662f\u6295\u7403\u9ad8\u624b\uff01!"},"type":"SHOW_SIDE_MSG"},{"person":{"person":"main.sergey","expression":"SERIOUS"},"message":{"de_DE":"Carla, sie hei\u00dfen VRPs.\\. Nicht \"B\u00e4lle\".","en_US":"Carla, they are called VRPs.\\. Not \"balls\".","langUid":2,"fr_FR":"","zh_CN":"Carla, onlara VRP deniyor\\. \"Top\" değil","ja_JP":"\u30ab\u30fc\u30e9\u3001\u6b63\u5f0f\u540d\u79f0\u306fVRP\u3060\u3002\\.\u300c\u30dc\u30fc\u30eb\u300d\u3058\u3083\u306a\u3044\u3002","ko_KR":"\uce74\ub97c\ub77c, \uc800\uac74 VRP\ub77c\uace0 \ubd88\ub7ec.\\. \"\uacf5\"\uc774 \uc544\ub2c8\uace0.","zh_TW":"\u5361\u62c9\uff0c\u5b83\u5011\u53eb\u98db\u5f48\u3002\\.\u4e0d\u662f\u201c\u7403\u201d\u3002"},"type":"SHOW_SIDE_MSG"},{"person":{"person":"main.carla","expression":"GLASS_WHISTLING"},"message":{"de_DE":"Ach, komm schon! So nennt die doch heute keiner mehr!","en_US":"Ah, c'mon! Nobody calls them that anymore, y'know?","langUid":3,"fr_FR":"","zh_CN":"Ah, hadi ama! Artık kimse onlara öyle demiyor, bilirsin ya?","ja_JP":"\u307e\u3063\u305f\u304f\uff01\u4eca\u3069\u304d\u3001\u305d\u3093\u306a\u547c\u3073\u65b9\u3057\u3066\u308b\u5974\u306a\u3093\u3066\n \u3044\u306a\u3044\u3060\u308d\uff1f","ko_KR":"\uc5d0\uc774, \uc544\ubb34\ub3c4 \uadf8\ub807\uac8c \ubd80\ub974\uc9c0 \uc54a\ub294\ub370 \ubb50.","zh_TW":"\u54e6\uff0c\u62dc\u8a17\uff01\u65e9\u5c31\u6c92\u4eba\u7528\u90a3\u7a2e\u53eb\u6cd5\u4e86\u597d\u5427\uff1f"},"type":"SHOW_SIDE_MSG"},{"person":{"person":"main.sergey","expression":"ROLL_EYES"},"message":{"de_DE":"Traurig, aber wahr...","en_US":"Unfortunately, yes...","langUid":4,"fr_FR":"","zh_CN":"Ne yazık ki, evet...","ja_JP":"\u6b8b\u5ff5\u306a\u304c\u3089\u3001\u305d\u306e\u901a\u308a\u3060\u306d...","ko_KR":"\uadf8\uac74 \uadf8\ub798...","zh_TW":"\u5f88\u4e0d\u5e78\uff0c\u78ba\u5be6\u5982\u6b64\u2026"},"type":"SHOW_SIDE_MSG"}],"triggerType":"ALWAYS","startCondition":"map.hint2","mapId":1}},{"type":"Prop","x":240,"y":128,"level":0,"settings":{"name":"","propType":{"sheet":"cargo-hold","name":"cargo-box1"},"mapId":2}},{"type":"Prop","x":396,"y":128,"level":0,"settings":{"name":"","propType":{"sheet":"cargo-hold","name":"cargo-box1"},"mapId":3}},{"type":"TouchTrigger","x":176,"y":128,"level":1,"settings":{"name":"hint1_clone","size":{"x":32,"y":112},"variable":"map.hint2","type":"SET_TRUE","zHeight":"64","mapId":4}},{"type":"Destructible","x":328,"y":128,"level":0,"settings":{"name":"","desType":"boxLarge","enemyInfo":"","spawnCondition":"plot.line <= 700","blockNavMap":true,"permaDestruct":true,"mapId":5,"onDestructIncrease":null}},{"type":"Prop","x":112,"y":128,"level":0,"settings":{"name":"","propType":{"sheet":"cargo-hold","name":"cargo-box1"},"mapId":6}},{"type":"Prop","x":184,"y":136,"level":1,"settings":{"name":"","propType":{"sheet":"cargo-hold","name":"cargo-arrow-left"},"mapId":7}},{"type":"Prop","x":240,"y":144,"level":0,"settings":{"name":"","propType":{"sheet":"cargo-hold","name":"cargo-box2"},"mapId":8}},{"type":"Prop","x":208,"y":160,"level":0,"settings":{"name":"","propType":{"sheet":"cargo-hold","name":"cargo-box1"},"mapId":9}},{"type":"Prop","x":144,"y":160,"level":0,"settings":{"name":"","propType":{"sheet":"cargo-hold","name":"cargo-box2"},"mapId":10}},{"type":"Destructible","x":328,"y":160,"level":0,"settings":{"name":"","desType":"boxLarge","enemyInfo":"","spawnCondition":"plot.line <= 700","blockNavMap":true,"permaDestruct":true,"mapId":11,"onDestructIncrease":null}},{"type":"Prop","x":160,"y":168,"level":0,"settings":{"name":"","propType":{"sheet":"cargo-hold","name":"cargo-box2"},"mapId":12}},{"type":"Prop","x":448,"y":172,"level":0,"settings":{"name":"","propType":{"sheet":"cargo-hold","name":"cargo-box2"},"mapId":13}},{"type":"Prop","x":32,"y":176,"level":0,"settings":{"name":"","propType":{"sheet":"cargo-hold","name":"cargo-box2"},"mapId":14}},{"type":"Prop","x":272,"y":208,"level":0,"settings":{"name":"","propType":{"sheet":"cargo-hold","name":"cargo-arrow-down"},"mapId":15}},{"type":"Prop","x":56,"y":216,"level":0,"settings":{"name":"","propType":{"sheet":"cargo-hold","name":"cargo-arrow-up"},"mapId":16}},{"type":"Destructible","x":368,"y":260,"level":0,"settings":{"name":"","desType":"boxLarge","enemyInfo":"","spawnCondition":"plot.line <= 700","blockNavMap":true,"permaDestruct":true,"mapId":17,"onDestructIncrease":null}},{"type":"Destructible","x":400,"y":260,"level":0,"settings":{"name":"","desType":"boxLarge","enemyInfo":"","spawnCondition":"plot.line <= 700","blockNavMap":true,"permaDestruct":true,"mapId":18,"onDestructIncrease":null}},{"type":"Destructible","x":432,"y":260,"level":0,"settings":{"name":"","desType":"boxLarge","enemyInfo":"","spawnCondition":"plot.line <= 700","blockNavMap":true,"permaDestruct":true,"mapId":19,"onDestructIncrease":null}},{"type":"WallHorizontal","x":32,"y":264,"level":0,"settings":{"name":"","size":{"x":64,"y":8},"leftEnd":"STOP","rightEnd":"STOP","condition":"!map.wall1","collType":"BLOCK","wallZHeight":32,"mapId":20}},{"type":"WallHorizontal","x":284,"y":272,"level":0,"settings":{"name":"","size":{"x":52,"y":8},"leftEnd":"CONTINUE","rightEnd":"STOP","condition":"!map.wall3Down","collType":"BLOCK","wallZHeight":32,"mapId":21}},{"type":"WallVertical","x":276,"y":272,"level":0,"settings":{"name":"","size":{"x":8,"y":96},"topEnd":"CORNER_RIGHT","bottomEnd":"STOP","condition":"!map.wall3Down","collType":"BLOCK","wallZHeight":32,"mapId":22}},{"type":"WallHorizontal","x":224,"y":272,"level":0,"settings":{"name":"","size":{"x":52,"y":8},"leftEnd":"STOP","rightEnd":"STOP","condition":"!map.wall2","collType":"NPBLOCK","wallZHeight":32,"mapId":23}},{"type":"GlowingLine","x":60,"y":272,"level":0,"settings":{"name":"","size":{"x":8,"y":40},"condition":"map.wall1","mapId":24}},{"type":"GlowingLine","x":368,"y":272,"level":0,"settings":{"name":"","size":{"x":44,"y":8},"condition":"map.wall2","mapId":25}},{"type":"GlowingLine","x":408,"y":280,"level":0,"settings":{"name":"","size":{"x":8,"y":44},"condition":"map.wall2","mapId":26}},{"type":"MultiHitSwitch","x":304,"y":304,"level":0,"settings":{"name":"","switchType":"default","variable":"map.wall3","addValue":"","mapId":27}},{"type":"MultiHitSwitch","x":128,"y":304,"level":0,"settings":{"name":"","switchType":"default","variable":"map.wall1","addValue":"","mapId":28}},{"type":"Prop","x":448,"y":312,"level":0,"settings":{"name":"","propType":{"sheet":"cargo-hold","name":"cargo-box2"},"mapId":29}},{"type":"GlowingLine","x":68,"y":312,"level":0,"settings":{"name":"","size":{"x":60,"y":8},"condition":"map.wall1","mapId":30}},{"type":"EventTrigger","x":496,"y":316,"level":0,"settings":{"name":"wallOpen","eventType":"PARALLEL","endCondition":"map.wall3Down","event":[{"eventCall":{"path":"puzzle","name":"focusPointQuick","input":{"targetPoint":{"x":280,"y":420},"variable":"map.wall3Down"}},"type":"CALL_EVENT_FROM_SHEET"},{"varName":"plot.line","changeType":"set","value":22,"type":"CHANGE_VAR_NUMBER"},{"time":0.5,"ignoreSlowDown":false,"type":"WAIT"},{"person":{"person":"main.carla","expression":"GLASS_UP_GRIN"},"message":{"de_DE":"Astrein! Sind auch schon fertig hier, is' nur 'n kleiner Raum.","en_US":"Well done!\\. Yeah that was all.\\. It's a small room.","langUid":5,"fr_FR":"","zh_CN":"Aferin!\\. Evet, hepsi buydu.\\. Küçük bir oda.","ja_JP":"\u4e0a\u51fa\u6765\u3060\uff01\\.\u305d\u3046\u3001\u3053\u308c\u3067\u7d42\u308f\u308a\u3055\u3002\\.\u3053\u306e\u90e8\u5c4b\u306f\u5c0f\u3055\u3044\u304b\u3089\u306d\u3002","ko_KR":"\uc798\ud588\uc5b4!\\. \uac70\uae30\uae4c\uc9c0\uac00 \ub05d\uc774\uc5c8\uc5b4.\\. \uc791\uc740 \ubc29\uc774\ub2c8\uae4c.","zh_TW":"\u5e79\u5f97\u597d\uff01\\.\u5c31\u9019\u4e9b\u4e86\u3002\\.\u9019\u662f\u500b\u5c0f\u623f\u9593\u3002"},"type":"SHOW_SIDE_MSG"}],"triggerType":"ALWAYS","startCondition":"map.wall3","mapId":31}},{"type":"GlowingLine","x":308,"y":320,"level":0,"settings":{"name":"","size":{"x":8,"y":92},"condition":"map.wall3","mapId":32}},{"type":"OneTimeSwitch","x":404,"y":324,"level":0,"settings":{"name":"","switchType":"default","variable":"map.wall2","addValue":"","mapId":33}},{"type":"NPC","x":32,"y":356,"level":0,"settings":{"name":"carla","characterName":"main.carla","npcStates":[{"position":{"x":80,"y":520,"lvl":"0"},"reactType":"PUSHABLE","face":"EAST","action":[],"hidden":true,"door":{"global":true,"name":"startDoor"},"condition":"","config":"glassOn","event":[]},{"reactType":"FIXED_POS","face":"EAST","action":[{"anim":"foldedGlass","wait":false,"viaWalkConfig":false,"type":"SHOW_ANIMATION","followUp":null},{"time":0.1,"type":"WAIT"}],"hidden":false,"condition":"plot.line >= 20","config":"glassOn","event":[{"side":"LEFT","order":0,"clearSide":false,"person":{"person":"main.carla","expression":"GLASS_GRIN"},"type":"ADD_MSG_PERSON"},{"side":"RIGHT","order":0,"clearSide":false,"person":{"person":"main.lea","expression":"DEFAULT"},"type":"ADD_MSG_PERSON"},{"withElse":true,"condition":"map.wall1","type":"IF","thenStep":[{"message":{"de_DE":"Was stehste hier noch rum?\\. Der Weg is' frei!","en_US":"What are ya standing around here for?\\. The wall is gone, the path is clear.","langUid":6,"fr_FR":"","zh_CN":"Burada ne diye dikilip duruyorsun?\\. Duvar yok artık, yol açık.","ja_JP":"\u4f55\u3092\u307c\u3055\u3063\u3068\u7a81\u3063\u7acb\u3063\u3066\u308b\u3093\u3060\u3044\uff1f\\.\u58c1\u306f\u6d88\u3048\u305f\u304b\u3089\u3001\u3082\u3046\u5148\u306b\u9032\u3081\u308b\u3088\u3002","ko_KR":"\uc65c \uac00\ub9cc\ud788 \uc11c \uc788\ub294 \uac70\uc57c?\\. \ubcbd\ub3c4 \uc5c6\uc5b4\uc84c\uc73c\ub2c8 \ucb49 \uac00\uba74 \ub3fc.","zh_TW":"\u4f60\u9084\u7ad9\u5728\u9019\u88e1\u505a\u4ec0\u9ebc\uff1f\\.\u7246\u5df2\u7d93\u6d88\u5931\uff0c\u4f60\u53ef\u4ee5\u7e7c\u7e8c\u524d\u9032\u4e86\u3002"},"autoContinue":false,"person":{"person":"main.carla","expression":"GLASS_GRIN"},"type":"SHOW_MSG"}],"elseStep":[{"message":{"de_DE":"Magste 'n paar Spoiler h\u00f6ren?","en_US":"Up for some spoilers?","langUid":7,"fr_FR":"","zh_CN":"Biraz spoiler’a var mısın?","ja_JP":"\u30cd\u30bf\u30d0\u30ec\u3092\u805e\u304d\u305f\u3044\u304b\u3044\uff1f","ko_KR":"\uc2a4\ud3ec\uc77c\ub7ec\ub97c \uc6d0\ud558\ub294 \uac70\uc57c?","zh_TW":"\u60f3\u8981\u9ede\u5287\u900f\u55ce\uff1f"},"autoContinue":false,"person":{"person":"main.carla","expression":"GLASS_GRIN"},"type":"SHOW_MSG"},{"0":[{"message":{"de_DE":"[nickt]","en_US":"[nods]","langUid":8,"fr_FR":"","zh_CN":"[başını sallar]","ja_JP":"[\u3046\u306a\u305a\u304f]","ko_KR":"[\ub044\ub355]","zh_TW":"[\u9ede\u982d]"},"autoContinue":false,"person":{"person":"main.lea","expression":"NOD"},"type":"SHOW_MSG"},{"person":{"person":"main.lea","expression":"NERVOUS"},"type":"SET_MSG_EXPRESSION"},{"pos":{"x":136,"y":312},"speed":"NORMAL","transition":"EASE_IN_OUT","wait":false,"waitSkip":0,"zoom":1,"type":"SET_CAMERA_POS"},{"message":{"de_DE":"Tjoa, irgendwas is' an diesem Schalter anders, ne?","en_US":"Well something is different about this switch, right? ","langUid":9,"fr_FR":"","zh_CN":"Bu anahtarda bir şey farklı, değil mi?","ja_JP":"\u3042\u306e\u30b9\u30a4\u30c3\u30c1\u3001\u524d\u306e\u3068\u5c11\u3057\u9055\u3046\u3053\u3068\u306b\u6c17\u4ed8\u3044\u305f\u304b\u3044\uff1f","ko_KR":"\uc774 \uc2a4\uc704\uce58\ub294 \ubb54\uac00 \uc880 \ub2e4\ub974\uc9c0?","zh_TW":"\u55ef\uff0c\u9019\u500b\u958b\u95dc\u6709\u9ede\u4e0d\u592a\u4e00\u6a23\uff0c\u5c0d\u5427\uff1f"},"autoContinue":false,"person":{"person":"main.carla","expression":"GLASS_SMILE"},"type":"SHOW_MSG"},{"message":{"de_DE":"Ein einzelner Ball wird hier leider nix rei\u00dfen.","en_US":"I'm afraid one ball just won't cut it.","langUid":10,"fr_FR":"","zh_CN":"Korkarım bir top yeterli olmayacak.","ja_JP":"\u30a2\u30ec\u306f\u30dc\u30fc\u30eb1\u500b\u3058\u3083\u30c0\u30e1\u304b\u3082\u3057\u308c\u306a\u3044\u306d\u3002","ko_KR":"\ud558\ub098\uc758 \uacf5\uc73c\ub85c\ub294 \ud574\uacb0\ud560 \uc218 \uc5c6\uc744 \uac70\uc57c.","zh_TW":"\u6050\u6015\u4e00\u500b\u7403\u641e\u4e0d\u5b9a\u5b83\u3002"},"autoContinue":false,"person":{"person":"main.carla","expression":"GLASS_WHISTLING"},"type":"SHOW_MSG"},{"message":{"de_DE":"Mehrere B\u00e4lle dagegen...","en_US":"Now, several balls on the other hand...","langUid":11,"fr_FR":"","zh_CN":"Öte yandan, birkaç top ise...","ja_JP":"\u3064\u307e\u308a\u3001\u4f55\u500b\u304b\u5f53\u3066\u308c\u3070...","ko_KR":"\ud558\uc9c0\ub9cc \uc5ec\ub7ec \uac1c\ub77c\uba74...","zh_TW":"\u90a3\u9ebc\uff0c\u5c31\u591a\u64f2\u5e7e\u500b\u7403\u2026"},"autoContinue":false,"person":{"person":"main.carla","expression":"GLASS_GRIN"},"type":"SHOW_MSG"}],"1":[{"message":{"de_DE":"[sch\u00fcttelt Kopf]","en_US":"[shakes head]","langUid":12,"fr_FR":"","zh_CN":"[başını sallar]","ja_JP":"[\u9996\u3092\u632f\u308b]","ko_KR":"[\ub3c4\ub9ac\ub3c4\ub9ac]","zh_TW":"[\u6416\u982d]"},"autoContinue":false,"person":{"person":"main.lea","expression":"SHAKE"},"type":"SHOW_MSG"},{"message":{"de_DE":"Alles klar! Dann weiter!","en_US":"Right, then! Go on!","langUid":13,"fr_FR":"","zh_CN":"Peki, o zaman! Devam et!","ja_JP":"\u3088\u3057\u3001\u3058\u3083\u3042\u884c\u3063\u3068\u3044\u3067\uff01","ko_KR":"\uc88b\uc544, \uadf8\ub7fc! \uacc4\uc18d\ud574!","zh_TW":"\u90a3\u597d\uff01\u7e7c\u7e8c\u5427\uff01"},"autoContinue":false,"person":{"person":"main.carla","expression":"GLASS_UP_GRIN"},"type":"SHOW_MSG"}],"person":{"person":"main.lea","expression":"SURPRISED_TOWARD"},"options":[{"label":{"de_DE":"[Ja]","en_US":"[Yes]","langUid":14,"fr_FR":"","zh_CN":"[Evet]","ja_JP":"[\u306f\u3044]","ko_KR":"[\uc608]","zh_TW":"[\u662f]"}},{"label":{"de_DE":"[Nein]","en_US":"[No]","langUid":15,"fr_FR":"","zh_CN":"[Hayır]","ja_JP":"[\u3044\u3044\u3048]","ko_KR":"[\uc544\ub2c8\uc694]","zh_TW":"[\u5426]"}}],"type":"SHOW_CHOICE"}]}]},{"position":{"x":280,"y":136,"lvl":"0"},"reactType":"FIXED_POS","face":"SOUTH","action":[{"anim":"foldedGlass","wait":false,"viaWalkConfig":false,"type":"SHOW_ANIMATION","followUp":null},{"time":0.1,"type":"WAIT"}],"hidden":false,"condition":"plot.line >= 21","config":"glassOnRunning","event":[{"side":"LEFT","order":0,"clearSide":false,"person":{"person":"main.carla","expression":"GLASS_GRIN"},"type":"ADD_MSG_PERSON"},{"side":"RIGHT","order":0,"clearSide":false,"person":{"person":"main.lea","expression":"DEFAULT"},"type":"ADD_MSG_PERSON"},{"withElse":true,"condition":"map.wall2","type":"IF","thenStep":[{"message":{"de_DE":"Nee, dabei helf' ich dir nich'.","en_US":"Nah, I won't give ya a hint for that, girl.","langUid":16,"fr_FR":"","zh_CN":"Hayır, sana bunun için bir ipucu vermeyeceğim, kızım.","ja_JP":"\u3044\u3044\u3084\u3001\u4eca\u56de\u306f\u30d2\u30f3\u30c8\u7121\u3057\u3060\u3088\u3002","ko_KR":"\uc5d0\uc774, \uc774 \uc815\ub3c4\ub294 \ud78c\ud2b8\uac00 \ud544\uc694 \uc5c6\uc796\uc544.","zh_TW":"\u4e0d\u7528\u6211\u591a\u8aaa\u4e86\u5427\uff0c\u7f8e\u5973\u3002"},"autoContinue":false,"person":{"person":"main.carla","expression":"GLASS_WHISTLING"},"type":"SHOW_MSG"},{"message":{"de_DE":"Der Rest is' zu offensichtlich.","en_US":"You removed the wall, the rest is straightforward.","langUid":17,"fr_FR":"","zh_CN":"Duvarı kaldırdın, gerisi basit.","ja_JP":"\u58c1\u306f\u306a\u304f\u306a\u3063\u305f\u304b\u3089\u3001\u5f8c\u306f\u9032\u3080\u3060\u3051\u3055\u3002","ko_KR":"\ubcbd\uc744 \uc5c6\uc574\uc73c\ub2c8 \ucb49 \uac00\uae30\ub9cc \ud558\uba74 \ub3fc.","zh_TW":"\u7246\u90fd\u79fb\u9664\u4e86\uff0c\u5269\u4e0b\u7684\u5df2\u7d93\u4e00\u76ee\u77ad\u7136\u4e86\u3002"},"autoContinue":false,"person":{"person":"main.carla","expression":"GLASS_UP_COOL"},"type":"SHOW_MSG"}],"elseStep":[{"message":{"de_DE":"Jau, der is' etwas fies.\\. Brauchste Hilfe?","en_US":"Oh yeah, that one is kinda mean.\\. Need a hint?","langUid":18,"fr_FR":"","zh_CN":"Ah evet, o biraz zalimce\\. İpucu ister misin?","ja_JP":"\u3042\u3042\u3001\u3053\u3044\u3064\u306f\u3061\u3087\u3063\u3068\u610f\u5730\u304c\u60aa\u3044\u306d\u3002\\.\u30d2\u30f3\u30c8\u304c\u307b\u3057\u3044\u304b\u3044\uff1f","ko_KR":"\uadf8\ub798, \uadf8\uac74 \uc880 \uae4c\ub2e4\ub86d\ub124.\\. \ud78c\ud2b8\uac00 \ud544\uc694\ud574?","zh_TW":"\u54e6\u6c92\u932f\uff0c\u9019\u500b\u6709\u9ede\u68d8\u624b\u3002\\.\u9700\u8981\u63d0\u793a\u55ce\uff1f"},"autoContinue":false,"person":{"person":"main.carla","expression":"GLASS_GRIN"},"type":"SHOW_MSG"},{"0":[{"message":{"de_DE":"[nickt]","en_US":"[nods]","langUid":19,"fr_FR":"","zh_CN":"[başını sallar]","ja_JP":"[\u3046\u306a\u305a\u304f]","ko_KR":"[\ub044\ub355]","zh_TW":"[\u9ede\u982d]"},"autoContinue":false,"person":{"person":"main.lea","expression":"NOD"},"type":"SHOW_MSG"},{"person":{"person":"main.lea","expression":"ANNOYED"},"type":"SET_MSG_EXPRESSION"},{"pos":{"x":280,"y":332},"speed":"NORMAL","transition":"EASE_IN_OUT","wait":false,"waitSkip":0,"zoom":1,"type":"SET_CAMERA_POS"},{"message":{"de_DE":"Haste schon probiert, den Schalter mit geladenen B\u00e4llen zu treffen?","en_US":"Did you try to hit this switch with charged balls?","langUid":20,"fr_FR":"","zh_CN":"Bu anahtara yüklü toplarla vurmayı denedin mi?","ja_JP":"\u30c1\u30e3\u30fc\u30b8\u3057\u305f\u30dc\u30fc\u30eb\u3092\u30b9\u30a4\u30c3\u30c1\u306b\u5f53\u3066\u3066\u307f\u305f\u304b\u3044\uff1f","ko_KR":"\ucda9\uc804\ub41c \uacf5\uc73c\ub85c \uc774 \uc2a4\uc704\uce58\ub97c \uccd0\ubd24\uc5b4?","zh_TW":"\u4f60\u8a66\u904e\u7528\u84c4\u529b\u7403\u64ca\u4e2d\u90a3\u500b\u958b\u95dc\u4e86\u55ce\uff1f"},"autoContinue":false,"person":{"person":"main.carla","expression":"GLASS_GRIN"},"type":"SHOW_MSG"},{"message":{"de_DE":"Dann wirste wahrscheinlich gemerkt haben, dass das so nix wird.\\. Zu langsam.","en_US":"You probably realized that doesn't work.\\. It's too slow.","langUid":21,"fr_FR":"","zh_CN":"Muhtemelen bunun işe yaramadığını fark ettin\\. Çok yavaş.","ja_JP":"\u306a\u3089\u3001\u3046\u307e\u304f\u3044\u304b\u306a\u3044\u3053\u3068\u306b\u6c17\u4ed8\u3044\u305f\u306f\u305a\u3060\u306d\u3002\\.\u3042\u308c\u3058\u3083\u9045\u3059\u304e\u308b\u3093\u3060\u3002","ko_KR":"\uadf8 \ubc29\ubc95\uc774 \uc548 \uba39\ud78c\ub2e4\ub294 \uac78 \uc54c\uc558\uc744 \uac70\uc57c.\\. \ub108\ubb34 \ub290\ub9ac\uac70\ub4e0.","zh_TW":"\u4f60\u53ef\u80fd\u4e5f\u610f\u8b58\u5230\u9019\u6c92\u4ec0\u9ebc\u7528\u5427\u3002\\.\u5b83\u592a\u6162\u4e86\u3002"},"autoContinue":false,"person":{"person":"main.carla","expression":"GLASS_WHISTLING"},"type":"SHOW_MSG"},{"message":{"de_DE":"Wie w\u00e4r's, wenne dich ein wenig umsiehst?\\. K\u00f6nnt' ja noch 'n anderen Weg geben.","en_US":"How about you look around?\\. There might be another way. ","langUid":22,"fr_FR":"","zh_CN":"Etrafa bakmaya ne dersin?\\. Başka bir yol olabilir.","ja_JP":"\u3069\u3046\u3060\u3044\u3001\u3042\u305f\u308a\u3092\u898b\u56de\u3057\u3066\u307f\u308b\u3063\u3066\u306e\u306f\uff1f\\.\u4ed6\u306b\u3082\u624b\u306f\u3042\u308b\u306f\u305a\u3060\u3088\u3002","ko_KR":"\uc8fc\ubcc0\uc744 \ud55c \ubc88 \ubd10 \ubd10.\\. \ubd84\uba85 \ub2e4\ub978 \ubc29\ubc95\uc774 \uc788\uc744 \uac70\uc57c.","zh_TW":"\u70ba\u4ec0\u9ebc\u4e0d\u53bb\u5225\u8655\u770b\u770b\u5462\uff1f\\.\u4e5f\u8a31\u6709\u5225\u7684\u8fa6\u6cd5\u5462\u3002"},"autoContinue":false,"person":{"person":"main.carla","expression":"GLASS_TOWARD"},"type":"SHOW_MSG"}],"1":[{"message":{"de_DE":"[sch\u00fcttelt Kopf]","en_US":"[shakes head]","langUid":23,"fr_FR":"","zh_CN":"[başını sallar]","ja_JP":"[\u9996\u3092\u632f\u308b]","ko_KR":"[\ub3c4\ub9ac\ub3c4\ub9ac]","zh_TW":"[\u6416\u982d]"},"autoContinue":false,"person":{"person":"main.lea","expression":"SHAKE"},"type":"SHOW_MSG"},{"message":{"de_DE":"Alles klar, dann weiter!","en_US":"Right, then! Go on!","langUid":24,"fr_FR":"","zh_CN":"Peki, o zaman! Devam et!","ja_JP":"\u3088\u3057\u3001\u3058\u3083\u3042\u884c\u3063\u3068\u3044\u3067\uff01","ko_KR":"\uc88b\uc544, \uadf8\ub7fc! \uacc4\uc18d\ud574!","zh_TW":"\u90a3\u597d\uff01\u7e7c\u7e8c\u5427\uff01"},"autoContinue":false,"person":{"person":"main.carla","expression":"GLASS_UP_GRIN"},"type":"SHOW_MSG"}],"person":{"person":"main.lea","expression":"SURPRISED_TOWARD"},"options":[{"label":{"de_DE":"[Ja]","en_US":"[Yes]","langUid":25,"fr_FR":"","zh_CN":"[Evet]","ja_JP":"[\u306f\u3044]","ko_KR":"[\uc608]","zh_TW":"[\u662f]"}},{"label":{"de_DE":"[Nein]","en_US":"[No]","langUid":26,"fr_FR":"","zh_CN":"[Hayır]","ja_JP":"[\u3044\u3044\u3048]","ko_KR":"[\uc544\ub2c8\uc694]","zh_TW":"[\u5426]"}}],"type":"SHOW_CHOICE"}]}]},{"position":{"x":472,"y":552,"lvl":"0"},"reactType":"FIXED_POS","face":"SOUTH","action":[{"anim":"foldedGlass","wait":false,"viaWalkConfig":false,"type":"SHOW_ANIMATION","followUp":null},{"time":0.1,"type":"WAIT"}],"hidden":false,"condition":"plot.line >= 22","config":"glassOn","event":[{"side":"LEFT","order":0,"clearSide":false,"person":{"person":"main.carla","expression":"GLASS_SMILE"},"type":"ADD_MSG_PERSON"},{"side":"RIGHT","order":0,"clearSide":false,"person":{"person":"main.lea","expression":"DEFAULT"},"type":"ADD_MSG_PERSON"},{"message":{"de_DE":"Hey, das macht richtig Laune!\\. Schade, dass wir nich' nebenher 'n bisschen schnattern k\u00f6nnen.","en_US":"Heh, this is so much fun.\\. Just too bad we can't chat along the way...","langUid":27,"fr_FR":"","zh_CN":"Heh, bu çok eğlenceli\\. Keşke yol boyunca sohbet edebilsek... çok kötü.","ja_JP":"\u3075\u3075\u3063\u3001\u3053\u3044\u3064\u306f\u307b\u3093\u3068\u306b\u697d\u3057\u3044\u306d\u3048\u3002\\.\u30a2\u30f3\u30bf\u3068\u304a\u3057\u3083\u3079\u308a\u3067\u304d\u306a\u3044\u306e\u3060\u3051\u304c\u6b8b\u5ff5\u3060\u3088...","ko_KR":"\uc815\ub9d0 \uc7ac\ubc0c\ub124.\\. \ud558\ub294 \ub3d9\uc548 \uc218\ub2e4\ub97c \ub5a8 \uc218 \uc5c6\ub2e4\ub294 \uac83\ub9cc \ube7c\uba74...","zh_TW":"\u563f\uff0c\u9019\u5be6\u5728\u592a\u6709\u8da3\u4e86\u3002\\.\u53ea\u662f\u6211\u5011\u9019\u4e00\u8def\u4e0a\u4e0d\u80fd\u804a\u5929\uff0c\u592a\u53ef\u60dc\u4e86\u2026"},"autoContinue":false,"person":{"person":"main.carla","expression":"GLASS_SMILE"},"type":"SHOW_MSG"},{"message":{"de_DE":"...","en_US":"...","langUid":28,"fr_FR":"","zh_CN":"...","ja_JP":"...","ko_KR":"...","zh_TW":"\u2026"},"autoContinue":false,"person":{"person":"main.lea","expression":"SAD"},"type":"SHOW_MSG"},{"message":{"de_DE":"Ach, keine Sorge!\\. Sergey kriegt das im Nu wieder hin.","en_US":"Ah, don't worry!\\. I'm sure Sergey will get the speech problem fixed in no time.","langUid":29,"fr_FR":"","zh_CN":"Ah, merak etme!\\. Eminim Sergey konuşma sorununu kısa sürede halleder.","ja_JP":"\u304a\u3084\u3001\u6c17\u3092\u843d\u3068\u3059\u306a\u3063\u3066\uff01\\.\u8a71\u304c\u3067\u304d\u306a\u3044\u554f\u984c\u306f\u3001\u30bb\u30eb\u30b2\u30a4\u304c\u3059\u3050\u306b\u4f55\u3068\u304b\u3057\u3066\u304f\u308c\u308b\u306f\u305a\u3055\u3002","ko_KR":"\uc544, \uac71\uc815\ud558\uc9c0 \ub9c8!\\. \uc138\ub974\uac8c\uc774\uac00 \uc774\ub978 \uc2dc\uc77c \ub0b4\uc5d0 \ub300\ud654 \ubb38\uc81c\ub97c \uace0\uccd0\uc904 \ud14c\ub2c8\uae4c.","zh_TW":"\u554a\uff0c\u5225\u64d4\u5fc3\uff01\\.\u6211\u76f8\u4fe1\u8b1d\u723e\u84cb\u5f88\u5feb\u5c31\u80fd\u89e3\u6c7a\u90a3\u500b\u8a9e\u97f3\u554f\u984c\u7684\u3002"},"autoContinue":false,"person":{"person":"main.carla","expression":"GLASS_WHISTLING"},"type":"SHOW_MSG"},{"message":{"de_DE":"Stimmt's, Sergey?","en_US":"Am I right, Sergey?","langUid":30,"fr_FR":"","zh_CN":"Haklı mıyım, Sergey?","ja_JP":"\u305d\u3046\u3060\u3088\u306d\u3001\u30bb\u30eb\u30b2\u30a4\uff1f","ko_KR":"\ub9de\uc9c0, \uc138\ub974\uac8c\uc774?","zh_TW":"\u5c0d\u4e0d\u5c0d\u554a\uff0c\u8b1d\u723e\u84cb\uff1f"},"autoContinue":false,"person":{"person":"main.carla","expression":"GLASS_TOWARD"},"type":"SHOW_MSG"},{"side":"RIGHT","order":5,"clearSide":false,"person":{"person":"main.sergey","expression":"WORRIED"},"type":"ADD_MSG_PERSON"},{"message":{"de_DE":"Es ist...\\. eine Herausforderung, vorsichtig ausgedr\u00fcckt.","en_US":"It is...\\. challenging to say the least.","langUid":31,"fr_FR":"","zh_CN":"Bu...\\. en hafif tabirle zorlayıcı.","ja_JP":"\u3048\u3048\u3068...\\.\u96e3\u6613\u5ea6\u306f\u3060\u3044\u3076\u9ad8\u305d\u3046\u3060\u3051\u3069\u306d\u3002","ko_KR":"\ud655\ub2f5\uc744...\\. \ud574\uc8fc\uae34 \uc5b4\ub824\uc6cc.","zh_TW":"\u6709\u9ede\u6311\u6230\u2026\\.\u53ef\u4ee5\u9019\u9ebc\u8aaa\u5427\u3002"},"autoContinue":false,"person":{"person":"main.sergey","expression":"WORRIED"},"type":"SHOW_MSG"},{"message":{"de_DE":"...?","en_US":"...?","langUid":32,"fr_FR":"","zh_CN":"...?","ja_JP":"...\uff1f","ko_KR":"...?","zh_TW":"\u2026\uff1f"},"autoContinue":false,"person":{"person":"main.lea","expression":"SURPRISED_TOWARD"},"type":"SHOW_MSG"},{"message":{"de_DE":"Dein Optimismus haut mich mal wieder aus den Socken...","en_US":"It wouldn't kill you to be a little more optimistic...","langUid":33,"fr_FR":"","zh_CN":"Biraz daha iyimser olsan fena olmazdı...","ja_JP":"\u5c11\u3057\u3050\u3089\u3044\u524d\u5411\u304d\u306b\u8003\u3048\u305f\u3089\u3069\u3046\u3060\u3044...<<A<<[CHANGED 2018\/09\/19]","ko_KR":"\uc880 \ub354 \uae0d\uc815\uc801\uc73c\ub85c \ub9d0\ud574\uc8fc\uc9c0\uadf8\ub798?<<A<<[CHANGED 2018\/09\/19]","zh_TW":"\u62dc\u8a17\uff0c\u6a02\u89c0\u9ede\u561b\uff0c\u5148\u751f\u2026<<A<<[CHANGED 2018\/09\/19]"},"autoContinue":false,"person":{"person":"main.carla","expression":"GLASS_WHISTLING"},"type":"SHOW_MSG"}]},{"position":{"x":512,"y":552,"lvl":"0"},"reactType":"PUSHABLE","face":"SOUTH","action":[],"hidden":true,"door":{"global":true,"name":"endDoor"},"condition":"plot.line >= 23","config":"glassOn","event":[]},{"position":{"x":536,"y":552,"lvl":"0"},"reactType":"PUSHABLE","face":"SOUTH","action":[{"entity":{"player":true},"maxTime":5,"distance":48,"ignoreBelow":64,"stayBehind":false,"type":"NAVIGATE_TO_ENTITY"}],"hidden":false,"condition":"plot.line >= 700","config":"glassOnRunning","event":[]},{"position":{"x":536,"y":552,"lvl":"0"},"reactType":"PUSHABLE","face":"SOUTH","action":[],"hidden":true,"condition":"plot.line >= 15000","config":"glassOnRunning","event":[]}],"mapId":34}},{"type":"EventTrigger","x":-16,"y":380,"level":0,"settings":{"name":"hint3","eventType":"PARALLEL","endCondition":"plot.line >= 20","event":[{"varName":"plot.line","changeType":"set","value":20,"type":"CHANGE_VAR_NUMBER"},{"person":{"person":"main.carla","expression":"GLASS_GRIN"},"message":{"de_DE":"Auf zur n\u00e4chsten \u00dcbung! Da warten schon ein paar Schalter sehns\u00fcchtig auf dich!","en_US":"Entering the next stage, more switches await!","langUid":34,"fr_FR":"","zh_CN":"Bir sonraki aşamaya giriyorsun, daha fazla anahtar seni bekliyor!","ja_JP":"\u3055\u3042\u3001\u6b21\u306e\u30b9\u30c6\u30fc\u30b8\u3060\u3002\u3082\u3063\u3068\u3044\u3063\u3071\u3044\u30b9\u30a4\u30c3\u30c1\u304c\u3042\u308b\u3088\uff01","ko_KR":"\ub2e4\uc74c \ub2e8\uacc4\ub85c \ub4e4\uc5b4\uac00\uba74 \ub354 \ub9ce\uc740 \uc2a4\uc704\uce58\uac00 \uc788\uc5b4!","zh_TW":"\u9032\u5165\u4e0b\u4e00\u95dc\uff0c\u66f4\u591a\u958b\u95dc\u6b63\u7b49\u8457\u5462\uff01"},"type":"SHOW_SIDE_MSG"},{"varName":"map.hint1Done","changeType":"set","value":true,"type":"CHANGE_VAR_BOOL"}],"triggerType":"ALWAYS","startCondition":"map.hint1","mapId":35}},{"type":"TouchTrigger","x":32,"y":416,"level":0,"settings":{"name":"hint1","size":{"x":96,"y":48},"variable":"map.hint1","type":"SET_TRUE","zHeight":"64","mapId":36}},{"type":"WallHorizontal","x":224,"y":416,"level":0,"settings":{"name":"","size":{"x":112,"y":8},"leftEnd":"STOP","rightEnd":"STOP","condition":"!map.wall3Down","collType":"BLOCK","wallZHeight":32,"mapId":37}},{"type":"Prop","x":432,"y":432,"level":0,"settings":{"name":"","propType":{"sheet":"cargo-hold","name":"cargo-box1"},"mapId":38}},{"type":"Prop","x":72,"y":432,"level":0,"settings":{"name":"","propType":{"sheet":"cargo-hold","name":"cargo-arrow-up"},"mapId":39}},{"type":"Prop","x":192,"y":432,"level":0,"settings":{"name":"","propType":{"sheet":"cargo-hold","name":"cargo-box1"},"mapId":40}},{"type":"Prop","x":448,"y":448,"level":0,"settings":{"name":"","propType":{"sheet":"cargo-hold","name":"cargo-box2"},"mapId":41}},{"type":"Prop","x":192,"y":452,"level":0,"settings":{"name":"","propType":{"sheet":"cargo-hold","name":"cargo-box2"},"mapId":42}},{"type":"Prop","x":32,"y":464,"level":0,"settings":{"name":"","propType":{"sheet":"cargo-hold","name":"cargo-box2"},"mapId":43}},{"type":"Prop","x":32,"y":496,"level":0,"settings":{"name":"","propType":{"sheet":"cargo-hold","name":"cargo-box2"},"mapId":44}},{"type":"Marker","x":64,"y":496,"level":0,"settings":{"name":"start","dir":"NORTH","mapId":45}},{"type":"Prop","x":192,"y":528,"level":0,"settings":{"name":"","propType":{"sheet":"cargo-hold","name":"cargo-box2"},"mapId":46}},{"type":"Door","x":496,"y":528,"level":0,"settings":{"name":"endDoor","doorType":"DEFAULT","dir":"SOUTH","blockEvent":[{"person":{"person":"main.carla","expression":"GLASS_ANGRY"},"side":"LEFT","order":0,"clearSide":false,"type":"ADD_MSG_PERSON"},{"person":{"person":"main.lea","expression":"SURPRISED_AWAY"},"side":"RIGHT","order":0,"clearSide":false,"type":"ADD_MSG_PERSON"},{"entity":{"global":true,"name":"carla"},"action":[{"entity":{"player":true},"rotate":true,"type":"SET_FACE_TO_ENTITY"}],"repeating":false,"wait":false,"keepState":false,"type":"DO_ACTION"},{"person":{"person":"main.carla","expression":"GLASS_ANGRY"},"message":{"de_DE":"Falsche Richtung, Lea!\\.\nWir m\u00fcssen den Teleporter erreichen!","en_US":"Wrong direction, girl.\\.\nGotta reach the teleporter!","langUid":35,"fr_FR":"","zh_CN":"Yanlış yön, kızım\\.Teleporta ulaşman lazım!","ja_JP":"\u3061\u3087\u3063\u3068\u3001\u305d\u3063\u3061\u3058\u3083\u306a\u3044\u3088\u3002\\.\u30c6\u30ec\u30dd\u30fc\u30bf\u30fc\u307e\u3067\u884c\u304b\u306a\u3044\u3068\uff01","ko_KR":"\uadf8\ucabd\uc774 \uc544\ub2c8\uc57c.\\.\n\ud154\ub808\ud3ec\ud130 \ucabd\uc73c\ub85c \uac00!","zh_TW":"\u65b9\u5411\u932f\u4e86\uff0c\u7f8e\u5973\u3002\\.\u5fc5\u9808\u5f97\u5230\u50b3\u9001\u9ede\u90a3\u88e1\u53bb\uff01"},"autoContinue":false,"type":"SHOW_MSG"},{"npc":{"global":true,"name":"carla"},"type":"RESET_NPC"}],"transitionType":"REGULAR","condition":"","map":"cargo-ship.room2","marker":"start","hideCondition":"","blockEventCondition":"plot.line>= 700 && plot.line < 15000","mapId":47,"variation":""}},{"type":"Door","x":64,"y":528,"level":0,"settings":{"name":"startDoor","condition":"","dir":"NORTH","map":"cargo-ship.room1","marker":"end","mapId":48}},{"type":"Marker","x":496,"y":544,"level":0,"settings":{"name":"end","dir":"SOUTH","mapId":49}},{"type":"Prop","x":288,"y":576,"level":0,"settings":{"name":"","propType":{"sheet":"cargo-hold","name":"cargo-box1"},"mapId":50}},{"type":"Enemy","x":268,"y":344,"level":0,"settings":{"name":"shredder1","enemyInfo":{"group":"","party":"ENEMY","varIncrease":"tmp.shredderKill","targetOnSpawn":false,"type":"shredder","attribs":{}},"spawnCondition":"plot.line >= 700 && tmp.shreddersSpawned ","mapId":51}},{"type":"EventTrigger","x":556,"y":392,"level":0,"settings":{"name":"ShreddersGo","eventType":"PARALLEL","endCondition":"tmp.shreddersSpawned  || plot.line >= 15000","event":[{"alpha":0.3,"time":0.2,"lighter":true,"color":"#00fff6","type":"SET_OVERLAY"},{"changeType":"set","varName":"tmp.shreddersSpawned","value":true,"type":"CHANGE_VAR_BOOL"},{"entity":{"global":true,"name":"shredder1"},"duration":0,"align":"BOTTOM","group":"","wait":false,"waitSkip":0,"effect":{"sheet":"scene.designer","name":"spawnShredder"},"offset":{"x":0,"y":0,"z":0},"type":"SHOW_EFFECT"},{"entity1":{"global":true,"name":"shredder1"},"entity2":{"player":true},"speed":"FASTER","transition":"EASE_IN_OUT","wait":true,"waitSkip":0,"zoom":1,"type":"SET_CAMERA_BETWEEN"},{"ignoreSlowDown":false,"time":0.1,"type":"WAIT"},{"alpha":0,"time":0.4,"lighter":true,"color":"#00fff6","type":"SET_OVERLAY"},{"ignoreSlowDown":false,"time":0.4,"type":"WAIT"},{"alpha":0,"time":0,"lighter":false,"color":"black","type":"SET_OVERLAY"},{"ignoreSlowDown":false,"time":0.5,"type":"WAIT"},{"speed":"FAST","transition":"EASE_IN_OUT","wait":false,"waitSkip":0,"type":"RESET_CAMERA"}],"triggerType":"ALWAYS","startCondition":"plot.line >= 700","mapId":52}},{"type":"EventTrigger","x":508,"y":244,"level":0,"settings":{"name":"defeatShredder","eventType":"PARALLEL","endCondition":"false","event":[{"message":{"en_US":"Stop this!!","langUid":64,"ja_JP":"\u3084\u3081\u308d\uff01\uff01<<A<<[CHANGED 2019\/08\/16]","zh_CN":"Bunu durdur!!","de_DE":"H\u00f6r auf damit!!","ko_KR":"\uadf8\ub9cc\ud558\ub77c\uace0!!<<A<<[CHANGED 2019\/08\/16]","zh_TW":"\u505c\u4e0b!!<<A<<[CHANGED 2019\/08\/16]"},"type":"SHOW_SIDE_MSG","person":{"person":"antagonists.designer","expression":"SHOUT_AR"}},{"message":{"en_US":"\\c[1]...!!\\c[0]","langUid":65,"ja_JP":"\\c[1]...\uff01\uff01\\c[0]<<A<<[CHANGED 2019\/08\/16]","zh_CN":"\\c[1]...!!\\c[0]","de_DE":"\\c[1]...!!\\c[0]","ko_KR":"\\c[1]...!!\\c[0]<<A<<[CHANGED 2019\/08\/16]","zh_TW":"\\c[1]...!!\\c[0]<<A<<[CHANGED 2019\/08\/16]"},"type":"SHOW_SIDE_MSG","person":{"person":"main.lea","expression":"INSANE"}}],"triggerType":"ONCE_PER_ENTRY","mapId":53,"startCondition":"tmp.shredderKill >= 1"}}],"layer":[{"id":0,"type":"Background","name":"ground","level":"0","width":60,"height":40,"visible":1,"tilesetName":"media\/map\/cargo-ship-inner.png","repeat":false,"distance":"1","tilesize":16,"moveSpeed":{"x":0,"y":0},"data":[[0,0,0,0,0,0,0,0,0,0,0,0,0,0,0,0,0,0,0,0,0,0,0,0,0,0,0,0,0,0,0,0,0,0,0,0,0,0,0,0,0,0,0,0,0,0,0,0,0,0,0,0,0,0,0,0,0,0,0,0],[0,0,0,0,8,9,9,9,9,9,9,9,9,9,9,9,9,9,9,9,9,9,9,9,9,9,9,10,0,0,0,0,0,0,0,0,0,0,0,0,0,0,0,0,0,0,0,0,0,0,0,0,0,0,0,0,0,0,0,0],[0,0,0,8,40,13,41,41,14,41,41,15,41,41,41,14,14,41,41,41,13,41,41,14,41,41,15,42,10,0,0,0,0,0,0,0,0,0,0,0,0,0,0,0,0,0,0,0,0,0,0,0,0,0,0,0,0,0,0,0],[0,0,8,40,72,45,73,73,46,73,73,47,73,73,73,46,46,73,73,73,45,73,73,46,73,73,47,74,16,43,0,0,0,0,0,0,0,0,0,0,0,0,0,0,0,0,0,0,0,0,0,0,0,0,0,0,0,0,0,0],[0,39,12,72,104,77,105,105,78,105,105,79,105,105,105,78,78,105,105,105,77,105,105,78,105,105,79,106,48,75,0,0,0,0,0,0,0,0,0,0,0,0,0,0,0,0,0,0,0,0,0,0,0,0,0,0,0,0,0,0],[0,71,44,104,136,109,137,137,110,137,137,111,137,137,137,110,110,137,137,137,109,137,137,110,137,137,111,138,80,75,0,0,0,0,0,0,0,0,0,0,0,0,0,0,0,0,0,0,0,0,0,0,0,0,0,0,0,0,0,0],[0,71,76,136,168,141,169,169,142,169,169,143,169,169,169,142,142,169,205,169,141,169,169,142,169,169,143,170,112,75,0,0,0,0,0,0,0,0,0,0,0,0,0,0,0,0,0,0,0,0,0,0,0,0,0,0,0,0,0,0],[0,71,108,168,200,173,201,201,174,201,201,175,201,201,201,174,174,201,237,201,173,201,201,174,201,201,175,202,144,75,0,0,0,0,0,0,0,0,0,0,0,0,0,0,0,0,0,0,0,0,0,0,0,0,0,0,0,0,0,0],[0,71,140,200,232,2,2,2,2,419,420,421,422,423,424,2,2,66,66,34,2,2,2,2,2,2,2,234,176,75,0,0,0,0,0,0,0,0,0,0,0,0,0,0,0,0,0,0,0,0,0,0,0,0,0,0,0,0,0,0],[0,71,172,232,2,66,1,34,2,451,452,453,454,455,456,2,66,1,1,1,1,1,1,1,1,1,1,34,208,75,0,0,0,0,0,0,0,0,0,0,0,0,0,0,0,0,0,0,0,0,0,0,0,0,0,0,0,0,0,0],[0,71,204,2,66,1,1,1,1,1,1,1,1,1,2,66,1,1,1,1,1,1,1,1,1,1,1,1,2,267,0,0,0,0,0,0,0,0,0,0,0,0,0,0,0,0,0,0,0,0,0,0,0,0,0,0,0,0,0,0],[0,263,3,66,1,1,1,1,1,1,1,1,1,1,2,66,1,1,1,1,1,1,1,1,1,1,1,1,66,0,0,0,0,0,0,0,0,0,0,0,0,0,0,0,0,0,0,0,0,0,0,0,0,0,0,0,0,0,0,0],[0,0,2,1,1,1,1,1,1,1,1,1,1,1,2,1,1,1,1,1,66,1,1,1,1,1,1,1,66,0,0,0,0,0,0,0,0,0,0,0,0,0,0,0,0,0,0,0,0,0,0,0,0,0,0,0,0,0,0,0],[0,0,2,1,1,1,1,1,1,1,1,417,257,258,2,1,1,1,1,1,2,1,1,1,1,1,1,1,66,0,0,0,0,0,0,0,0,0,0,0,0,0,0,0,0,0,0,0,0,0,0,0,0,0,0,0,0,0,0,0],[0,0,2,34,1,1,1,1,1,1,1,449,289,290,66,1,1,1,1,66,3,1,1,34,1,1,1,1,66,0,0,0,0,0,0,0,0,0,0,0,0,0,0,0,0,0,0,0,0,0,0,0,0,0,0,0,0,0,0,0],[0,0,2,1,1,1,419,420,421,422,423,424,353,354,1,1,1,1,34,2,3,417,418,34,1,1,1,1,66,0,0,0,0,0,0,0,0,0,0,0,0,0,0,0,0,0,0,0,0,0,0,0,0,0,0,0,0,0,0,0],[0,0,2,2,66,1,451,452,453,454,455,456,353,354,34,1,1,1,1,34,2,449,450,34,34,1,1,66,34,0,0,0,0,0,0,0,0,0,0,0,0,0,0,0,0,0,0,0,0,0,0,0,0,0,0,0,0,0,0,0],[0,0,2,66,1,1,34,34,34,34,2,3,385,386,2,66,1,1,1,1,1,1,1,2,2,34,66,34,34,0,0,0,0,0,0,0,0,0,0,0,0,0,0,0,0,0,0,0,0,0,0,0,0,0,0,0,0,0,0,0],[0,0,1,1,1,1,1,1,1,1,34,3,257,258,66,1,1,1,1,1,1,1,1,3,3,2,2,34,34,0,0,0,0,0,0,0,0,0,0,0,0,0,0,0,0,0,0,0,0,0,0,0,0,0,0,0,0,0,0,0],[0,0,34,1,1,1,1,1,1,1,1,2,289,290,1,1,1,1,1,1,1,1,1,35,35,3,3,3,1,0,0,0,0,0,0,0,0,0,0,0,0,0,0,0,0,0,0,0,0,0,0,0,0,0,0,0,0,0,0,0],[0,0,34,1,1,1,1,1,1,1,66,2,321,322,1,1,1,1,1,1,1,417,418,3,35,3,33,3,3,0,0,0,0,0,0,0,0,0,0,0,0,0,0,0,0,0,0,0,0,0,0,0,0,0,0,0,0,0,0,0],[0,0,34,1,1,1,1,1,1,66,1,3,353,354,1,1,1,1,1,1,1,449,450,3,35,35,35,67,35,0,0,0,0,0,0,0,0,0,0,0,0,0,0,0,0,0,0,0,0,0,0,0,0,0,0,0,0,0,0,0],[0,0,34,1,1,1,1,1,1,3,3,3,385,386,1,1,1,1,1,1,1,1,35,35,67,67,67,67,35,0,0,0,0,0,0,0,0,0,0,0,0,0,0,0,0,0,0,0,0,0,0,0,0,0,0,0,0,0,0,0],[0,0,2,34,1,1,1,66,1,1,1,1,417,418,34,1,1,1,1,1,1,1,1,33,33,33,33,33,33,0,0,0,0,0,0,0,0,0,0,0,0,0,0,0,0,0,0,0,0,0,0,0,0,0,0,0,0,0,0,0],[0,0,2,66,66,1,1,66,1,1,1,1,449,450,2,34,1,1,1,1,1,1,1,33,33,33,33,33,33,0,0,0,0,0,0,0,0,0,0,0,0,0,0,0,0,0,0,0,0,0,0,0,0,0,0,0,0,0,0,0],[0,0,66,66,1,1,1,66,257,258,421,422,423,424,3,2,1,1,1,1,66,417,418,419,420,421,422,423,424,0,0,0,0,0,0,0,0,0,0,0,0,0,0,0,0,0,0,0,0,0,0,0,0,0,0,0,0,0,0,0],[0,0,66,1,1,1,1,66,289,290,453,454,455,456,2,66,1,1,1,2,2,449,450,451,452,453,454,455,456,0,0,0,0,0,0,0,0,0,0,0,0,0,0,0,0,0,0,0,0,0,0,0,0,0,0,0,0,0,0,0],[0,0,66,1,1,1,1,66,321,322,1,1,3,1,2,66,1,1,1,34,34,2,2,2,2,2,3,3,3,9,9,9,9,9,9,43,0,0,0,0,0,0,0,0,0,0,0,0,0,0,0,0,0,0,0,0,0,0,0,0],[0,0,66,1,1,1,1,66,353,354,1,1,2,2,66,66,34,1,1,1,1,1,1,1,34,2,2,3,3,13,41,41,41,41,15,75,0,0,0,0,0,0,0,0,0,0,0,0,0,0,0,0,0,0,0,0,0,0,0,0],[0,0,66,1,1,1,1,66,385,386,1,1,2,2,1,34,66,1,1,1,1,1,1,1,1,1,34,2,2,45,73,73,73,73,47,75,0,0,0,0,0,0,0,0,0,0,0,0,0,0,0,0,0,0,0,0,0,0,0,0],[0,0,3,1,1,1,1,66,257,258,1,1,2,66,1,1,1,1,1,1,1,1,1,1,1,1,1,34,2,77,105,105,105,105,79,75,0,0,0,0,0,0,0,0,0,0,0,0,0,0,0,0,0,0,0,0,0,0,0,0],[0,0,3,1,1,1,66,2,289,290,1,1,2,1,1,1,1,1,1,1,1,1,1,1,1,1,1,1,34,109,137,137,137,137,111,75,0,0,0,0,0,0,0,0,0,0,0,0,0,0,0,0,0,0,0,0,0,0,0,0],[0,0,67,2,34,66,2,3,321,322,1,1,1,1,1,1,1,1,1,1,1,1,1,1,1,1,1,1,2,141,169,0,0,169,143,75,0,0,0,0,0,0,0,0,0,0,0,0,0,0,0,0,0,0,0,0,0,0,0,0],[0,0,297,297,297,297,297,297,353,354,1,1,1,1,1,1,1,1,1,1,1,1,1,1,1,1,1,1,34,173,201,193,194,201,175,75,0,0,0,0,0,0,0,0,0,0,0,0,0,0,0,0,0,0,0,0,0,0,0,0],[0,0,0,0,0,0,0,0,385,386,1,1,1,1,1,1,1,1,1,1,1,1,1,1,1,1,1,1,34,3,2,1,1,2,3,267,0,0,0,0,0,0,0,0,0,0,0,0,0,0,0,0,0,0,0,0,0,0,0,0],[0,0,0,0,0,0,0,0,417,418,417,418,419,420,421,422,423,424,1,1,1,1,1,1,1,1,1,1,1,1,1,1,1,66,266,0,0,0,0,0,0,0,0,0,0,0,0,0,0,0,0,0,0,0,0,0,0,0,0,0],[0,0,0,0,0,0,0,0,449,450,449,450,451,452,453,454,455,456,2,2,2,2,2,2,2,2,2,2,2,2,2,2,2,266,298,0,0,0,0,0,0,0,0,0,0,0,0,0,0,0,0,0,0,0,0,0,0,0,0,0],[0,0,0,0,0,0,0,0,297,297,297,297,297,297,297,297,297,297,297,297,297,297,297,297,297,297,297,297,297,297,297,297,297,298,0,0,0,0,0,0,0,0,0,0,0,0,0,0,0,0,0,0,0,0,0,0,0,0,0,0],[0,0,0,0,0,0,0,0,0,0,0,0,0,0,0,0,0,0,0,0,0,0,0,0,0,0,0,0,0,0,0,0,0,0,0,0,0,0,0,0,0,0,0,0,0,0,0,0,0,0,0,0,0,0,0,0,0,0,0,0],[0,0,0,0,0,0,0,0,0,0,0,0,0,0,0,0,0,0,0,0,0,0,0,0,0,0,0,0,0,0,0,0,0,0,0,0,0,0,0,0,0,0,0,0,0,0,0,0,0,0,0,0,0,0,0,0,0,0,0,0]]},{"id":1,"type":"Collision","name":"collision","level":"0","width":60,"height":40,"visible":1,"tilesetName":"media\/map\/collisiontiles-16x16.png","repeat":false,"distance":"1","tilesize":16,"moveSpeed":{"x":0,"y":0},"data":[[0,0,0,0,0,0,0,0,0,0,0,0,0,0,0,0,0,0,0,0,0,0,0,0,0,0,0,0,0,0,0,0,0,0,0,0,0,0,0,0,0,0,0,0,0,0,0,0,0,0,0,0,0,0,0,0,0,0,0,0],[0,0,0,0,0,0,0,0,0,0,0,0,0,0,0,0,0,0,0,0,0,0,0,0,0,0,0,0,0,0,0,0,0,0,0,0,0,0,0,0,0,0,0,0,0,0,0,0,0,0,0,0,0,0,0,0,0,0,0,0],[0,0,0,0,0,0,0,0,0,0,0,0,0,0,0,0,0,0,0,0,0,0,0,0,0,0,0,0,0,0,0,0,0,0,0,0,0,0,0,0,0,0,0,0,0,0,0,0,0,0,0,0,0,0,0,0,0,0,0,0],[0,0,0,0,0,0,0,0,0,0,0,0,0,0,0,0,0,0,0,0,0,0,0,0,0,0,0,0,0,0,0,0,0,0,0,0,0,0,0,0,0,0,0,0,0,0,0,0,0,0,0,0,0,0,0,0,0,0,0,0],[0,0,0,0,0,0,0,0,0,0,0,0,0,0,0,0,0,0,0,0,0,0,0,0,0,0,0,0,0,0,0,0,0,0,0,0,0,0,0,0,0,0,0,0,0,0,0,0,0,0,0,0,0,0,0,0,0,0,0,0],[0,0,0,0,0,0,0,0,0,0,0,0,0,0,0,0,0,0,0,0,0,0,0,0,0,0,0,0,0,0,0,0,0,0,0,0,0,0,0,0,0,0,0,0,0,0,0,0,0,0,0,0,0,0,0,0,0,0,0,0],[0,0,0,0,0,0,0,0,0,0,0,0,0,0,0,0,0,0,0,0,0,0,0,0,0,0,0,0,0,0,0,0,0,0,0,0,0,0,0,0,0,0,0,0,0,0,0,0,0,0,0,0,0,0,0,0,0,0,0,0],[0,0,0,0,0,2,2,2,2,2,2,2,2,2,2,2,2,2,2,2,2,2,2,2,2,2,2,0,0,0,0,0,0,0,0,0,0,0,0,0,0,0,0,0,0,0,0,0,0,0,0,0,0,0,0,0,0,0,0,0],[0,0,0,0,9,0,0,0,0,2,2,2,2,2,2,0,0,0,0,0,0,0,0,0,0,0,0,10,0,0,0,0,0,0,0,0,0,0,0,0,0,0,0,0,0,0,0,0,0,0,0,0,0,0,0,0,0,0,0,0],[0,0,0,9,0,0,0,0,0,2,2,2,2,2,2,0,0,0,0,0,0,0,0,0,0,0,0,0,10,0,0,0,0,0,0,0,0,0,0,0,0,0,0,0,0,0,0,0,0,0,0,0,0,0,0,0,0,0,0,0],[0,0,9,0,0,0,0,0,0,0,0,2,2,0,0,0,0,0,0,0,0,0,0,0,0,0,0,0,0,2,0,0,0,0,0,0,0,0,0,0,0,0,0,0,0,0,0,0,0,0,0,0,0,0,0,0,0,0,0,0],[0,2,0,0,0,0,0,0,0,0,0,2,2,0,0,0,0,0,0,0,0,0,0,0,0,0,0,0,0,2,0,0,0,0,0,0,0,0,0,0,0,0,0,0,0,0,0,0,0,0,0,0,0,0,0,0,0,0,0,0],[0,2,0,0,0,0,0,0,0,0,0,2,2,0,0,0,0,0,0,0,0,2,2,0,0,0,0,0,0,2,0,0,0,0,0,0,0,0,0,0,0,0,0,0,0,0,0,0,0,0,0,0,0,0,0,0,0,0,0,0],[0,2,0,0,0,0,0,0,0,0,0,2,2,0,0,0,0,0,0,0,0,2,2,0,0,0,0,0,0,2,0,0,0,0,0,0,0,0,0,0,0,0,0,0,0,0,0,0,0,0,0,0,0,0,0,0,0,0,0,0],[0,2,0,0,0,0,0,0,0,0,0,2,2,0,0,0,0,0,0,0,0,2,2,0,0,0,0,0,0,2,0,0,0,0,0,0,0,0,0,0,0,0,0,0,0,0,0,0,0,0,0,0,0,0,0,0,0,0,0,0],[0,2,0,0,0,0,2,2,2,2,2,2,2,2,0,0,0,0,0,0,0,2,2,0,0,0,0,0,0,2,0,0,0,0,0,0,0,0,0,0,0,0,0,0,0,0,0,0,0,0,0,0,0,0,0,0,0,0,0,0],[0,2,0,0,0,0,2,2,2,2,2,2,2,2,0,0,0,0,0,0,0,2,2,0,0,0,0,0,0,2,0,0,0,0,0,0,0,0,0,0,0,0,0,0,0,0,0,0,0,0,0,0,0,0,0,0,0,0,0,0],[0,2,0,0,0,0,0,0,0,0,0,0,2,2,0,0,0,0,0,0,0,2,2,0,0,0,0,0,0,2,0,0,0,0,0,0,0,0,0,0,0,0,0,0,0,0,0,0,0,0,0,0,0,0,0,0,0,0,0,0],[0,2,0,0,0,0,0,0,0,0,0,0,2,2,0,0,0,0,0,0,0,2,2,0,0,0,0,0,0,2,0,0,0,0,0,0,0,0,0,0,0,0,0,0,0,0,0,0,0,0,0,0,0,0,0,0,0,0,0,0],[0,2,0,0,0,0,0,0,0,0,0,0,2,2,0,0,0,0,0,0,0,2,2,0,0,0,0,0,0,2,0,0,0,0,0,0,0,0,0,0,0,0,0,0,0,0,0,0,0,0,0,0,0,0,0,0,0,0,0,0],[0,2,0,0,0,0,0,0,0,0,0,0,2,2,0,0,0,0,0,0,0,2,2,0,0,0,0,0,0,2,0,0,0,0,0,0,0,0,0,0,0,0,0,0,0,0,0,0,0,0,0,0,0,0,0,0,0,0,0,0],[0,2,0,0,0,0,0,0,0,0,0,0,2,2,0,0,0,0,0,0,0,2,2,0,0,0,0,0,0,2,0,0,0,0,0,0,0,0,0,0,0,0,0,0,0,0,0,0,0,0,0,0,0,0,0,0,0,0,0,0],[0,2,0,0,0,0,0,0,0,0,0,0,2,2,0,0,0,0,0,0,0,2,2,0,0,0,0,0,0,2,0,0,0,0,0,0,0,0,0,0,0,0,0,0,0,0,0,0,0,0,0,0,0,0,0,0,0,0,0,0],[0,2,0,0,0,0,0,0,0,0,0,0,2,2,0,0,0,0,0,0,0,2,2,0,0,0,0,0,0,2,0,0,0,0,0,0,0,0,0,0,0,0,0,0,0,0,0,0,0,0,0,0,0,0,0,0,0,0,0,0],[0,2,0,0,0,0,0,0,0,0,0,0,2,2,0,0,0,0,0,0,0,2,2,0,0,0,0,0,0,2,0,0,0,0,0,0,0,0,0,0,0,0,0,0,0,0,0,0,0,0,0,0,0,0,0,0,0,0,0,0],[0,2,0,0,0,0,0,0,2,2,2,2,2,2,0,0,0,0,0,0,0,2,2,2,2,2,2,2,2,2,0,0,0,0,0,0,0,0,0,0,0,0,0,0,0,0,0,0,0,0,0,0,0,0,0,0,0,0,0,0],[0,2,0,0,0,0,0,0,2,2,2,2,2,2,0,0,0,0,0,0,0,2,2,2,2,2,2,2,2,2,0,0,0,0,0,0,0,0,0,0,0,0,0,0,0,0,0,0,0,0,0,0,0,0,0,0,0,0,0,0],[0,2,0,0,0,0,0,0,2,2,2,2,0,0,0,0,0,0,0,0,0,0,0,0,0,0,0,0,0,2,0,0,0,0,0,0,0,0,0,0,0,0,0,0,0,0,0,0,0,0,0,0,0,0,0,0,0,0,0,0],[0,2,0,0,0,0,0,0,2,2,2,2,0,0,0,0,0,0,0,0,0,0,0,0,0,0,0,0,0,2,0,0,0,0,0,0,0,0,0,0,0,0,0,0,0,0,0,0,0,0,0,0,0,0,0,0,0,0,0,0],[0,2,0,0,0,0,0,0,2,2,2,2,0,0,0,0,0,0,0,0,0,0,0,0,0,0,0,0,0,2,0,0,0,0,0,0,0,0,0,0,0,0,0,0,0,0,0,0,0,0,0,0,0,0,0,0,0,0,0,0],[0,2,0,0,0,0,0,0,2,2,2,2,0,0,0,0,0,0,0,0,0,0,0,0,0,0,0,0,0,2,0,0,0,0,0,0,0,0,0,0,0,0,0,0,0,0,0,0,0,0,0,0,0,0,0,0,0,0,0,0],[0,2,0,0,0,0,0,0,2,2,2,2,0,0,0,0,0,0,0,0,0,0,0,0,0,0,0,0,0,2,0,0,0,0,0,0,0,0,0,0,0,0,0,0,0,0,0,0,0,0,0,0,0,0,0,0,0,0,0,0],[0,2,0,0,0,0,0,0,2,2,2,2,0,0,0,0,0,0,0,0,0,0,0,0,0,0,0,0,0,2,0,0,0,0,0,0,0,0,0,0,0,0,0,0,0,0,0,0,0,0,0,0,0,0,0,0,0,0,0,0],[0,2,2,2,2,2,2,2,2,2,2,2,0,0,0,0,0,0,0,0,0,0,0,0,0,0,0,0,0,2,2,2,2,2,2,2,0,0,0,0,0,0,0,0,0,0,0,0,0,0,0,0,0,0,0,0,0,0,0,0],[0,0,0,0,0,0,0,2,2,2,2,2,0,0,0,0,0,0,0,0,0,0,0,0,0,0,0,0,0,0,0,0,0,0,0,2,0,0,0,0,0,0,0,0,0,0,0,0,0,0,0,0,0,0,0,0,0,0,0,0],[0,0,0,0,0,0,0,2,2,2,2,2,2,2,2,2,2,2,0,0,0,0,0,0,0,0,0,0,0,0,0,0,0,0,11,0,0,0,0,0,0,0,0,0,0,0,0,0,0,0,0,0,0,0,0,0,0,0,0,0],[0,0,0,0,0,0,0,2,2,2,2,2,2,2,2,2,2,2,0,0,0,0,0,0,0,0,0,0,0,0,0,0,0,11,0,0,0,0,0,0,0,0,0,0,0,0,0,0,0,0,0,0,0,0,0,0,0,0,0,0],[0,0,0,0,0,0,0,2,2,2,2,2,2,2,2,2,2,2,2,2,2,2,2,2,2,2,2,2,2,2,2,2,2,0,0,0,0,0,0,0,0,0,0,0,0,0,0,0,0,0,0,0,0,0,0,0,0,0,0,0],[0,0,0,0,0,0,0,0,0,0,0,0,0,0,0,0,0,0,0,0,0,0,0,0,0,0,0,0,0,0,0,0,0,0,0,0,0,0,0,0,0,0,0,0,0,0,0,0,0,0,0,0,0,0,0,0,0,0,0,0],[0,0,0,0,0,0,0,0,0,0,0,0,0,0,0,0,0,0,0,0,0,0,0,0,0,0,0,0,0,0,0,0,0,0,0,0,0,0,0,0,0,0,0,0,0,0,0,0,0,0,0,0,0,0,0,0,0,0,0,0]]},{"id":9,"type":"Navigation","name":"Nav","level":"0","width":60,"height":40,"visible":1,"tilesetName":"media\/map\/pathmap-tiles.png","repeat":false,"distance":"1","tilesize":16,"moveSpeed":{"x":0,"y":0},"data":[[0,0,0,0,0,0,0,0,0,0,0,0,0,0,0,0,0,0,0,0,0,0,0,0,0,0,0,0,0,0,0,0,0,0,0,0,0,0,0,0,0,0,0,0,0,0,0,0,0,0,0,0,0,0,0,0,0,0,0,0],[0,0,0,0,0,0,0,0,0,0,0,0,0,0,0,0,0,0,0,0,0,0,0,0,0,0,0,0,0,0,0,0,0,0,0,0,0,0,0,0,0,0,0,0,0,0,0,0,0,0,0,0,0,0,0,0,0,0,0,0],[0,0,0,0,0,0,0,0,0,0,0,0,0,0,0,0,0,0,0,0,0,0,0,0,0,0,0,0,0,0,0,0,0,0,0,0,0,0,0,0,0,0,0,0,0,0,0,0,0,0,0,0,0,0,0,0,0,0,0,0],[0,0,0,0,0,0,0,0,0,0,0,0,0,0,0,0,0,0,0,0,0,0,0,0,0,0,0,0,0,0,0,0,0,0,0,0,0,0,0,0,0,0,0,0,0,0,0,0,0,0,0,0,0,0,0,0,0,0,0,0],[0,0,0,0,0,0,0,0,0,0,0,0,0,0,0,0,0,0,0,0,0,0,0,0,0,0,0,0,0,0,0,0,0,0,0,0,0,0,0,0,0,0,0,0,0,0,0,0,0,0,0,0,0,0,0,0,0,0,0,0],[0,0,0,0,0,0,0,0,0,0,0,0,0,0,0,0,0,0,0,0,0,0,0,0,0,0,0,0,0,0,0,0,0,0,0,0,0,0,0,0,0,0,0,0,0,0,0,0,0,0,0,0,0,0,0,0,0,0,0,0],[0,0,0,0,0,0,0,0,0,0,0,0,0,0,0,0,0,0,0,0,0,0,0,0,0,0,0,0,0,0,0,0,0,0,0,0,0,0,0,0,0,0,0,0,0,0,0,0,0,0,0,0,0,0,0,0,0,0,0,0],[0,0,0,0,0,0,0,0,0,0,0,0,0,0,0,0,0,0,0,0,0,0,0,0,0,0,0,0,0,0,0,0,0,0,0,0,0,0,0,0,0,0,0,0,0,0,0,0,0,0,0,0,0,0,0,0,0,0,0,0],[0,0,0,0,2,2,2,2,2,13,0,0,0,0,11,3,3,3,3,3,3,1,1,1,1,1,1,1,0,0,0,0,0,0,0,0,0,0,0,0,0,0,0,0,0,0,0,0,0,0,0,0,0,0,0,0,0,0,0,0],[0,0,0,2,2,2,2,2,2,12,12,0,0,12,11,3,3,3,3,3,3,1,1,1,1,1,1,1,1,0,0,0,0,0,0,0,0,0,0,0,0,0,0,0,0,0,0,0,0,0,0,0,0,0,0,0,0,0,0,0],[0,0,2,2,2,2,2,2,2,1,1,0,0,1,1,3,3,3,3,3,3,1,1,1,1,1,1,1,1,0,0,0,0,0,0,0,0,0,0,0,0,0,0,0,0,0,0,0,0,0,0,0,0,0,0,0,0,0,0,0],[0,0,2,2,2,2,2,2,2,1,1,0,0,1,1,3,3,3,3,3,3,1,1,1,1,1,1,1,1,0,0,0,0,0,0,0,0,0,0,0,0,0,0,0,0,0,0,0,0,0,0,0,0,0,0,0,0,0,0,0],[0,0,2,2,2,2,2,2,2,1,1,0,0,1,1,3,3,3,3,3,3,0,0,3,3,3,3,3,3,0,0,0,0,0,0,0,0,0,0,0,0,0,0,0,0,0,0,0,0,0,0,0,0,0,0,0,0,0,0,0],[0,0,2,2,2,2,2,2,2,1,1,0,0,1,1,3,3,3,3,3,3,0,0,3,3,3,3,3,3,0,0,0,0,0,0,0,0,0,0,0,0,0,0,0,0,0,0,0,0,0,0,0,0,0,0,0,0,0,0,0],[0,0,2,2,2,2,2,2,2,1,1,0,0,1,1,3,3,3,3,3,3,0,0,3,3,3,3,3,3,0,0,0,0,0,0,0,0,0,0,0,0,0,0,0,0,0,0,0,0,0,0,0,0,0,0,0,0,0,0,0],[0,0,1,1,1,1,0,0,0,0,0,0,0,0,2,2,2,2,2,2,2,0,0,3,3,3,3,3,3,0,0,0,0,0,0,0,0,0,0,0,0,0,0,0,0,0,0,0,0,0,0,0,0,0,0,0,0,0,0,0],[0,0,1,1,1,1,0,0,0,0,0,0,0,0,2,2,2,2,2,2,2,0,0,2,2,2,2,2,2,0,0,0,0,0,0,0,0,0,0,0,0,0,0,0,0,0,0,0,0,0,0,0,0,0,0,0,0,0,0,0],[0,0,2,2,2,2,2,2,2,2,2,2,0,0,3,3,3,1,1,1,1,0,0,2,2,2,2,2,2,0,0,0,0,0,0,0,0,0,0,0,0,0,0,0,0,0,0,0,0,0,0,0,0,0,0,0,0,0,0,0],[0,0,2,2,2,2,2,2,0,2,2,2,0,2,3,3,3,1,1,1,1,0,0,2,2,2,2,2,2,0,0,0,0,0,0,0,0,0,0,0,0,0,0,0,0,0,0,0,0,0,0,0,0,0,0,0,0,0,0,0],[0,0,2,2,2,2,2,2,2,2,2,2,0,2,3,3,3,1,1,1,1,0,0,1,1,1,1,1,1,0,0,0,0,0,0,0,0,0,0,0,0,0,0,0,0,0,0,0,0,0,0,0,0,0,0,0,0,0,0,0],[0,0,2,2,2,2,2,2,2,2,2,2,0,0,3,3,3,1,1,1,1,0,0,1,1,1,1,1,1,0,0,0,0,0,0,0,0,0,0,0,0,0,0,0,0,0,0,0,0,0,0,0,0,0,0,0,0,0,0,0],[0,0,2,2,2,2,2,2,2,2,2,2,0,0,3,3,3,1,1,1,1,0,0,1,1,1,1,1,1,0,0,0,0,0,0,0,0,0,0,0,0,0,0,0,0,0,0,0,0,0,0,0,0,0,0,0,0,0,0,0],[0,0,2,2,2,2,2,2,2,2,2,2,0,0,3,3,3,1,1,1,1,0,0,1,1,1,1,1,1,0,0,0,0,0,0,0,0,0,0,0,0,0,0,0,0,0,0,0,0,0,0,0,0,0,0,0,0,0,0,0],[0,0,2,2,2,2,2,2,2,2,2,2,0,0,4,4,4,4,4,4,4,0,0,1,1,1,1,1,1,0,0,0,0,0,0,0,0,0,0,0,0,0,0,0,0,0,0,0,0,0,0,0,0,0,0,0,0,0,0,0],[0,0,2,2,2,2,2,2,2,2,2,2,0,0,4,4,4,4,4,4,4,0,0,1,1,1,1,1,1,0,0,0,0,0,0,0,0,0,0,0,0,0,0,0,0,0,0,0,0,0,0,0,0,0,0,0,0,0,0,0],[0,0,1,1,1,1,1,1,0,0,0,0,0,0,4,4,4,4,4,4,4,0,0,0,0,0,0,0,0,0,0,0,0,0,0,0,0,0,0,0,0,0,0,0,0,0,0,0,0,0,0,0,0,0,0,0,0,0,0,0],[0,0,1,1,1,1,1,1,0,0,0,0,0,0,4,4,4,4,4,4,4,0,0,0,0,0,0,12,12,0,0,0,0,0,0,0,0,0,0,0,0,0,0,0,0,0,0,0,0,0,0,0,0,0,0,0,0,0,0,0],[0,0,1,1,1,1,1,1,0,0,0,11,2,2,4,4,4,4,4,4,4,2,2,2,2,2,2,2,2,0,0,0,0,0,0,0,0,0,0,0,0,0,0,0,0,0,0,0,0,0,0,0,0,0,0,0,0,0,0,0],[0,0,1,1,1,1,1,1,0,0,0,11,2,2,4,4,4,4,4,4,4,2,2,2,2,2,2,2,2,0,0,0,0,0,0,0,0,0,0,0,0,0,0,0,0,0,0,0,0,0,0,0,0,0,0,0,0,0,0,0],[0,0,1,1,1,1,1,1,0,0,0,11,2,2,4,4,4,4,4,4,4,2,2,2,2,2,2,2,2,0,0,0,0,0,0,0,0,0,0,0,0,0,0,0,0,0,0,0,0,0,0,0,0,0,0,0,0,0,0,0],[0,0,1,1,1,1,1,1,0,0,0,0,2,2,4,4,4,4,4,4,4,2,2,2,2,2,2,2,2,0,0,0,0,0,0,0,0,0,0,0,0,0,0,0,0,0,0,0,0,0,0,0,0,0,0,0,0,0,0,0],[0,0,1,1,1,1,1,1,0,0,0,0,2,2,4,4,4,4,4,4,4,2,2,2,2,2,2,2,2,0,0,0,0,0,0,0,0,0,0,0,0,0,0,0,0,0,0,0,0,0,0,0,0,0,0,0,0,0,0,0],[0,0,1,1,1,1,1,1,0,0,0,0,2,2,4,4,4,4,4,4,4,2,2,2,2,2,2,2,2,0,0,0,0,0,0,0,0,0,0,0,0,0,0,0,0,0,0,0,0,0,0,0,0,0,0,0,0,0,0,0],[0,0,0,0,0,0,0,0,0,0,0,11,2,2,4,4,4,4,4,4,4,2,2,2,2,2,2,2,2,0,0,0,0,0,0,0,0,0,0,0,0,0,0,0,0,0,0,0,0,0,0,0,0,0,0,0,0,0,0,0],[0,0,0,0,0,0,0,0,0,0,0,11,2,2,4,4,4,4,4,4,4,1,1,1,1,1,1,1,1,1,1,1,1,1,1,0,0,0,0,0,0,0,0,0,0,0,0,0,0,0,0,0,0,0,0,0,0,0,0,0],[0,0,0,0,0,0,0,0,0,0,0,0,0,0,0,0,0,0,2,2,2,1,1,1,1,1,1,1,1,1,1,1,1,1,1,0,0,0,0,0,0,0,0,0,0,0,0,0,0,0,0,0,0,0,0,0,0,0,0,0],[0,0,0,0,0,0,0,0,0,0,0,0,0,0,0,0,0,11,2,2,2,1,1,1,1,1,1,1,1,1,1,1,1,1,0,0,0,0,0,0,0,0,0,0,0,0,0,0,0,0,0,0,0,0,0,0,0,0,0,0],[0,0,0,0,0,0,0,0,0,0,0,0,0,0,0,0,0,0,0,0,0,0,0,0,0,0,0,0,0,0,0,0,0,0,0,0,0,0,0,0,0,0,0,0,0,0,0,0,0,0,0,0,0,0,0,0,0,0,0,0],[0,0,0,0,0,0,0,0,0,0,0,0,0,0,0,0,0,0,0,0,0,0,0,0,0,0,0,0,0,0,0,0,0,0,0,0,0,0,0,0,0,0,0,0,0,0,0,0,0,0,0,0,0,0,0,0,0,0,0,0],[0,0,0,0,0,0,0,0,0,0,0,0,0,0,0,0,0,0,0,0,0,0,0,0,0,0,0,0,0,0,0,0,0,0,0,0,0,0,0,0,0,0,0,0,0,0,0,0,0,0,0,0,0,0,0,0,0,0,0,0]]},{"id":2,"type":"Background","name":"upper1","level":"1","width":60,"height":40,"visible":1,"tilesetName":"media\/map\/cargo-ship-inner.png","repeat":false,"distance":"1","tilesize":16,"moveSpeed":{"x":0,"y":0},"data":[[0,0,0,0,0,0,0,0,0,0,0,0,0,0,0,0,0,0,0,0,0,0,0,0,0,0,0,0,0,0,0,0,0,0,0,0,0,0,0,0,0,0,0,0,0,0,0,0,0,0,0,0,0,0,0,0,0,0,0,0],[0,0,0,0,0,0,0,0,0,0,0,0,0,0,0,0,0,0,0,0,0,0,0,0,0,0,0,0,0,0,0,0,0,0,0,0,0,0,0,0,0,0,0,0,0,0,0,0,0,0,0,0,0,0,0,0,0,0,0,0],[0,0,0,0,0,0,0,0,0,0,0,0,0,0,0,0,0,0,0,0,0,0,0,0,0,0,0,0,0,0,0,0,0,0,0,0,0,0,0,0,0,0,0,0,0,0,0,0,0,0,0,0,0,0,0,0,0,0,0,0],[0,0,0,0,0,0,0,0,0,0,0,0,0,0,0,0,0,0,0,0,0,0,0,0,0,0,0,0,0,0,0,0,0,0,0,0,0,0,0,0,0,0,0,0,0,0,0,0,0,0,0,0,0,0,0,0,0,0,0,0],[0,0,0,0,0,0,0,0,0,0,0,0,0,0,0,0,0,0,0,0,0,0,0,0,0,0,0,0,0,0,0,0,0,0,0,0,0,0,0,0,0,0,0,0,0,0,0,0,0,0,0,0,0,0,0,0,0,0,0,0],[0,0,0,0,0,0,0,0,0,0,0,0,0,0,0,0,0,0,0,0,0,0,0,0,0,0,0,0,0,0,0,0,0,0,0,0,0,0,0,0,0,0,0,0,0,0,0,0,0,0,0,0,0,0,0,0,0,0,0,0],[0,0,0,0,0,0,0,0,0,299,300,301,302,303,304,0,0,0,0,0,0,0,0,0,0,0,0,0,0,0,0,0,0,0,0,0,0,0,0,0,0,0,0,0,0,0,0,0,0,0,0,0,0,0,0,0,0,0,0,0],[0,0,0,0,0,0,0,0,0,387,388,389,390,391,392,0,0,0,0,0,0,0,0,0,0,0,0,0,0,0,0,0,0,0,0,0,0,0,0,0,0,0,0,0,0,0,0,0,0,0,0,0,0,0,0,0,0,0,0,0],[0,0,0,0,0,0,0,0,0,0,0,257,258,0,0,0,0,0,0,0,0,0,0,0,0,0,0,0,0,0,0,0,0,0,0,0,0,0,0,0,0,0,0,0,0,0,0,0,0,0,0,0,0,0,0,0,0,0,0,0],[0,0,0,0,0,0,0,0,0,0,0,289,290,0,0,0,0,0,0,0,0,0,0,0,0,0,0,0,0,0,0,0,0,0,0,0,0,0,0,0,0,0,0,0,0,0,0,0,0,0,0,0,0,0,0,0,0,0,0,0],[0,0,0,0,0,0,0,0,0,0,0,321,322,0,0,0,0,0,0,0,0,257,258,0,0,0,0,0,0,0,0,0,0,0,0,0,0,0,0,0,0,0,0,0,0,0,0,0,0,0,0,0,0,0,0,0,0,0,0,0],[0,0,0,0,0,0,0,0,0,0,0,353,354,0,0,0,0,0,0,0,0,289,290,0,0,0,0,0,0,0,0,0,0,0,0,0,0,0,0,0,0,0,0,0,0,0,0,0,0,0,0,0,0,0,0,0,0,0,0,0],[0,0,0,0,0,0,0,0,0,0,0,495,496,0,0,0,0,0,0,0,0,321,322,0,0,0,0,0,0,0,0,0,0,0,0,0,0,0,0,0,0,0,0,0,0,0,0,0,0,0,0,0,0,0,0,0,0,0,0,0],[0,0,0,0,0,0,355,356,357,358,359,304,195,196,0,0,0,0,0,0,0,353,354,0,0,0,0,0,0,0,0,0,0,0,0,0,0,0,0,0,0,0,0,0,0,0,0,0,0,0,0,0,0,0,0,0,0,0,0,0],[0,0,0,0,0,0,387,388,389,390,391,336,227,228,0,0,0,0,0,0,0,385,386,0,0,0,0,0,0,0,0,0,0,0,0,0,0,0,0,0,0,0,0,0,0,0,0,0,0,0,0,0,0,0,0,0,0,0,0,0],[0,0,0,0,0,0,0,0,0,0,0,0,259,260,0,0,0,0,0,0,0,257,258,0,0,0,0,0,0,0,0,0,0,0,0,0,0,0,0,0,0,0,0,0,0,0,0,0,0,0,0,0,0,0,0,0,0,0,0,0],[0,0,0,0,0,0,0,0,0,0,0,0,131,132,0,0,0,0,0,0,0,289,290,0,0,0,0,0,0,0,0,0,0,0,0,0,0,0,0,0,0,0,0,0,0,0,0,0,0,0,0,0,0,0,0,0,0,0,0,0],[0,0,0,0,0,0,0,0,0,0,0,0,163,164,0,0,0,0,0,0,0,321,322,0,0,0,0,0,0,0,0,0,0,0,0,0,0,0,0,0,0,0,0,0,0,0,0,0,0,0,0,0,0,0,0,0,0,0,0,0],[0,0,0,0,0,0,0,0,0,0,0,0,195,196,0,0,0,0,0,0,0,353,354,0,0,0,0,0,0,0,0,0,0,0,0,0,0,0,0,0,0,0,0,0,0,0,0,0,0,0,0,0,0,0,0,0,0,0,0,0],[0,0,0,0,0,0,0,0,0,0,0,0,227,228,0,0,0,0,0,0,0,385,386,0,0,0,0,0,0,0,0,0,0,0,0,0,0,0,0,0,0,0,0,0,0,0,0,0,0,0,0,0,0,0,0,0,0,0,0,0],[0,0,0,0,0,0,0,0,0,0,0,0,259,260,0,0,0,0,0,0,0,257,258,0,0,0,0,0,0,0,0,0,0,0,0,0,0,0,0,0,0,0,0,0,0,0,0,0,0,0,0,0,0,0,0,0,0,0,0,0],[0,0,0,0,0,0,0,0,361,362,363,364,365,366,0,0,0,0,0,0,0,289,290,0,0,0,0,0,0,0,0,0,0,0,0,0,0,0,0,0,0,0,0,0,0,0,0,0,0,0,0,0,0,0,0,0,0,0,0,0],[0,0,0,0,0,0,0,0,393,394,395,396,397,398,0,0,0,0,0,0,0,321,322,0,0,0,0,0,0,0,0,0,0,0,0,0,0,0,0,0,0,0,0,0,0,0,0,0,0,0,0,0,0,0,0,0,0,0,0,0],[0,0,0,0,0,0,0,0,425,426,427,428,429,430,0,0,0,0,0,0,0,353,354,355,356,357,358,359,304,0,0,0,0,0,0,0,0,0,0,0,0,0,0,0,0,0,0,0,0,0,0,0,0,0,0,0,0,0,0,0],[0,0,0,0,0,0,0,0,457,458,459,460,461,462,0,0,0,0,0,0,0,385,386,387,388,389,390,391,336,0,0,0,0,0,0,0,0,0,0,0,0,0,0,0,0,0,0,0,0,0,0,0,0,0,0,0,0,0,0,0],[0,0,0,0,0,0,0,0,367,368,367,368,0,0,0,0,0,0,0,0,0,0,0,0,0,0,0,0,0,0,0,0,0,0,0,0,0,0,0,0,0,0,0,0,0,0,0,0,0,0,0,0,0,0,0,0,0,0,0,0],[0,0,0,0,0,0,0,0,289,290,399,290,0,0,0,0,0,0,0,0,0,0,0,0,0,0,0,0,0,0,0,0,0,0,0,0,0,0,0,0,0,0,0,0,0,0,0,0,0,0,0,0,0,0,0,0,0,0,0,0],[0,0,0,0,0,0,0,0,321,322,431,322,0,0,0,0,0,0,0,0,0,0,0,0,0,0,0,0,0,0,0,0,0,0,0,0,0,0,0,0,0,0,0,0,0,0,0,0,0,0,0,0,0,0,0,0,0,0,0,0],[0,0,0,0,0,0,0,0,353,354,463,354,0,0,0,0,0,0,0,0,0,0,0,0,0,0,0,0,0,0,0,0,0,0,0,0,0,0,0,0,0,0,0,0,0,0,0,0,0,0,0,0,0,0,0,0,0,0,0,0],[0,0,0,0,0,0,0,0,385,386,495,386,0,0,0,0,0,0,0,0,0,0,0,0,0,0,0,0,0,0,0,0,0,0,0,0,0,0,0,0,0,0,0,0,0,0,0,0,0,0,0,0,0,0,0,0,0,0,0,0],[0,0,0,0,0,0,0,0,367,258,367,258,0,0,0,0,0,0,0,0,0,0,0,0,0,0,0,0,0,0,0,0,0,0,0,0,0,0,0,0,0,0,0,0,0,0,0,0,0,0,0,0,0,0,0,0,0,0,0,0],[0,0,0,0,0,0,0,0,399,290,399,290,0,0,0,0,0,0,0,0,0,0,0,0,0,0,0,0,0,0,0,0,0,0,0,0,0,0,0,0,0,0,0,0,0,0,0,0,0,0,0,0,0,0,0,0,0,0,0,0],[0,0,0,0,0,0,0,0,431,322,431,322,0,0,0,0,0,0,0,0,0,0,0,0,0,0,0,0,0,0,0,0,0,0,0,0,0,0,0,0,0,0,0,0,0,0,0,0,0,0,0,0,0,0,0,0,0,0,0,0],[0,0,0,0,0,0,0,0,291,292,463,354,355,356,357,358,359,360,0,0,0,0,0,0,0,0,0,0,0,0,0,0,0,0,0,0,0,0,0,0,0,0,0,0,0,0,0,0,0,0,0,0,0,0,0,0,0,0,0,0],[0,0,0,0,0,0,0,0,323,324,495,496,331,332,333,334,335,336,0,0,0,0,0,0,0,0,0,0,0,0,0,0,0,0,0,0,0,0,0,0,0,0,0,0,0,0,0,0,0,0,0,0,0,0,0,0,0,0,0,0],[0,0,0,0,0,0,0,0,0,0,0,0,0,0,0,0,0,0,0,0,0,0,0,0,0,0,0,0,0,0,0,0,0,0,0,0,0,0,0,0,0,0,0,0,0,0,0,0,0,0,0,0,0,0,0,0,0,0,0,0],[0,0,0,0,0,0,0,0,0,0,0,0,0,0,0,0,0,0,0,0,0,0,0,0,0,0,0,0,0,0,0,0,0,0,0,0,0,0,0,0,0,0,0,0,0,0,0,0,0,0,0,0,0,0,0,0,0,0,0,0],[0,0,0,0,0,0,0,0,0,0,0,0,0,0,0,0,0,0,0,0,0,0,0,0,0,0,0,0,0,0,0,0,0,0,0,0,0,0,0,0,0,0,0,0,0,0,0,0,0,0,0,0,0,0,0,0,0,0,0,0],[0,0,0,0,0,0,0,0,0,0,0,0,0,0,0,0,0,0,0,0,0,0,0,0,0,0,0,0,0,0,0,0,0,0,0,0,0,0,0,0,0,0,0,0,0,0,0,0,0,0,0,0,0,0,0,0,0,0,0,0],[0,0,0,0,0,0,0,0,0,0,0,0,0,0,0,0,0,0,0,0,0,0,0,0,0,0,0,0,0,0,0,0,0,0,0,0,0,0,0,0,0,0,0,0,0,0,0,0,0,0,0,0,0,0,0,0,0,0,0,0]]},{"id":3,"type":"Collision","name":"collision","level":"1","width":60,"height":40,"visible":1,"tilesetName":"media\/map\/collisiontiles-16x16.png","repeat":false,"distance":"1","tilesize":16,"moveSpeed":{"x":0,"y":0},"data":[[0,0,0,0,0,0,0,0,0,0,0,0,0,0,0,0,0,0,0,0,0,0,0,0,0,0,0,0,0,0,0,0,0,0,0,0,0,0,0,0,0,0,0,0,0,0,0,0,0,0,0,0,0,0,0,0,0,0,0,0],[0,0,0,0,0,0,0,0,0,0,0,0,0,0,0,0,0,0,0,0,0,0,0,0,0,0,0,0,0,0,0,0,0,0,0,0,0,0,0,0,0,0,0,0,0,0,0,0,0,0,0,0,0,0,0,0,0,0,0,0],[0,0,0,0,0,0,0,0,0,0,0,0,0,0,0,0,0,0,0,0,0,0,0,0,0,0,0,0,0,0,0,0,0,0,0,0,0,0,0,0,0,0,0,0,0,0,0,0,0,0,0,0,0,0,0,0,0,0,0,0],[0,0,0,0,0,0,0,0,0,0,0,0,0,0,0,0,0,0,0,0,0,0,0,0,0,0,0,0,0,0,0,0,0,0,0,0,0,0,0,0,0,0,0,0,0,0,0,0,0,0,0,0,0,0,0,0,0,0,0,0],[0,0,0,0,0,0,0,0,0,0,0,0,0,0,0,0,0,0,0,0,0,0,0,0,0,0,0,0,0,0,0,0,0,0,0,0,0,0,0,0,0,0,0,0,0,0,0,0,0,0,0,0,0,0,0,0,0,0,0,0],[0,0,0,0,0,2,2,2,2,2,2,2,2,2,2,2,2,2,2,2,2,2,2,2,2,2,2,0,0,0,0,0,0,0,0,0,0,0,0,0,0,0,0,0,0,0,0,0,0,0,0,0,0,0,0,0,0,0,0,0],[0,0,0,0,9,0,0,0,0,0,0,0,0,0,0,0,0,0,0,0,0,0,0,0,0,0,0,10,0,0,0,0,0,0,0,0,0,0,0,0,0,0,0,0,0,0,0,0,0,0,0,0,0,0,0,0,0,0,0,0],[0,0,0,9,0,0,0,0,0,0,0,0,0,0,0,0,0,0,0,0,0,0,0,0,0,0,0,0,10,0,0,0,0,0,0,0,0,0,0,0,0,0,0,0,0,0,0,0,0,0,0,0,0,0,0,0,0,0,0,0],[0,0,9,0,0,0,0,0,0,0,0,0,0,0,0,0,0,0,0,0,0,0,0,0,0,0,0,0,0,2,0,0,0,0,0,0,0,0,0,0,0,0,0,0,0,0,0,0,0,0,0,0,0,0,0,0,0,0,0,0],[0,2,0,0,0,0,0,0,0,0,0,0,0,0,0,0,0,0,0,0,0,0,0,0,0,0,0,0,0,2,0,0,0,0,0,0,0,0,0,0,0,0,0,0,0,0,0,0,0,0,0,0,0,0,0,0,0,0,0,0],[0,2,0,0,0,0,0,0,0,0,0,0,0,0,0,0,0,0,0,0,0,0,0,0,0,0,0,0,0,2,0,0,0,0,0,0,0,0,0,0,0,0,0,0,0,0,0,0,0,0,0,0,0,0,0,0,0,0,0,0],[0,2,0,0,0,0,0,0,0,0,0,0,0,0,0,0,0,0,0,0,0,0,0,0,0,0,0,0,0,2,0,0,0,0,0,0,0,0,0,0,0,0,0,0,0,0,0,0,0,0,0,0,0,0,0,0,0,0,0,0],[0,2,0,0,0,0,0,0,0,0,0,0,0,0,0,0,0,0,0,0,0,0,0,0,0,0,0,0,0,2,0,0,0,0,0,0,0,0,0,0,0,0,0,0,0,0,0,0,0,0,0,0,0,0,0,0,0,0,0,0],[0,2,0,0,0,0,0,0,0,0,0,0,2,2,0,0,0,0,0,0,0,0,0,0,0,0,0,0,0,2,0,0,0,0,0,0,0,0,0,0,0,0,0,0,0,0,0,0,0,0,0,0,0,0,0,0,0,0,0,0],[0,2,0,0,0,0,0,0,0,0,0,0,2,2,0,0,0,0,0,0,0,0,0,0,0,0,0,0,0,2,0,0,0,0,0,0,0,0,0,0,0,0,0,0,0,0,0,0,0,0,0,0,0,0,0,0,0,0,0,0],[0,2,0,0,0,0,0,0,0,0,0,0,2,2,0,0,0,0,0,0,0,0,0,0,0,0,0,0,0,2,0,0,0,0,0,0,0,0,0,0,0,0,0,0,0,0,0,0,0,0,0,0,0,0,0,0,0,0,0,0],[0,2,0,0,0,0,0,0,0,0,0,0,2,2,0,0,0,0,0,0,0,0,0,0,0,0,0,0,0,2,0,0,0,0,0,0,0,0,0,0,0,0,0,0,0,0,0,0,0,0,0,0,0,0,0,0,0,0,0,0],[0,2,0,0,0,0,0,0,0,0,0,0,2,2,0,0,0,0,0,0,0,0,0,0,0,0,0,0,0,2,0,0,0,0,0,0,0,0,0,0,0,0,0,0,0,0,0,0,0,0,0,0,0,0,0,0,0,0,0,0],[0,2,0,0,0,0,0,0,0,0,0,0,2,2,0,0,0,0,0,0,0,0,0,0,0,0,0,0,0,2,0,0,0,0,0,0,0,0,0,0,0,0,0,0,0,0,0,0,0,0,0,0,0,0,0,0,0,0,0,0],[0,2,0,0,0,0,0,0,0,0,0,0,2,2,0,0,0,0,0,0,0,0,0,0,0,0,0,0,0,2,0,0,0,0,0,0,0,0,0,0,0,0,0,0,0,0,0,0,0,0,0,0,0,0,0,0,0,0,0,0],[0,2,0,0,0,0,0,0,0,0,0,0,2,2,0,0,0,0,0,0,0,0,0,0,0,0,0,0,0,2,0,0,0,0,0,0,0,0,0,0,0,0,0,0,0,0,0,0,0,0,0,0,0,0,0,0,0,0,0,0],[0,2,0,0,0,0,0,0,0,0,0,0,2,2,0,0,0,0,0,0,0,0,0,0,0,0,0,0,0,2,0,0,0,0,0,0,0,0,0,0,0,0,0,0,0,0,0,0,0,0,0,0,0,0,0,0,0,0,0,0],[0,2,0,0,0,0,0,0,0,0,0,0,2,2,0,0,0,0,0,0,0,0,0,0,0,0,0,0,0,2,0,0,0,0,0,0,0,0,0,0,0,0,0,0,0,0,0,0,0,0,0,0,0,0,0,0,0,0,0,0],[0,2,0,0,0,0,0,0,2,2,2,2,2,2,0,0,0,0,0,0,0,0,0,0,0,0,0,0,0,2,0,0,0,0,0,0,0,0,0,0,0,0,0,0,0,0,0,0,0,0,0,0,0,0,0,0,0,0,0,0],[0,2,0,0,0,0,0,0,2,2,2,2,2,2,0,0,0,0,0,0,0,0,0,0,0,0,0,0,0,2,0,0,0,0,0,0,0,0,0,0,0,0,0,0,0,0,0,0,0,0,0,0,0,0,0,0,0,0,0,0],[0,2,0,0,0,0,0,0,2,2,0,0,0,0,0,0,0,0,0,0,0,0,0,0,0,0,0,0,0,2,0,0,0,0,0,0,0,0,0,0,0,0,0,0,0,0,0,0,0,0,0,0,0,0,0,0,0,0,0,0],[0,2,0,0,0,0,0,0,2,2,0,0,0,0,0,0,0,0,0,0,0,0,0,0,0,0,0,0,0,2,0,0,0,0,0,0,0,0,0,0,0,0,0,0,0,0,0,0,0,0,0,0,0,0,0,0,0,0,0,0],[0,2,0,0,0,0,0,0,2,2,0,0,0,0,0,0,0,0,0,0,0,0,0,0,0,0,0,0,0,2,0,0,0,0,0,0,0,0,0,0,0,0,0,0,0,0,0,0,0,0,0,0,0,0,0,0,0,0,0,0],[0,2,0,0,0,0,0,0,2,2,0,0,0,0,0,0,0,0,0,0,0,0,0,0,0,0,0,0,0,2,0,0,0,0,0,0,0,0,0,0,0,0,0,0,0,0,0,0,0,0,0,0,0,0,0,0,0,0,0,0],[0,2,0,0,0,0,0,0,2,2,0,0,0,0,0,0,0,0,0,0,0,0,0,0,0,0,0,0,0,2,0,0,0,0,0,0,0,0,0,0,0,0,0,0,0,0,0,0,0,0,0,0,0,0,0,0,0,0,0,0],[0,2,0,0,0,0,0,0,2,2,0,0,0,0,0,0,0,0,0,0,0,0,0,0,0,0,0,0,0,2,0,0,0,0,0,0,0,0,0,0,0,0,0,0,0,0,0,0,0,0,0,0,0,0,0,0,0,0,0,0],[0,2,2,2,2,2,2,2,2,2,0,0,0,0,0,0,0,0,0,0,0,0,0,0,0,0,0,0,0,2,2,2,2,2,2,2,0,0,0,0,0,0,0,0,0,0,0,0,0,0,0,0,0,0,0,0,0,0,0,0],[0,0,0,0,0,0,0,2,2,2,0,0,0,0,0,0,0,0,0,0,0,0,0,0,0,0,0,0,0,0,0,0,0,0,0,2,0,0,0,0,0,0,0,0,0,0,0,0,0,0,0,0,0,0,0,0,0,0,0,0],[0,0,0,0,0,0,0,2,2,2,0,0,0,0,0,0,0,0,0,0,0,0,0,0,0,0,0,0,0,0,0,0,0,0,11,0,0,0,0,0,0,0,0,0,0,0,0,0,0,0,0,0,0,0,0,0,0,0,0,0],[0,0,0,0,0,0,0,2,2,2,0,0,0,0,0,0,0,0,0,0,0,0,0,0,0,0,0,0,0,0,0,0,0,11,0,0,0,0,0,0,0,0,0,0,0,0,0,0,0,0,0,0,0,0,0,0,0,0,0,0],[0,0,0,0,0,0,0,2,2,2,2,2,2,2,2,2,2,2,2,2,2,2,2,2,2,2,2,2,2,2,2,2,2,0,0,0,0,0,0,0,0,0,0,0,0,0,0,0,0,0,0,0,0,0,0,0,0,0,0,0],[0,0,0,0,0,0,0,0,0,0,0,0,0,0,0,0,0,0,0,0,0,0,0,0,0,0,0,0,0,0,0,0,0,0,0,0,0,0,0,0,0,0,0,0,0,0,0,0,0,0,0,0,0,0,0,0,0,0,0,0],[0,0,0,0,0,0,0,0,0,0,0,0,0,0,0,0,0,0,0,0,0,0,0,0,0,0,0,0,0,0,0,0,0,0,0,0,0,0,0,0,0,0,0,0,0,0,0,0,0,0,0,0,0,0,0,0,0,0,0,0],[0,0,0,0,0,0,0,0,0,0,0,0,0,0,0,0,0,0,0,0,0,0,0,0,0,0,0,0,0,0,0,0,0,0,0,0,0,0,0,0,0,0,0,0,0,0,0,0,0,0,0,0,0,0,0,0,0,0,0,0],[0,0,0,0,0,0,0,0,0,0,0,0,0,0,0,0,0,0,0,0,0,0,0,0,0,0,0,0,0,0,0,0,0,0,0,0,0,0,0,0,0,0,0,0,0,0,0,0,0,0,0,0,0,0,0,0,0,0,0,0]]},{"id":10,"type":"Navigation","name":"Nav","level":"1","width":60,"height":40,"visible":1,"tilesetName":"media\/map\/pathmap-tiles.png","repeat":false,"distance":"1","tilesize":16,"moveSpeed":{"x":0,"y":0},"data":[[0,0,0,0,0,0,0,0,0,0,0,0,0,0,0,0,0,0,0,0,0,0,0,0,0,0,0,0,0,0,0,0,0,0,0,0,0,0,0,0,0,0,0,0,0,0,0,0,0,0,0,0,0,0,0,0,0,0,0,0],[0,0,0,0,0,0,0,0,0,0,0,0,0,0,0,0,0,0,0,0,0,0,0,0,0,0,0,0,0,0,0,0,0,0,0,0,0,0,0,0,0,0,0,0,0,0,0,0,0,0,0,0,0,0,0,0,0,0,0,0],[0,0,0,0,0,0,0,0,0,0,0,0,0,0,0,0,0,0,0,0,0,0,0,0,0,0,0,0,0,0,0,0,0,0,0,0,0,0,0,0,0,0,0,0,0,0,0,0,0,0,0,0,0,0,0,0,0,0,0,0],[0,0,0,0,0,0,0,0,0,0,0,0,0,0,0,0,0,0,0,0,0,0,0,0,0,0,0,0,0,0,0,0,0,0,0,0,0,0,0,0,0,0,0,0,0,0,0,0,0,0,0,0,0,0,0,0,0,0,0,0],[0,0,0,0,0,0,0,0,0,0,0,0,0,0,0,0,0,0,0,0,0,0,0,0,0,0,0,0,0,0,0,0,0,0,0,0,0,0,0,0,0,0,0,0,0,0,0,0,0,0,0,0,0,0,0,0,0,0,0,0],[0,0,0,0,0,0,0,0,0,0,0,0,0,0,0,0,0,0,0,0,0,0,0,0,0,0,0,0,0,0,0,0,0,0,0,0,0,0,0,0,0,0,0,0,0,0,0,0,0,0,0,0,0,0,0,0,0,0,0,0],[0,0,0,0,0,0,0,0,0,1,1,1,1,1,1,0,0,0,0,0,0,0,0,0,0,0,0,0,0,0,0,0,0,0,0,0,0,0,0,0,0,0,0,0,0,0,0,0,0,0,0,0,0,0,0,0,0,0,0,0],[0,0,0,0,0,0,0,0,0,1,1,1,1,1,1,0,0,0,0,0,0,0,0,0,0,0,0,0,0,0,0,0,0,0,0,0,0,0,0,0,0,0,0,0,0,0,0,0,0,0,0,0,0,0,0,0,0,0,0,0],[0,0,0,0,0,0,0,0,0,0,0,2,2,0,0,0,0,0,0,0,0,0,0,0,0,0,0,0,0,0,0,0,0,0,0,0,0,0,0,0,0,0,0,0,0,0,0,0,0,0,0,0,0,0,0,0,0,0,0,0],[0,0,0,0,0,0,0,0,0,0,0,2,2,0,0,0,0,0,0,0,0,0,0,0,0,0,0,0,0,0,0,0,0,0,0,0,0,0,0,0,0,0,0,0,0,0,0,0,0,0,0,0,0,0,0,0,0,0,0,0],[0,0,0,0,0,0,0,0,0,0,0,2,2,0,0,0,0,0,0,0,0,1,1,0,0,0,0,0,0,0,0,0,0,0,0,0,0,0,0,0,0,0,0,0,0,0,0,0,0,0,0,0,0,0,0,0,0,0,0,0],[0,0,0,0,0,0,0,0,0,0,0,2,2,0,0,0,0,0,0,0,0,1,1,0,0,0,0,0,0,0,0,0,0,0,0,0,0,0,0,0,0,0,0,0,0,0,0,0,0,0,0,0,0,0,0,0,0,0,0,0],[0,0,0,0,0,0,0,0,0,0,0,2,2,0,0,0,0,0,0,0,0,1,1,0,0,0,0,0,0,0,0,0,0,0,0,0,0,0,0,0,0,0,0,0,0,0,0,0,0,0,0,0,0,0,0,0,0,0,0,0],[0,0,0,0,0,0,1,1,1,1,1,1,0,0,0,0,0,0,0,0,0,1,1,0,0,0,0,0,0,0,0,0,0,0,0,0,0,0,0,0,0,0,0,0,0,0,0,0,0,0,0,0,0,0,0,0,0,0,0,0],[0,0,0,0,0,0,1,1,1,1,1,1,0,0,0,0,0,0,0,0,0,1,1,0,0,0,0,0,0,0,0,0,0,0,0,0,0,0,0,0,0,0,0,0,0,0,0,0,0,0,0,0,0,0,0,0,0,0,0,0],[0,0,0,0,0,0,0,0,0,0,0,0,0,0,0,0,0,0,0,0,0,1,1,0,0,0,0,0,0,0,0,0,0,0,0,0,0,0,0,0,0,0,0,0,0,0,0,0,0,0,0,0,0,0,0,0,0,0,0,0],[0,0,0,0,0,0,0,0,0,0,0,0,0,0,0,0,0,0,0,0,0,1,1,0,0,0,0,0,0,0,0,0,0,0,0,0,0,0,0,0,0,0,0,0,0,0,0,0,0,0,0,0,0,0,0,0,0,0,0,0],[0,0,0,0,0,0,0,0,0,0,0,0,0,0,0,0,0,0,0,0,0,1,1,0,0,0,0,0,0,0,0,0,0,0,0,0,0,0,0,0,0,0,0,0,0,0,0,0,0,0,0,0,0,0,0,0,0,0,0,0],[0,0,0,0,0,0,0,0,0,0,0,0,0,0,0,0,0,0,0,0,0,1,1,0,0,0,0,0,0,0,0,0,0,0,0,0,0,0,0,0,0,0,0,0,0,0,0,0,0,0,0,0,0,0,0,0,0,0,0,0],[0,0,0,0,0,0,0,0,0,0,0,0,0,0,0,0,0,0,0,0,0,1,1,0,0,0,0,0,0,0,0,0,0,0,0,0,0,0,0,0,0,0,0,0,0,0,0,0,0,0,0,0,0,0,0,0,0,0,0,0],[0,0,0,0,0,0,0,0,0,0,0,0,0,0,0,0,0,0,0,0,0,1,1,0,0,0,0,0,0,0,0,0,0,0,0,0,0,0,0,0,0,0,0,0,0,0,0,0,0,0,0,0,0,0,0,0,0,0,0,0],[0,0,0,0,0,0,0,0,0,0,0,0,0,0,0,0,0,0,0,0,0,1,1,0,0,0,0,0,0,0,0,0,0,0,0,0,0,0,0,0,0,0,0,0,0,0,0,0,0,0,0,0,0,0,0,0,0,0,0,0],[0,0,0,0,0,0,0,0,0,0,0,0,0,0,0,0,0,0,0,0,0,1,1,0,0,0,0,0,0,0,0,0,0,0,0,0,0,0,0,0,0,0,0,0,0,0,0,0,0,0,0,0,0,0,0,0,0,0,0,0],[0,0,0,0,0,0,0,0,0,0,0,0,0,0,0,0,0,0,0,0,0,2,2,2,2,2,2,2,2,0,0,0,0,0,0,0,0,0,0,0,0,0,0,0,0,0,0,0,0,0,0,0,0,0,0,0,0,0,0,0],[0,0,0,0,0,0,0,0,0,0,0,0,0,0,0,0,0,0,0,0,0,2,2,2,2,2,2,2,2,0,0,0,0,0,0,0,0,0,0,0,0,0,0,0,0,0,0,0,0,0,0,0,0,0,0,0,0,0,0,0],[0,0,0,0,0,0,0,0,0,0,1,1,0,0,0,0,0,0,0,0,0,0,0,0,0,0,0,0,0,0,0,0,0,0,0,0,0,0,0,0,0,0,0,0,0,0,0,0,0,0,0,0,0,0,0,0,0,0,0,0],[0,0,0,0,0,0,0,0,0,0,1,1,0,0,0,0,0,0,0,0,0,0,0,0,0,0,0,0,0,0,0,0,0,0,0,0,0,0,0,0,0,0,0,0,0,0,0,0,0,0,0,0,0,0,0,0,0,0,0,0],[0,0,0,0,0,0,0,0,0,0,1,1,0,0,0,0,0,0,0,0,0,0,0,0,0,0,0,0,0,0,0,0,0,0,0,0,0,0,0,0,0,0,0,0,0,0,0,0,0,0,0,0,0,0,0,0,0,0,0,0],[0,0,0,0,0,0,0,0,0,0,1,1,0,0,0,0,0,0,0,0,0,0,0,0,0,0,0,0,0,0,0,0,0,0,0,0,0,0,0,0,0,0,0,0,0,0,0,0,0,0,0,0,0,0,0,0,0,0,0,0],[0,0,0,0,0,0,0,0,0,0,1,1,0,0,0,0,0,0,0,0,0,0,0,0,0,0,0,0,0,0,0,0,0,0,0,0,0,0,0,0,0,0,0,0,0,0,0,0,0,0,0,0,0,0,0,0,0,0,0,0],[0,0,0,0,0,0,0,0,0,0,1,1,0,0,0,0,0,0,0,0,0,0,0,0,0,0,0,0,0,0,0,0,0,0,0,0,0,0,0,0,0,0,0,0,0,0,0,0,0,0,0,0,0,0,0,0,0,0,0,0],[0,0,0,0,0,0,0,0,0,0,1,1,0,0,0,0,0,0,0,0,0,0,0,0,0,0,0,0,0,0,0,0,0,0,0,0,0,0,0,0,0,0,0,0,0,0,0,0,0,0,0,0,0,0,0,0,0,0,0,0],[0,0,0,0,0,0,0,0,0,0,1,1,0,0,0,0,0,0,0,0,0,0,0,0,0,0,0,0,0,0,0,0,0,0,0,0,0,0,0,0,0,0,0,0,0,0,0,0,0,0,0,0,0,0,0,0,0,0,0,0],[0,0,0,0,0,0,0,0,0,0,1,1,2,2,2,2,2,2,0,0,0,0,0,0,0,0,0,0,0,0,0,0,0,0,0,0,0,0,0,0,0,0,0,0,0,0,0,0,0,0,0,0,0,0,0,0,0,0,0,0],[0,0,0,0,0,0,0,0,0,0,1,1,2,2,2,2,2,2,0,0,0,0,0,0,0,0,0,0,0,0,0,0,0,0,0,0,0,0,0,0,0,0,0,0,0,0,0,0,0,0,0,0,0,0,0,0,0,0,0,0],[0,0,0,0,0,0,0,0,0,0,0,0,0,0,0,0,0,0,0,0,0,0,0,0,0,0,0,0,0,0,0,0,0,0,0,0,0,0,0,0,0,0,0,0,0,0,0,0,0,0,0,0,0,0,0,0,0,0,0,0],[0,0,0,0,0,0,0,0,0,0,0,0,0,0,0,0,0,0,0,0,0,0,0,0,0,0,0,0,0,0,0,0,0,0,0,0,0,0,0,0,0,0,0,0,0,0,0,0,0,0,0,0,0,0,0,0,0,0,0,0],[0,0,0,0,0,0,0,0,0,0,0,0,0,0,0,0,0,0,0,0,0,0,0,0,0,0,0,0,0,0,0,0,0,0,0,0,0,0,0,0,0,0,0,0,0,0,0,0,0,0,0,0,0,0,0,0,0,0,0,0],[0,0,0,0,0,0,0,0,0,0,0,0,0,0,0,0,0,0,0,0,0,0,0,0,0,0,0,0,0,0,0,0,0,0,0,0,0,0,0,0,0,0,0,0,0,0,0,0,0,0,0,0,0,0,0,0,0,0,0,0],[0,0,0,0,0,0,0,0,0,0,0,0,0,0,0,0,0,0,0,0,0,0,0,0,0,0,0,0,0,0,0,0,0,0,0,0,0,0,0,0,0,0,0,0,0,0,0,0,0,0,0,0,0,0,0,0,0,0,0,0]]},{"id":4,"type":"Background","name":"upper2","level":"2","width":60,"height":40,"visible":1,"tilesetName":"media\/map\/cargo-ship-inner.png","repeat":false,"distance":"1","tilesize":16,"moveSpeed":{"x":0,"y":0},"data":[[0,0,0,0,0,0,0,0,0,0,0,0,0,0,0,0,0,0,0,0,0,0,0,0,0,0,0,0,0,0,0,0,0,0,0,0,0,0,0,0,0,0,0,0,0,0,0,0,0,0,0,0,0,0,0,0,0,0,0,0],[0,0,0,0,0,0,0,0,0,0,0,0,0,0,0,0,0,0,0,0,0,0,0,0,0,0,0,0,0,0,0,0,0,0,0,0,0,0,0,0,0,0,0,0,0,0,0,0,0,0,0,0,0,0,0,0,0,0,0,0],[0,0,0,0,0,0,0,0,0,0,0,0,0,0,0,0,0,0,0,0,0,0,0,0,0,0,0,0,0,0,0,0,0,0,0,0,0,0,0,0,0,0,0,0,0,0,0,0,0,0,0,0,0,0,0,0,0,0,0,0],[0,0,0,0,0,0,0,0,0,0,0,0,0,0,0,0,0,0,0,0,0,0,0,0,0,0,0,0,0,0,0,0,0,0,0,0,0,0,0,0,0,0,0,0,0,0,0,0,0,0,0,0,0,0,0,0,0,0,0,0],[0,0,0,0,0,0,0,0,0,0,0,0,0,0,0,0,0,0,0,0,0,0,0,0,0,0,0,0,0,0,0,0,0,0,0,0,0,0,0,0,0,0,0,0,0,0,0,0,0,0,0,0,0,0,0,0,0,0,0,0],[0,0,0,0,0,0,0,0,0,0,0,0,0,0,0,0,0,0,0,0,0,0,0,0,0,0,0,0,0,0,0,0,0,0,0,0,0,0,0,0,0,0,0,0,0,0,0,0,0,0,0,0,0,0,0,0,0,0,0,0],[0,0,0,0,0,0,0,0,0,0,0,0,0,0,0,0,0,0,0,0,0,0,0,0,0,0,0,0,0,0,0,0,0,0,0,0,0,0,0,0,0,0,0,0,0,0,0,0,0,0,0,0,0,0,0,0,0,0,0,0],[0,0,0,0,0,0,0,0,0,0,0,0,0,0,0,0,0,0,0,0,0,0,0,0,0,0,0,0,0,0,0,0,0,0,0,0,0,0,0,0,0,0,0,0,0,0,0,0,0,0,0,0,0,0,0,0,0,0,0,0],[0,0,0,0,0,0,0,0,0,0,0,0,0,0,0,0,0,0,0,0,0,0,0,0,0,0,0,0,0,0,0,0,0,0,0,0,0,0,0,0,0,0,0,0,0,0,0,0,0,0,0,0,0,0,0,0,0,0,0,0],[0,0,0,0,0,0,0,0,0,0,0,0,0,0,0,0,0,0,0,0,0,0,0,0,0,0,0,0,0,0,0,0,0,0,0,0,0,0,0,0,0,0,0,0,0,0,0,0,0,0,0,0,0,0,0,0,0,0,0,0],[0,0,0,0,0,0,0,0,0,0,0,0,0,0,0,0,0,0,0,0,0,0,0,0,0,0,0,0,0,0,0,0,0,0,0,0,0,0,0,0,0,0,0,0,0,0,0,0,0,0,0,0,0,0,0,0,0,0,0,0],[0,0,0,0,0,0,0,0,0,0,0,0,131,132,0,0,0,0,0,0,0,0,0,0,0,0,0,0,0,0,0,0,0,0,0,0,0,0,0,0,0,0,0,0,0,0,0,0,0,0,0,0,0,0,0,0,0,0,0,0],[0,0,0,0,0,0,0,0,0,0,0,0,163,164,0,0,0,0,0,0,0,0,0,0,0,0,0,0,0,0,0,0,0,0,0,0,0,0,0,0,0,0,0,0,0,0,0,0,0,0,0,0,0,0,0,0,0,0,0,0],[0,0,0,0,0,0,0,0,0,0,0,0,195,196,0,0,0,0,0,0,0,0,0,0,0,0,0,0,0,0,0,0,0,0,0,0,0,0,0,0,0,0,0,0,0,0,0,0,0,0,0,0,0,0,0,0,0,0,0,0],[0,0,0,0,0,0,0,0,0,0,0,0,227,228,0,0,0,0,0,0,0,0,0,0,0,0,0,0,0,0,0,0,0,0,0,0,0,0,0,0,0,0,0,0,0,0,0,0,0,0,0,0,0,0,0,0,0,0,0,0],[0,0,0,0,0,0,0,0,0,0,0,0,259,260,0,0,0,0,0,0,0,0,0,0,0,0,0,0,0,0,0,0,0,0,0,0,0,0,0,0,0,0,0,0,0,0,0,0,0,0,0,0,0,0,0,0,0,0,0,0],[0,0,0,0,0,0,0,0,0,0,0,0,131,132,0,0,0,0,0,0,0,0,0,0,0,0,0,0,0,0,0,0,0,0,0,0,0,0,0,0,0,0,0,0,0,0,0,0,0,0,0,0,0,0,0,0,0,0,0,0],[0,0,0,0,0,0,0,0,0,0,0,0,163,164,0,0,0,0,0,0,0,0,0,0,0,0,0,0,0,0,0,0,0,0,0,0,0,0,0,0,0,0,0,0,0,0,0,0,0,0,0,0,0,0,0,0,0,0,0,0],[0,0,0,0,0,0,0,0,0,0,0,0,195,196,0,0,0,0,0,0,0,0,0,0,0,0,0,0,0,0,0,0,0,0,0,0,0,0,0,0,0,0,0,0,0,0,0,0,0,0,0,0,0,0,0,0,0,0,0,0],[0,0,0,0,0,0,0,0,0,0,0,0,227,228,0,0,0,0,0,0,0,0,0,0,0,0,0,0,0,0,0,0,0,0,0,0,0,0,0,0,0,0,0,0,0,0,0,0,0,0,0,0,0,0,0,0,0,0,0,0],[0,0,0,0,0,0,0,0,0,0,0,0,259,260,0,0,0,0,0,0,0,0,0,0,0,0,0,0,0,0,0,0,0,0,0,0,0,0,0,0,0,0,0,0,0,0,0,0,0,0,0,0,0,0,0,0,0,0,0,0],[0,0,0,0,0,0,0,0,361,362,363,364,365,366,0,0,0,0,0,0,0,0,0,0,0,0,0,0,0,0,0,0,0,0,0,0,0,0,0,0,0,0,0,0,0,0,0,0,0,0,0,0,0,0,0,0,0,0,0,0],[0,0,0,0,0,0,0,0,393,394,395,396,397,398,0,0,0,0,0,0,0,0,0,0,0,0,0,0,0,0,0,0,0,0,0,0,0,0,0,0,0,0,0,0,0,0,0,0,0,0,0,0,0,0,0,0,0,0,0,0],[0,0,0,0,0,0,0,0,131,132,0,0,0,0,0,0,0,0,0,0,0,0,0,0,0,0,0,0,0,0,0,0,0,0,0,0,0,0,0,0,0,0,0,0,0,0,0,0,0,0,0,0,0,0,0,0,0,0,0,0],[0,0,0,0,0,0,0,0,163,164,0,0,0,0,0,0,0,0,0,0,0,0,0,0,0,0,0,0,0,0,0,0,0,0,0,0,0,0,0,0,0,0,0,0,0,0,0,0,0,0,0,0,0,0,0,0,0,0,0,0],[0,0,0,0,0,0,0,0,195,196,0,0,0,0,0,0,0,0,0,0,0,0,0,0,0,0,0,0,0,0,0,0,0,0,0,0,0,0,0,0,0,0,0,0,0,0,0,0,0,0,0,0,0,0,0,0,0,0,0,0],[0,0,0,0,0,0,0,0,227,228,0,0,0,0,0,0,0,0,0,0,0,0,0,0,0,0,0,0,0,0,0,0,0,0,0,0,0,0,0,0,0,0,0,0,0,0,0,0,0,0,0,0,0,0,0,0,0,0,0,0],[0,0,0,0,0,0,0,0,259,260,0,0,0,0,0,0,0,0,0,0,0,0,0,0,0,0,0,0,0,0,0,0,0,0,0,0,0,0,0,0,0,0,0,0,0,0,0,0,0,0,0,0,0,0,0,0,0,0,0,0],[0,0,0,0,0,0,0,0,131,132,0,0,0,0,0,0,0,0,0,0,0,0,0,0,0,0,0,0,0,0,0,0,0,0,0,0,0,0,0,0,0,0,0,0,0,0,0,0,0,0,0,0,0,0,0,0,0,0,0,0],[0,0,0,0,0,0,0,0,163,164,0,0,0,0,0,0,0,0,0,0,0,0,0,0,0,0,0,0,0,0,0,0,0,0,0,0,0,0,0,0,0,0,0,0,0,0,0,0,0,0,0,0,0,0,0,0,0,0,0,0],[0,0,0,0,0,0,0,0,195,196,0,0,0,0,0,0,0,0,0,0,0,0,0,0,0,0,0,0,0,0,0,0,0,0,0,0,0,0,0,0,0,0,0,0,0,0,0,0,0,0,0,0,0,0,0,0,0,0,0,0],[0,0,0,0,0,0,0,0,227,228,0,0,0,0,0,0,0,0,0,0,0,0,0,0,0,0,0,0,0,0,0,0,0,0,0,0,0,0,0,0,0,0,0,0,0,0,0,0,0,0,0,0,0,0,0,0,0,0,0,0],[0,0,0,0,0,0,0,0,259,260,0,0,0,0,0,0,0,0,0,0,0,0,0,0,0,0,0,0,0,0,0,0,0,0,0,0,0,0,0,0,0,0,0,0,0,0,0,0,0,0,0,0,0,0,0,0,0,0,0,0],[0,0,0,0,0,0,0,0,0,0,0,0,0,0,0,0,0,0,0,0,0,0,0,0,0,0,0,0,0,0,0,0,0,0,0,0,0,0,0,0,0,0,0,0,0,0,0,0,0,0,0,0,0,0,0,0,0,0,0,0],[0,0,0,0,0,0,0,0,0,0,0,0,0,0,0,0,0,0,0,0,0,0,0,0,0,0,0,0,0,0,0,0,0,0,0,0,0,0,0,0,0,0,0,0,0,0,0,0,0,0,0,0,0,0,0,0,0,0,0,0],[0,0,0,0,0,0,0,0,0,0,0,0,0,0,0,0,0,0,0,0,0,0,0,0,0,0,0,0,0,0,0,0,0,0,0,0,0,0,0,0,0,0,0,0,0,0,0,0,0,0,0,0,0,0,0,0,0,0,0,0],[0,0,0,0,0,0,0,0,0,0,0,0,0,0,0,0,0,0,0,0,0,0,0,0,0,0,0,0,0,0,0,0,0,0,0,0,0,0,0,0,0,0,0,0,0,0,0,0,0,0,0,0,0,0,0,0,0,0,0,0],[0,0,0,0,0,0,0,0,0,0,0,0,0,0,0,0,0,0,0,0,0,0,0,0,0,0,0,0,0,0,0,0,0,0,0,0,0,0,0,0,0,0,0,0,0,0,0,0,0,0,0,0,0,0,0,0,0,0,0,0],[0,0,0,0,0,0,0,0,0,0,0,0,0,0,0,0,0,0,0,0,0,0,0,0,0,0,0,0,0,0,0,0,0,0,0,0,0,0,0,0,0,0,0,0,0,0,0,0,0,0,0,0,0,0,0,0,0,0,0,0],[0,0,0,0,0,0,0,0,0,0,0,0,0,0,0,0,0,0,0,0,0,0,0,0,0,0,0,0,0,0,0,0,0,0,0,0,0,0,0,0,0,0,0,0,0,0,0,0,0,0,0,0,0,0,0,0,0,0,0,0]]},{"id":7,"type":"Collision","name":"collision","level":"2","width":60,"height":40,"visible":1,"tilesetName":"media\/map\/collisiontiles-16x16.png","repeat":false,"distance":"1","tilesize":16,"moveSpeed":{"x":0,"y":0},"data":[[0,0,0,0,0,0,0,0,0,0,0,0,0,0,0,0,0,0,0,0,0,0,0,0,0,0,0,0,0,0,0,0,0,0,0,0,0,0,0,0,0,0,0,0,0,0,0,0,0,0,0,0,0,0,0,0,0,0,0,0],[0,0,0,0,0,0,0,0,0,0,0,0,0,0,0,0,0,0,0,0,0,0,0,0,0,0,0,0,0,0,0,0,0,0,0,0,0,0,0,0,0,0,0,0,0,0,0,0,0,0,0,0,0,0,0,0,0,0,0,0],[0,0,0,0,0,0,0,0,0,0,0,0,0,0,0,0,0,0,0,0,0,0,0,0,0,0,0,0,0,0,0,0,0,0,0,0,0,0,0,0,0,0,0,0,0,0,0,0,0,0,0,0,0,0,0,0,0,0,0,0],[0,0,0,0,0,2,2,2,2,2,2,2,2,2,2,2,2,2,2,2,2,2,2,2,2,2,2,0,0,0,0,0,0,0,0,0,0,0,0,0,0,0,0,0,0,0,0,0,0,0,0,0,0,0,0,0,0,0,0,0],[0,0,0,0,9,0,0,0,0,0,0,0,0,0,0,0,0,0,0,0,0,0,0,0,0,0,0,10,0,0,0,0,0,0,0,0,0,0,0,0,0,0,0,0,0,0,0,0,0,0,0,0,0,0,0,0,0,0,0,0],[0,0,0,9,0,0,0,0,0,0,0,0,0,0,0,0,0,0,0,0,0,0,0,0,0,0,0,0,10,0,0,0,0,0,0,0,0,0,0,0,0,0,0,0,0,0,0,0,0,0,0,0,0,0,0,0,0,0,0,0],[0,0,9,0,0,0,0,0,0,0,0,0,0,0,0,0,0,0,0,0,0,0,0,0,0,0,0,0,0,2,0,0,0,0,0,0,0,0,0,0,0,0,0,0,0,0,0,0,0,0,0,0,0,0,0,0,0,0,0,0],[0,2,0,0,0,0,0,0,0,0,0,0,0,0,0,0,0,0,0,0,0,0,0,0,0,0,0,0,0,2,0,0,0,0,0,0,0,0,0,0,0,0,0,0,0,0,0,0,0,0,0,0,0,0,0,0,0,0,0,0],[0,2,0,0,0,0,0,0,0,0,0,0,0,0,0,0,0,0,0,0,0,0,0,0,0,0,0,0,0,2,0,0,0,0,0,0,0,0,0,0,0,0,0,0,0,0,0,0,0,0,0,0,0,0,0,0,0,0,0,0],[0,2,0,0,0,0,0,0,0,0,0,0,0,0,0,0,0,0,0,0,0,0,0,0,0,0,0,0,0,2,0,0,0,0,0,0,0,0,0,0,0,0,0,0,0,0,0,0,0,0,0,0,0,0,0,0,0,0,0,0],[0,2,0,0,0,0,0,0,0,0,0,0,0,0,0,0,0,0,0,0,0,0,0,0,0,0,0,0,0,2,0,0,0,0,0,0,0,0,0,0,0,0,0,0,0,0,0,0,0,0,0,0,0,0,0,0,0,0,0,0],[0,2,0,0,0,0,0,0,0,0,0,0,0,0,0,0,0,0,0,0,0,0,0,0,0,0,0,0,0,2,0,0,0,0,0,0,0,0,0,0,0,0,0,0,0,0,0,0,0,0,0,0,0,0,0,0,0,0,0,0],[0,2,0,0,0,0,0,0,0,0,0,0,0,0,0,0,0,0,0,0,0,0,0,0,0,0,0,0,0,2,0,0,0,0,0,0,0,0,0,0,0,0,0,0,0,0,0,0,0,0,0,0,0,0,0,0,0,0,0,0],[0,2,0,0,0,0,0,0,0,0,0,0,0,0,0,0,0,0,0,0,0,0,0,0,0,0,0,0,0,2,0,0,0,0,0,0,0,0,0,0,0,0,0,0,0,0,0,0,0,0,0,0,0,0,0,0,0,0,0,0],[0,2,0,0,0,0,0,0,0,0,0,0,0,0,0,0,0,0,0,0,0,0,0,0,0,0,0,0,0,2,0,0,0,0,0,0,0,0,0,0,0,0,0,0,0,0,0,0,0,0,0,0,0,0,0,0,0,0,0,0],[0,2,0,0,0,0,0,0,0,0,0,0,0,0,0,0,0,0,0,0,0,0,0,0,0,0,0,0,0,2,0,0,0,0,0,0,0,0,0,0,0,0,0,0,0,0,0,0,0,0,0,0,0,0,0,0,0,0,0,0],[0,2,0,0,0,0,0,0,0,0,0,0,0,0,0,0,0,0,0,0,0,0,0,0,0,0,0,0,0,2,0,0,0,0,0,0,0,0,0,0,0,0,0,0,0,0,0,0,0,0,0,0,0,0,0,0,0,0,0,0],[0,2,0,0,0,0,0,0,0,0,0,0,0,0,0,0,0,0,0,0,0,0,0,0,0,0,0,0,0,2,0,0,0,0,0,0,0,0,0,0,0,0,0,0,0,0,0,0,0,0,0,0,0,0,0,0,0,0,0,0],[0,2,0,0,0,0,0,0,0,0,0,0,0,0,0,0,0,0,0,0,0,0,0,0,0,0,0,0,0,2,0,0,0,0,0,0,0,0,0,0,0,0,0,0,0,0,0,0,0,0,0,0,0,0,0,0,0,0,0,0],[0,2,0,0,0,0,0,0,0,0,0,0,0,0,0,0,0,0,0,0,0,0,0,0,0,0,0,0,0,2,0,0,0,0,0,0,0,0,0,0,0,0,0,0,0,0,0,0,0,0,0,0,0,0,0,0,0,0,0,0],[0,2,0,0,0,0,0,0,0,0,0,0,0,0,0,0,0,0,0,0,0,0,0,0,0,0,0,0,0,2,0,0,0,0,0,0,0,0,0,0,0,0,0,0,0,0,0,0,0,0,0,0,0,0,0,0,0,0,0,0],[0,2,0,0,0,0,0,0,0,0,0,0,0,0,0,0,0,0,0,0,0,0,0,0,0,0,0,0,0,2,0,0,0,0,0,0,0,0,0,0,0,0,0,0,0,0,0,0,0,0,0,0,0,0,0,0,0,0,0,0],[0,2,0,0,0,0,0,0,0,0,0,0,0,0,0,0,0,0,0,0,0,0,0,0,0,0,0,0,0,2,0,0,0,0,0,0,0,0,0,0,0,0,0,0,0,0,0,0,0,0,0,0,0,0,0,0,0,0,0,0],[0,2,0,0,0,0,0,0,0,0,0,0,0,0,0,0,0,0,0,0,0,0,0,0,0,0,0,0,0,2,0,0,0,0,0,0,0,0,0,0,0,0,0,0,0,0,0,0,0,0,0,0,0,0,0,0,0,0,0,0],[0,2,0,0,0,0,0,0,0,0,0,0,0,0,0,0,0,0,0,0,0,0,0,0,0,0,0,0,0,2,0,0,0,0,0,0,0,0,0,0,0,0,0,0,0,0,0,0,0,0,0,0,0,0,0,0,0,0,0,0],[0,2,0,0,0,0,0,0,0,0,0,0,0,0,0,0,0,0,0,0,0,0,0,0,0,0,0,0,0,2,0,0,0,0,0,0,0,0,0,0,0,0,0,0,0,0,0,0,0,0,0,0,0,0,0,0,0,0,0,0],[0,2,0,0,0,0,0,0,0,0,0,0,0,0,0,0,0,0,0,0,0,0,0,0,0,0,0,0,0,2,0,0,0,0,0,0,0,0,0,0,0,0,0,0,0,0,0,0,0,0,0,0,0,0,0,0,0,0,0,0],[0,2,0,0,0,0,0,0,0,0,0,0,0,0,0,0,0,0,0,0,0,0,0,0,0,0,0,0,0,2,0,0,0,0,0,0,0,0,0,0,0,0,0,0,0,0,0,0,0,0,0,0,0,0,0,0,0,0,0,0],[0,2,0,0,0,0,0,0,0,0,0,0,0,0,0,0,0,0,0,0,0,0,0,0,0,0,0,0,0,2,0,0,0,0,0,0,0,0,0,0,0,0,0,0,0,0,0,0,0,0,0,0,0,0,0,0,0,0,0,0],[0,2,2,2,2,2,2,2,0,0,0,0,0,0,0,0,0,0,0,0,0,0,0,0,0,0,0,0,0,2,2,2,2,2,2,2,0,0,0,0,0,0,0,0,0,0,0,0,0,0,0,0,0,0,0,0,0,0,0,0],[0,0,0,0,0,0,0,2,0,0,0,0,0,0,0,0,0,0,0,0,0,0,0,0,0,0,0,0,0,0,0,0,0,0,0,2,0,0,0,0,0,0,0,0,0,0,0,0,0,0,0,0,0,0,0,0,0,0,0,0],[0,0,0,0,0,0,0,2,0,0,0,0,0,0,0,0,0,0,0,0,0,0,0,0,0,0,0,0,0,0,0,0,0,0,11,0,0,0,0,0,0,0,0,0,0,0,0,0,0,0,0,0,0,0,0,0,0,0,0,0],[0,0,0,0,0,0,0,2,0,0,0,0,0,0,0,0,0,0,0,0,0,0,0,0,0,0,0,0,0,0,0,0,0,11,0,0,0,0,0,0,0,0,0,0,0,0,0,0,0,0,0,0,0,0,0,0,0,0,0,0],[0,0,0,0,0,0,0,2,2,2,2,2,2,2,2,2,2,2,2,2,2,2,2,2,2,2,2,2,2,2,2,2,2,0,0,0,0,0,0,0,0,0,0,0,0,0,0,0,0,0,0,0,0,0,0,0,0,0,0,0],[0,0,0,0,0,0,0,0,0,0,0,0,0,0,0,0,0,0,0,0,0,0,0,0,0,0,0,0,0,0,0,0,0,0,0,0,0,0,0,0,0,0,0,0,0,0,0,0,0,0,0,0,0,0,0,0,0,0,0,0],[0,0,0,0,0,0,0,0,0,0,0,0,0,0,0,0,0,0,0,0,0,0,0,0,0,0,0,0,0,0,0,0,0,0,0,0,0,0,0,0,0,0,0,0,0,0,0,0,0,0,0,0,0,0,0,0,0,0,0,0],[0,0,0,0,0,0,0,0,0,0,0,0,0,0,0,0,0,0,0,0,0,0,0,0,0,0,0,0,0,0,0,0,0,0,0,0,0,0,0,0,0,0,0,0,0,0,0,0,0,0,0,0,0,0,0,0,0,0,0,0],[0,0,0,0,0,0,0,0,0,0,0,0,0,0,0,0,0,0,0,0,0,0,0,0,0,0,0,0,0,0,0,0,0,0,0,0,0,0,0,0,0,0,0,0,0,0,0,0,0,0,0,0,0,0,0,0,0,0,0,0],[0,0,0,0,0,0,0,0,0,0,0,0,0,0,0,0,0,0,0,0,0,0,0,0,0,0,0,0,0,0,0,0,0,0,0,0,0,0,0,0,0,0,0,0,0,0,0,0,0,0,0,0,0,0,0,0,0,0,0,0],[0,0,0,0,0,0,0,0,0,0,0,0,0,0,0,0,0,0,0,0,0,0,0,0,0,0,0,0,0,0,0,0,0,0,0,0,0,0,0,0,0,0,0,0,0,0,0,0,0,0,0,0,0,0,0,0,0,0,0,0]]},{"id":8,"type":"Background","name":"ceiling","level":"3","width":60,"height":40,"visible":1,"tilesetName":"media\/map\/cargo-ship-inner.png","repeat":false,"distance":"1","tilesize":16,"moveSpeed":{"x":0,"y":0},"data":[[0,0,0,0,0,0,0,0,0,0,0,0,0,0,0,0,0,0,0,0,0,0,0,0,0,0,0,0,0,0,0,0,0,0,0,0,0,0,0,0,0,0,0,0,0,0,0,0,0,0,0,0,0,0,0,0,0,0,0,0],[0,0,0,0,0,0,0,0,0,0,0,0,0,0,0,0,0,0,0,0,0,0,0,0,0,0,0,0,0,0,0,0,0,0,0,0,0,0,0,0,0,0,0,0,0,0,0,0,0,0,0,0,0,0,0,0,0,0,0,0],[0,0,0,0,0,0,0,0,0,0,0,0,0,0,0,0,0,0,0,0,0,0,0,0,0,0,0,0,0,0,0,0,0,0,0,0,0,0,0,0,0,0,0,0,0,0,0,0,0,0,0,0,0,0,0,0,0,0,0,0],[0,0,0,0,0,0,0,0,0,0,0,0,17,18,19,0,0,17,18,19,0,0,0,0,0,0,0,0,0,0,0,0,0,0,0,0,0,0,0,0,0,0,0,0,0,0,0,0,0,0,0,0,0,0,0,0,0,0,0,0],[0,0,0,0,0,0,0,0,0,0,0,0,49,50,51,0,0,49,50,51,0,0,0,0,0,0,0,0,0,0,0,0,0,0,0,0,0,0,0,0,0,0,0,0,0,0,0,0,0,0,0,0,0,0,0,0,0,0,0,0],[0,0,0,0,0,17,18,19,0,0,0,0,81,82,83,0,0,81,82,83,0,0,0,0,17,18,19,0,0,0,0,0,0,0,0,0,0,0,0,0,0,0,0,0,0,0,0,0,0,0,0,0,0,0,0,0,0,0,0,0],[0,0,0,0,0,49,50,51,0,0,0,0,113,114,115,0,0,113,114,115,0,0,0,0,49,50,51,0,0,0,0,0,0,0,0,0,0,0,0,0,0,0,0,0,0,0,0,0,0,0,0,0,0,0,0,0,0,0,0,0],[0,0,0,0,0,81,82,83,0,0,0,0,145,146,147,0,0,145,146,147,0,0,0,0,81,82,83,0,0,0,0,0,0,0,0,0,0,0,0,0,0,0,0,0,0,0,0,0,0,0,0,0,0,0,0,0,0,0,0,0],[0,0,0,0,0,113,114,115,0,0,0,0,177,178,179,0,0,177,178,179,0,0,0,0,113,114,115,0,0,0,0,0,0,0,0,0,0,0,0,0,0,0,0,0,0,0,0,0,0,0,0,0,0,0,0,0,0,0,0,0],[0,0,0,0,0,145,146,147,0,0,0,0,0,0,0,0,0,0,0,0,0,0,0,0,145,146,147,0,0,0,0,0,0,0,0,0,0,0,0,0,0,0,0,0,0,0,0,0,0,0,0,0,0,0,0,0,0,0,0,0],[0,0,0,0,0,177,178,179,0,0,0,0,0,0,0,0,0,0,0,0,0,0,0,0,177,178,179,0,0,0,0,0,0,0,0,0,0,0,0,0,0,0,0,0,0,0,0,0,0,0,0,0,0,0,0,0,0,0,0,0],[0,0,0,0,0,0,0,0,0,0,0,0,0,0,0,0,0,0,0,0,0,0,0,0,0,0,0,0,0,0,0,0,0,0,0,0,0,0,0,0,0,0,0,0,0,0,0,0,0,0,0,0,0,0,0,0,0,0,0,0],[0,0,0,0,0,0,0,0,0,0,0,0,0,0,0,0,0,0,0,0,0,0,0,0,0,0,0,0,0,0,0,0,0,0,0,0,0,0,0,0,0,0,0,0,0,0,0,0,0,0,0,0,0,0,0,0,0,0,0,0],[0,0,0,0,0,0,0,0,0,0,0,0,0,0,0,0,0,0,0,0,0,0,0,0,0,0,0,0,0,0,0,0,0,0,0,0,0,0,0,0,0,0,0,0,0,0,0,0,0,0,0,0,0,0,0,0,0,0,0,0],[0,0,0,0,0,0,0,0,0,0,0,0,0,0,0,0,0,0,0,0,0,0,0,0,0,0,0,0,0,0,0,0,0,0,0,0,0,0,0,0,0,0,0,0,0,0,0,0,0,0,0,0,0,0,0,0,0,0,0,0],[0,0,0,0,0,0,0,0,0,0,0,0,0,0,0,0,0,0,0,0,0,0,0,0,0,0,0,0,0,0,0,0,0,0,0,0,0,0,0,0,0,0,0,0,0,0,0,0,0,0,0,0,0,0,0,0,0,0,0,0],[0,0,0,0,0,0,0,0,0,0,0,0,0,0,0,0,0,0,0,0,0,0,0,0,0,0,0,0,0,0,0,0,0,0,0,0,0,0,0,0,0,0,0,0,0,0,0,0,0,0,0,0,0,0,0,0,0,0,0,0],[0,0,0,0,0,0,0,0,0,0,0,0,0,0,0,0,0,0,0,0,0,0,0,0,0,0,0,0,0,0,0,0,0,0,0,0,0,0,0,0,0,0,0,0,0,0,0,0,0,0,0,0,0,0,0,0,0,0,0,0],[0,0,0,0,0,0,0,0,0,0,0,0,0,0,0,0,0,0,0,0,0,0,0,0,0,0,0,0,0,0,0,0,0,0,0,0,0,0,0,0,0,0,0,0,0,0,0,0,0,0,0,0,0,0,0,0,0,0,0,0],[0,0,0,0,0,0,0,0,0,0,0,0,0,0,0,0,0,0,0,0,0,0,0,0,0,0,0,0,0,0,0,0,0,0,0,0,0,0,0,0,0,0,0,0,0,0,0,0,0,0,0,0,0,0,0,0,0,0,0,0],[0,0,0,0,0,0,0,0,0,0,0,0,0,0,0,0,0,0,0,0,0,0,0,0,0,0,0,0,0,0,0,0,0,0,0,0,0,0,0,0,0,0,0,0,0,0,0,0,0,0,0,0,0,0,0,0,0,0,0,0],[0,0,0,0,0,0,0,0,0,0,0,0,0,0,0,0,0,0,0,0,0,0,0,0,0,0,0,0,0,0,0,0,0,0,0,0,0,0,0,0,0,0,0,0,0,0,0,0,0,0,0,0,0,0,0,0,0,0,0,0],[0,0,0,0,0,0,0,0,0,0,0,0,0,0,0,0,0,0,0,0,0,0,0,0,0,0,0,0,0,0,0,0,0,0,0,0,0,0,0,0,0,0,0,0,0,0,0,0,0,0,0,0,0,0,0,0,0,0,0,0],[0,0,0,0,0,0,0,0,0,0,0,0,0,0,0,0,0,0,0,0,0,0,0,0,0,0,0,0,0,0,0,0,0,0,0,0,0,0,0,0,0,0,0,0,0,0,0,0,0,0,0,0,0,0,0,0,0,0,0,0],[0,0,0,0,0,0,0,0,0,0,0,0,0,0,0,0,0,0,0,0,0,0,0,0,0,0,0,0,0,0,0,0,0,0,0,0,0,0,0,0,0,0,0,0,0,0,0,0,0,0,0,0,0,0,0,0,0,0,0,0],[0,0,0,0,0,0,0,0,0,0,0,0,0,0,0,0,0,0,0,0,0,0,0,0,0,0,0,0,0,0,0,0,0,0,0,0,0,0,0,0,0,0,0,0,0,0,0,0,0,0,0,0,0,0,0,0,0,0,0,0],[0,0,0,0,0,0,0,0,0,0,0,0,0,0,0,0,0,0,0,0,0,0,0,0,0,0,0,0,0,0,0,0,0,0,0,0,0,0,0,0,0,0,0,0,0,0,0,0,0,0,0,0,0,0,0,0,0,0,0,0],[0,0,0,17,18,18,19,0,0,0,0,0,0,0,0,0,0,0,0,0,0,0,0,0,0,0,0,0,0,0,0,0,0,0,0,0,0,0,0,0,0,0,0,0,0,0,0,0,0,0,0,0,0,0,0,0,0,0,0,0],[0,0,0,49,50,50,51,0,0,0,0,0,0,0,0,0,0,0,0,0,0,0,0,0,0,0,0,0,0,0,0,0,0,0,0,0,0,0,0,0,0,0,0,0,0,0,0,0,0,0,0,0,0,0,0,0,0,0,0,0],[0,0,0,81,82,82,83,0,0,0,0,0,0,0,0,0,0,0,0,0,0,0,0,0,0,0,0,0,0,0,17,18,18,19,0,0,0,0,0,0,0,0,0,0,0,0,0,0,0,0,0,0,0,0,0,0,0,0,0,0],[0,0,0,113,114,114,115,0,0,0,0,0,0,0,0,0,0,0,0,0,0,0,0,0,0,0,0,0,0,0,49,50,50,51,0,0,0,0,0,0,0,0,0,0,0,0,0,0,0,0,0,0,0,0,0,0,0,0,0,0],[0,0,0,145,146,146,147,0,0,0,17,18,19,0,0,0,0,0,17,18,19,0,0,0,0,0,17,18,19,0,81,82,82,83,0,0,0,0,0,0,0,0,0,0,0,0,0,0,0,0,0,0,0,0,0,0,0,0,0,0],[0,0,0,177,178,178,179,0,0,0,0,0,0,0,0,0,0,0,49,50,51,0,0,0,0,0,49,50,51,0,113,114,114,115,0,0,0,0,0,0,0,0,0,0,0,0,0,0,0,0,0,0,0,0,0,0,0,0,0,0],[0,0,0,0,0,0,0,0,0,0,0,0,0,0,0,0,0,0,81,82,83,0,0,0,0,0,81,82,83,0,145,146,146,147,0,0,0,0,0,0,0,0,0,0,0,0,0,0,0,0,0,0,0,0,0,0,0,0,0,0],[0,0,0,0,0,0,0,0,0,0,0,0,0,0,0,0,0,0,113,114,115,0,0,0,0,0,113,114,115,0,177,178,178,179,0,0,0,0,0,0,0,0,0,0,0,0,0,0,0,0,0,0,0,0,0,0,0,0,0,0],[0,0,0,0,0,0,0,0,0,0,0,0,0,0,0,0,0,0,145,146,147,0,0,0,0,0,145,146,147,0,0,0,0,0,0,0,0,0,0,0,0,0,0,0,0,0,0,0,0,0,0,0,0,0,0,0,0,0,0,0],[0,0,0,0,0,0,0,0,0,0,0,0,0,0,0,0,0,0,177,178,179,0,0,0,0,0,177,178,179,0,0,0,0,0,0,0,0,0,0,0,0,0,0,0,0,0,0,0,0,0,0,0,0,0,0,0,0,0,0,0],[0,0,0,0,0,0,0,0,0,0,0,0,0,0,0,0,0,0,0,0,0,0,0,0,0,0,0,0,0,0,0,0,0,0,0,0,0,0,0,0,0,0,0,0,0,0,0,0,0,0,0,0,0,0,0,0,0,0,0,0],[0,0,0,0,0,0,0,0,0,0,0,0,0,0,0,0,0,0,0,0,0,0,0,0,0,0,0,0,0,0,0,0,0,0,0,0,0,0,0,0,0,0,0,0,0,0,0,0,0,0,0,0,0,0,0,0,0,0,0,0],[0,0,0,0,0,0,0,0,0,0,0,0,0,0,0,0,0,0,0,0,0,0,0,0,0,0,0,0,0,0,0,0,0,0,0,0,0,0,0,0,0,0,0,0,0,0,0,0,0,0,0,0,0,0,0,0,0,0,0,0]]},{"id":5,"type":"Background","name":"ironbars","level":"3","width":60,"height":40,"visible":1,"tilesetName":"media\/map\/cargo-ship-inner.png","repeat":false,"distance":"1","tilesize":16,"moveSpeed":{"x":0,"y":0},"data":[[0,0,0,0,0,0,0,0,0,0,0,0,0,0,0,0,0,0,0,0,0,0,0,0,0,0,0,0,0,0,0,0,0,0,0,0,0,0,0,0,0,0,0,0,0,0,0,0,0,0,0,0,0,0,0,0,0,0,0,0],[0,0,0,0,0,0,0,0,0,0,0,0,0,0,0,0,0,0,0,0,0,0,0,0,0,0,0,0,0,0,0,0,0,0,0,0,0,0,0,0,0,0,0,0,0,0,0,0,0,0,0,0,0,0,0,0,0,0,0,0],[0,0,0,0,218,0,153,0,152,184,0,0,0,0,0,0,0,0,0,0,0,0,183,151,0,153,0,217,0,0,0,0,0,0,0,0,0,0,0,0,0,0,0,0,0,0,0,0,0,0,0,0,0,0,0,0,0,0,0,0],[0,0,0,0,183,151,150,152,184,216,0,0,0,0,0,0,0,0,0,0,0,0,215,183,151,150,152,184,0,0,0,0,0,0,0,0,0,0,0,0,0,0,0,0,0,0,0,0,0,0,0,0,0,0,0,0,0,0,0,0],[0,0,0,0,215,183,156,184,216,0,0,0,0,0,0,0,0,0,0,0,0,0,0,215,183,156,184,216,0,0,0,0,0,0,0,0,0,0,0,0,0,0,0,0,0,0,0,0,0,0,0,0,0,0,0,0,0,0,0,0],[0,0,149,149,149,149,155,149,149,149,149,149,149,149,149,149,149,149,149,149,149,149,149,149,149,155,149,149,149,0,0,0,0,0,0,0,0,0,0,0,0,0,0,0,0,0,0,0,0,0,0,0,0,0,0,0,0,0,0,0],[0,0,0,0,0,0,0,0,0,0,0,0,0,0,0,0,0,0,0,0,0,0,0,0,0,0,0,0,0,0,0,0,0,0,0,0,0,0,0,0,0,0,0,0,0,0,0,0,0,0,0,0,0,0,0,0,0,0,0,0],[0,0,0,0,0,0,0,0,0,0,0,0,0,0,0,0,0,0,0,0,0,0,0,0,0,0,0,0,0,0,0,0,0,0,0,0,0,0,0,0,0,0,0,0,0,0,0,0,0,0,0,0,0,0,0,0,0,0,0,0],[0,0,0,0,0,0,0,0,0,0,0,0,0,0,0,0,0,0,0,0,0,0,0,0,0,0,0,0,0,0,0,0,0,0,0,0,0,0,0,0,0,0,0,0,0,0,0,0,0,0,0,0,0,0,0,0,0,0,0,0],[0,0,0,0,0,0,0,0,0,0,0,0,0,0,0,0,0,0,0,0,0,0,0,0,0,0,0,0,0,0,0,0,0,0,0,0,0,0,0,0,0,0,0,0,0,0,0,0,0,0,0,0,0,0,0,0,0,0,0,0],[0,0,0,0,0,0,0,0,0,0,0,0,0,0,0,0,0,0,0,0,0,0,0,0,0,0,0,0,0,0,0,0,0,0,0,0,0,0,0,0,0,0,0,0,0,0,0,0,0,0,0,0,0,0,0,0,0,0,0,0],[0,0,0,0,0,0,0,0,0,0,0,0,0,0,0,0,0,0,0,0,0,0,0,0,0,0,0,0,0,0,0,0,0,0,0,0,0,0,0,0,0,0,0,0,0,0,0,0,0,0,0,0,0,0,0,0,0,0,0,0],[0,0,0,0,0,0,0,0,0,0,0,0,0,0,0,0,0,0,0,0,0,0,0,0,0,0,0,0,0,0,0,0,0,0,0,0,0,0,0,0,0,0,0,0,0,0,0,0,0,0,0,0,0,0,0,0,0,0,0,0],[0,0,0,0,0,0,0,0,0,0,0,0,0,0,0,0,0,0,0,0,0,0,0,0,0,0,0,0,0,0,0,0,0,0,0,0,0,0,0,0,0,0,0,0,0,0,0,0,0,0,0,0,0,0,0,0,0,0,0,0],[0,0,0,0,0,0,0,0,0,0,0,0,0,0,0,0,0,0,0,0,0,0,0,0,0,0,0,0,0,0,0,0,0,0,0,0,0,0,0,0,0,0,0,0,0,0,0,0,0,0,0,0,0,0,0,0,0,0,0,0],[0,0,0,0,0,0,0,0,0,0,0,0,0,0,0,0,0,0,0,0,0,0,0,0,0,0,0,0,0,0,0,0,0,0,0,0,0,0,0,0,0,0,0,0,0,0,0,0,0,0,0,0,0,0,0,0,0,0,0,0],[0,0,0,0,0,0,0,0,0,0,0,0,0,0,0,0,0,0,0,0,0,0,0,0,0,0,0,0,0,0,0,0,0,0,0,0,0,0,0,0,0,0,0,0,0,0,0,0,0,0,0,0,0,0,0,0,0,0,0,0],[0,0,0,0,0,0,0,0,0,0,0,0,0,0,0,0,0,0,0,0,0,0,0,0,0,0,0,0,0,0,0,0,0,0,0,0,0,0,0,0,0,0,0,0,0,0,0,0,0,0,0,0,0,0,0,0,0,0,0,0],[0,0,0,0,0,0,0,0,0,0,0,0,0,0,0,0,0,0,0,0,0,0,0,0,0,0,0,0,0,0,0,0,0,0,0,0,0,0,0,0,0,0,0,0,0,0,0,0,0,0,0,0,0,0,0,0,0,0,0,0],[0,0,0,0,0,0,0,0,0,0,0,0,0,0,0,0,0,0,0,0,0,0,0,0,0,0,0,0,0,0,0,0,0,0,0,0,0,0,0,0,0,0,0,0,0,0,0,0,0,0,0,0,0,0,0,0,0,0,0,0],[0,0,0,0,0,0,0,0,0,0,0,0,0,0,0,0,0,0,0,0,0,0,0,0,0,0,0,0,0,0,0,0,0,0,0,0,0,0,0,0,0,0,0,0,0,0,0,0,0,0,0,0,0,0,0,0,0,0,0,0],[0,0,0,0,0,0,0,0,0,0,0,0,0,0,0,0,0,0,0,0,0,0,0,0,0,0,0,0,0,0,0,0,0,0,0,0,0,0,0,0,0,0,0,0,0,0,0,0,0,0,0,0,0,0,0,0,0,0,0,0],[0,0,0,0,0,0,0,0,0,0,0,0,0,0,0,0,0,0,0,0,0,0,0,0,0,0,0,0,0,0,0,0,0,0,0,0,0,0,0,0,0,0,0,0,0,0,0,0,0,0,0,0,0,0,0,0,0,0,0,0],[0,0,0,0,0,0,0,0,0,0,0,0,0,0,0,0,0,0,0,0,0,0,0,0,0,0,0,0,0,0,0,0,0,0,0,0,0,0,0,0,0,0,0,0,0,0,0,0,0,0,0,0,0,0,0,0,0,0,0,0],[0,0,0,0,0,0,0,0,0,0,0,0,0,0,0,0,0,0,0,0,0,0,0,0,0,0,0,0,0,0,0,0,0,0,0,0,0,0,0,0,0,0,0,0,0,0,0,0,0,0,0,0,0,0,0,0,0,0,0,0],[0,0,0,0,0,0,0,0,0,0,0,0,0,0,0,0,0,0,0,0,0,0,0,0,0,0,0,0,0,0,0,0,0,0,0,0,0,0,0,0,0,0,0,0,0,0,0,0,0,0,0,0,0,0,0,0,0,0,0,0],[0,0,0,0,0,0,0,0,0,0,0,0,0,0,0,0,0,0,0,0,0,0,0,0,0,0,0,0,0,0,0,0,0,0,0,0,0,0,0,0,0,0,0,0,0,0,0,0,0,0,0,0,0,0,0,0,0,0,0,0],[0,0,149,149,149,155,149,149,182,0,0,0,0,0,0,0,0,0,0,0,0,0,0,0,0,0,0,0,0,0,0,0,0,0,0,0,0,0,0,0,0,0,0,0,0,0,0,0,0,0,0,0,0,0,0,0,0,0,0,0],[0,0,0,0,0,0,0,0,150,0,0,0,0,0,0,0,0,0,0,0,0,0,0,0,0,0,0,0,0,0,0,0,0,0,0,0,0,0,0,0,0,0,0,0,0,0,0,0,0,0,0,0,0,0,0,0,0,0,0,0],[0,0,0,0,0,0,0,0,150,0,0,0,0,0,0,0,0,0,0,0,0,0,0,0,0,0,0,0,0,0,0,0,0,0,152,0,0,0,0,0,0,0,0,0,0,0,0,0,0,0,0,0,0,0,0,0,0,0,0,0],[0,0,0,0,0,0,0,0,150,0,0,0,0,0,0,0,0,0,0,0,0,0,0,0,0,0,0,0,0,0,0,0,0,152,184,0,0,0,0,0,0,0,0,0,0,0,0,0,0,0,0,0,0,0,0,0,0,0,0,0],[0,0,0,0,0,0,0,0,213,149,149,149,149,149,149,149,149,149,149,149,149,149,149,149,149,149,149,149,149,149,149,149,149,123,216,0,0,0,0,0,0,0,0,0,0,0,0,0,0,0,0,0,0,0,0,0,0,0,0,0],[0,0,0,0,0,0,0,0,0,0,0,0,0,0,0,0,0,0,0,0,0,0,0,0,0,0,0,0,0,0,0,0,0,0,0,0,0,0,0,0,0,0,0,0,0,0,0,0,0,0,0,0,0,0,0,0,0,0,0,0],[0,0,0,0,0,0,0,0,0,0,0,0,0,0,0,0,0,0,0,0,0,0,0,0,0,0,0,0,0,0,0,0,0,0,0,0,0,0,0,0,0,0,0,0,0,0,0,0,0,0,0,0,0,0,0,0,0,0,0,0],[0,0,0,0,0,0,0,0,0,0,0,0,0,0,0,0,0,0,0,0,0,0,0,0,0,0,0,0,0,0,0,0,0,0,0,0,0,0,0,0,0,0,0,0,0,0,0,0,0,0,0,0,0,0,0,0,0,0,0,0],[0,0,0,0,0,0,0,0,0,0,0,0,0,0,0,0,0,0,0,0,0,0,0,0,0,0,0,0,0,0,0,0,0,0,0,0,0,0,0,0,0,0,0,0,0,0,0,0,0,0,0,0,0,0,0,0,0,0,0,0],[0,0,0,0,0,0,0,0,0,0,0,0,0,0,0,0,0,0,0,0,0,0,0,0,0,0,0,0,0,0,0,0,0,0,0,0,0,0,0,0,0,0,0,0,0,0,0,0,0,0,0,0,0,0,0,0,0,0,0,0],[0,0,0,0,0,0,0,0,0,0,0,0,0,0,0,0,0,0,0,0,0,0,0,0,0,0,0,0,0,0,0,0,0,0,0,0,0,0,0,0,0,0,0,0,0,0,0,0,0,0,0,0,0,0,0,0,0,0,0,0],[0,0,0,0,0,0,0,0,0,0,0,0,0,0,0,0,0,0,0,0,0,0,0,0,0,0,0,0,0,0,0,0,0,0,0,0,0,0,0,0,0,0,0,0,0,0,0,0,0,0,0,0,0,0,0,0,0,0,0,0],[0,0,0,0,0,0,0,0,0,0,0,0,0,0,0,0,0,0,0,0,0,0,0,0,0,0,0,0,0,0,0,0,0,0,0,0,0,0,0,0,0,0,0,0,0,0,0,0,0,0,0,0,0,0,0,0,0,0,0,0]]},{"id":6,"type":"Light","name":"lightmap","level":"last","width":60,"height":40,"visible":1,"tilesetName":"media\/map\/lightmap-tiles.png","repeat":false,"distance":"1","tilesize":16,"moveSpeed":{"x":0,"y":0},"data":[[0,0,0,0,0,0,0,0,0,0,0,0,0,0,0,0,0,0,0,0,0,0,0,0,0,0,0,0,0,0,0,0,0,0,0,0,0,0,0,0,0,0,0,0,0,0,0,0,0,0,0,0,0,0,0,0,0,0,0,0],[0,0,0,0,0,0,0,0,0,0,0,0,0,0,0,0,0,0,0,0,0,0,0,0,0,0,0,0,0,0,0,0,0,0,0,0,0,0,0,0,0,0,0,0,0,0,0,0,0,0,0,0,0,0,0,0,0,0,0,0],[0,0,0,0,0,0,0,0,0,0,0,0,0,0,0,0,0,0,0,0,0,0,0,0,0,0,0,0,0,0,0,0,0,0,0,0,0,0,0,0,0,0,0,0,0,0,0,0,0,0,0,0,0,0,0,0,0,0,0,0],[0,0,0,0,0,0,0,0,0,0,0,0,0,0,0,0,0,0,0,0,0,0,0,0,0,0,0,0,0,0,0,0,0,0,0,0,0,0,0,0,0,0,0,0,0,0,0,0,0,0,0,0,0,0,0,0,0,0,0,0],[0,0,0,0,0,0,0,0,0,0,0,0,0,5,0,0,0,0,5,0,0,0,0,0,0,0,0,0,0,0,0,0,0,0,0,0,0,0,0,0,0,0,0,0,0,0,0,0,0,0,0,0,0,0,0,0,0,0,0,0],[0,0,0,0,0,0,0,0,0,0,0,0,0,0,0,0,0,0,0,0,0,0,0,0,0,0,0,0,0,0,0,0,0,0,0,0,0,0,0,0,0,0,0,0,0,0,0,0,0,0,0,0,0,0,0,0,0,0,0,0],[0,0,0,0,0,0,5,0,0,0,0,0,0,0,0,0,0,0,0,0,0,0,0,0,0,5,0,0,0,0,0,0,0,0,0,0,0,0,0,0,0,0,0,0,0,0,0,0,0,0,0,0,0,0,0,0,0,0,0,0],[0,0,0,0,0,0,0,0,0,0,0,0,0,0,0,0,0,0,0,0,0,0,0,0,0,0,0,0,0,0,0,0,0,0,0,0,0,0,0,0,0,0,0,0,0,0,0,0,0,0,0,0,0,0,0,0,0,0,0,0],[0,0,0,0,0,0,0,0,0,0,0,0,0,0,0,0,0,0,0,0,0,0,0,0,0,0,0,0,0,0,0,0,0,0,0,0,0,0,0,0,0,0,0,0,0,0,0,0,0,0,0,0,0,0,0,0,0,0,0,0],[0,0,0,0,0,0,0,0,0,0,0,0,0,2,0,0,0,0,2,0,0,0,0,0,0,0,0,0,0,0,0,0,0,0,0,0,0,0,0,0,0,0,0,0,0,0,0,0,0,0,0,0,0,0,0,0,0,0,0,0],[0,0,0,0,0,0,0,0,0,0,0,0,0,0,0,0,0,0,0,0,0,0,0,0,0,0,0,0,0,0,0,0,0,0,0,0,0,0,0,0,0,0,0,0,0,0,0,0,0,0,0,0,0,0,0,0,0,0,0,0],[0,0,0,0,0,0,2,0,0,0,0,0,0,0,0,0,0,0,0,0,0,0,0,0,0,2,0,0,0,0,0,0,0,0,0,0,0,0,0,0,0,0,0,0,0,0,0,0,0,0,0,0,0,0,0,0,0,0,0,0],[0,0,0,0,0,0,0,0,0,0,0,0,0,0,0,0,0,0,0,0,0,0,0,0,0,0,0,0,0,0,0,0,0,0,0,0,0,0,0,0,0,0,0,0,0,0,0,0,0,0,0,0,0,0,0,0,0,0,0,0],[0,0,0,0,0,0,0,0,0,0,0,0,0,0,0,0,0,0,0,0,0,0,0,0,0,0,0,0,0,0,0,0,0,0,0,0,0,0,0,0,0,0,0,0,0,0,0,0,0,0,0,0,0,0,0,0,0,0,0,0],[0,0,0,0,0,0,0,0,0,0,0,0,0,0,0,0,0,0,0,0,0,0,0,0,0,0,0,0,0,0,0,0,0,0,0,0,0,0,0,0,0,0,0,0,0,0,0,0,0,0,0,0,0,0,0,0,0,0,0,0],[0,0,0,0,0,0,0,0,0,0,0,0,0,0,0,0,0,0,0,0,0,0,0,0,0,0,0,0,0,0,0,0,0,0,0,0,0,0,0,0,0,0,0,0,0,0,0,0,0,0,0,0,0,0,0,0,0,0,0,0],[0,0,0,0,0,0,0,0,0,0,0,0,0,0,0,0,0,0,0,0,0,0,0,0,0,0,0,0,0,0,0,0,0,0,0,0,0,0,0,0,0,0,0,0,0,0,0,0,0,0,0,0,0,0,0,0,0,0,0,0],[0,0,0,0,0,5,0,0,0,0,0,0,0,0,0,0,0,0,0,0,0,0,0,0,0,0,0,0,0,0,0,0,0,0,0,0,0,0,0,0,0,0,0,0,0,0,0,0,0,0,0,0,0,0,0,0,0,0,0,0],[0,0,0,0,0,0,0,0,0,0,0,0,0,0,0,0,0,0,0,0,0,0,0,0,0,0,0,0,0,0,0,0,0,0,0,0,0,0,0,0,0,0,0,0,0,0,0,0,0,0,0,0,0,0,0,0,0,0,0,0],[0,0,0,0,0,0,0,0,0,0,0,0,0,0,0,0,0,5,0,0,0,0,0,0,0,0,0,0,0,0,0,0,0,0,0,0,0,0,0,0,0,0,0,0,0,0,0,0,0,0,0,0,0,0,0,0,0,0,0,0],[0,0,0,0,0,2,0,0,0,0,0,0,0,0,0,0,0,0,0,0,0,0,0,0,0,5,0,0,0,0,0,0,0,0,0,0,0,0,0,0,0,0,0,0,0,0,0,0,0,0,0,0,0,0,0,0,0,0,0,0],[0,0,0,0,0,0,0,0,0,0,0,0,0,0,0,0,0,0,0,0,0,0,0,0,0,0,0,0,0,0,0,0,0,0,0,0,0,0,0,0,0,0,0,0,0,0,0,0,0,0,0,0,0,0,0,0,0,0,0,0],[0,0,0,0,0,0,0,0,0,0,0,0,0,0,0,0,0,2,0,0,0,0,0,0,0,0,0,0,0,0,0,0,0,0,0,0,0,0,0,0,0,0,0,0,0,0,0,0,0,0,0,0,0,0,0,0,0,0,0,0],[0,0,0,0,0,0,0,0,0,0,0,0,0,0,0,0,0,0,0,0,0,0,0,0,0,0,0,0,0,0,0,0,0,0,0,0,0,0,0,0,0,0,0,0,0,0,0,0,0,0,0,0,0,0,0,0,0,0,0,0],[0,0,0,0,0,0,0,0,0,0,0,0,0,0,0,0,0,0,0,0,0,0,0,0,0,0,0,0,0,0,0,0,0,0,0,0,0,0,0,0,0,0,0,0,0,0,0,0,0,0,0,0,0,0,0,0,0,0,0,0],[0,0,0,0,0,0,0,0,0,0,0,0,0,0,0,0,0,0,0,0,0,0,0,0,0,0,0,0,0,0,0,0,0,0,0,0,0,0,0,0,0,0,0,0,0,0,0,0,0,0,0,0,0,0,0,0,0,0,0,0],[0,0,0,0,0,0,0,0,0,0,0,0,0,0,0,0,0,0,0,0,0,0,0,0,0,0,0,0,0,0,0,0,0,0,0,0,0,0,0,0,0,0,0,0,0,0,0,0,0,0,0,0,0,0,0,0,0,0,0,0],[0,0,0,0,0,0,0,0,0,0,0,0,0,0,0,0,0,0,0,0,0,0,0,0,0,0,0,0,0,0,0,0,0,0,0,0,0,0,0,0,0,0,0,0,0,0,0,0,0,0,0,0,0,0,0,0,0,0,0,0],[0,0,0,0,0,5,0,0,0,0,0,0,0,0,0,0,0,0,0,0,0,0,0,0,0,0,0,0,0,0,0,0,0,0,0,0,0,0,0,0,0,0,0,0,0,0,0,0,0,0,0,0,0,0,0,0,0,0,0,0],[0,0,0,0,0,2,0,0,0,0,0,0,0,0,0,0,0,0,0,0,0,0,0,0,0,0,0,0,0,0,0,0,0,0,0,0,0,0,0,0,0,0,0,0,0,0,0,0,0,0,0,0,0,0,0,0,0,0,0,0],[0,0,0,0,0,0,0,0,0,0,0,0,0,0,0,0,0,0,0,0,0,0,0,0,0,0,0,0,0,0,0,5,5,0,0,0,0,0,0,0,0,0,0,0,0,0,0,0,0,0,0,0,0,0,0,0,0,0,0,0],[0,0,0,0,0,0,0,0,0,0,0,0,0,0,0,0,0,0,0,0,0,0,0,0,0,0,0,0,0,0,0,0,0,0,0,0,0,0,0,0,0,0,0,0,0,0,0,0,0,0,0,0,0,0,0,0,0,0,0,0],[0,0,0,0,0,0,0,0,0,0,0,5,0,0,0,0,0,0,0,5,0,0,0,0,0,0,0,5,0,0,0,0,0,0,0,0,0,0,0,0,0,0,0,0,0,0,0,0,0,0,0,0,0,0,0,0,0,0,0,0],[0,0,0,0,0,0,0,0,0,0,0,2,0,0,0,0,0,0,0,2,0,0,0,0,0,0,0,2,0,0,0,0,0,0,0,0,0,0,0,0,0,0,0,0,0,0,0,0,0,0,0,0,0,0,0,0,0,0,0,0],[0,0,0,0,0,0,0,0,0,0,0,0,0,0,0,0,0,0,0,0,0,0,0,0,0,0,0,0,0,0,0,2,2,0,0,0,0,0,0,0,0,0,0,0,0,0,0,0,0,0,0,0,0,0,0,0,0,0,0,0],[0,0,0,0,0,0,0,0,0,0,0,0,0,0,0,0,0,0,0,0,0,0,0,0,0,0,0,0,0,0,0,0,0,0,0,0,0,0,0,0,0,0,0,0,0,0,0,0,0,0,0,0,0,0,0,0,0,0,0,0],[0,0,0,0,0,0,0,0,0,0,0,0,0,0,0,0,0,0,0,0,0,0,0,0,0,0,0,0,0,0,0,0,0,0,0,0,0,0,0,0,0,0,0,0,0,0,0,0,0,0,0,0,0,0,0,0,0,0,0,0],[0,0,0,0,0,0,0,0,0,0,0,0,0,0,0,0,0,0,0,0,0,0,0,0,0,0,0,0,0,0,0,0,0,0,0,0,0,0,0,0,0,0,0,0,0,0,0,0,0,0,0,0,0,0,0,0,0,0,0,0],[0,0,0,0,0,0,0,0,0,0,0,0,0,0,0,0,0,0,0,0,0,0,0,0,0,0,0,0,0,0,0,0,0,0,0,0,0,0,0,0,0,0,0,0,0,0,0,0,0,0,0,0,0,0,0,0,0,0,0,0],[0,0,0,0,0,0,0,0,0,0,0,0,0,0,0,0,0,0,0,0,0,0,0,0,0,0,0,0,0,0,0,0,0,0,0,0,0,0,0,0,0,0,0,0,0,0,0,0,0,0,0,0,0,0,0,0,0,0,0,0]]}],"attributes":{"saveMode":"ENABLED","map-sounds":"CARGO_SHIP_AMBIENT_D","bgm":"cargoShip","cameraInBounds":false,"mapStyle":"cargo-hold","weather":"CARGO_HOLD","area":"cargo-ship"},"screen":{"x":-121,"y":159}}