{"name":"cargo-ship\/room4","levels":[{"height":0},{"height":32},{"height":64},{"height":128}],"mapWidth":47,"mapHeight":40,"masterLevel":0,"entities":[{"type":"Prop","x":544,"y":144,"level":0,"settings":{"name":"","propType":{"sheet":"cargo-hold","name":"cargo-box1"},"mapId":1}},{"type":"Prop","x":400,"y":144,"level":0,"settings":{"name":"","propType":{"sheet":"cargo-hold","name":"cargo-box2"},"mapId":2}},{"type":"Prop","x":368,"y":144,"level":0,"settings":{"name":"","propType":{"sheet":"cargo-hold","name":"cargo-box1"},"mapId":3}},{"type":"Prop","x":336,"y":144,"level":0,"settings":{"name":"","propType":{"sheet":"cargo-hold","name":"cargo-box1"},"mapId":4}},{"type":"Prop","x":176,"y":144,"level":0,"settings":{"name":"","propType":{"sheet":"cargo-hold","name":"cargo-box2"},"mapId":5}},{"type":"Prop","x":48,"y":144,"level":0,"settings":{"name":"","propType":{"sheet":"cargo-hold","name":"cargo-box2"},"mapId":6}},{"type":"Prop","x":80,"y":144,"level":0,"settings":{"name":"","propType":{"sheet":"cargo-hold","name":"cargo-box1"},"mapId":7}},{"type":"Prop","x":64,"y":148,"level":0,"settings":{"name":"","propType":{"sheet":"cargo-hold","name":"cargo-box2"},"mapId":8}},{"type":"Prop","x":96,"y":160,"level":0,"settings":{"name":"","propType":{"sheet":"cargo-hold","name":"cargo-box2"},"mapId":9}},{"type":"Prop","x":544,"y":160,"level":0,"settings":{"name":"","propType":{"sheet":"cargo-hold","name":"cargo-box1"},"mapId":10}},{"type":"Prop","x":592,"y":172,"level":0,"settings":{"name":"","propType":{"sheet":"cargo-hold","name":"cargo-box2"},"mapId":11}},{"type":"Prop","x":480,"y":172,"level":0,"settings":{"name":"","propType":{"sheet":"cargo-hold","name":"cargo-box1"},"mapId":12}},{"type":"Prop","x":544,"y":176,"level":0,"settings":{"name":"","propType":{"sheet":"cargo-hold","name":"cargo-box1"},"mapId":13}},{"type":"Prop","x":608,"y":184,"level":0,"settings":{"name":"","propType":{"sheet":"cargo-hold","name":"cargo-box2"},"mapId":14}},{"type":"Prop","x":592,"y":204,"level":0,"settings":{"name":"","propType":{"sheet":"cargo-hold","name":"cargo-box2"},"mapId":15}},{"type":"Prop","x":608,"y":216,"level":0,"settings":{"name":"","propType":{"sheet":"cargo-hold","name":"cargo-box2"},"mapId":16}},{"type":"EventTrigger","x":-16,"y":224,"level":0,"settings":{"name":"initTest","eventType":"PARALLEL","endCondition":"map.init","event":[{"varName":"playerVar.statusHidden","changeType":"set","value":true,"type":"CHANGE_VAR_BOOL"},{"varName":"map.init","changeType":"set","value":true,"type":"CHANGE_VAR_BOOL"}],"triggerType":"ALWAYS","startCondition":"","mapId":17}},{"type":"Prop","x":144,"y":224,"level":0,"settings":{"name":"","propType":{"sheet":"cargo-hold","name":"cargo-box2"},"mapId":18}},{"type":"Prop","x":496,"y":236,"level":0,"settings":{"name":"","propType":{"sheet":"cargo-hold","name":"cargo-box2"},"mapId":19}},{"type":"Prop","x":16,"y":240,"level":0,"settings":{"name":"","propType":{"sheet":"cargo-hold","name":"cargo-box2"},"mapId":20}},{"type":"Prop","x":608,"y":248,"level":0,"settings":{"name":"","propType":{"sheet":"cargo-hold","name":"cargo-box2"},"mapId":21}},{"type":"EventTrigger","x":-16,"y":256,"level":0,"settings":{"name":"close_arena","eventType":"PARALLEL","endCondition":"plot.line >= 51","event":[{"varName":"map.arenaClosed","changeType":"set","value":true,"type":"CHANGE_VAR_BOOL"},{"person":{"person":"main.carla","expression":"GLASS_SMILE"},"message":{"de_DE":"Alles klar, viel Gl\u00fcck da drin!","en_US":"Alright, good luck in there!","langUid":1,"fr_FR":"","zh_CN":"Pekâlâ, orada iyi şanslar!","ja_JP":"\u3088\u30fc\u3057\u3001\u304c\u3093\u3070\u3063\u3066\u304a\u3044\u3067\uff01<<A<<[CHANGED 2018\/03\/14]","ko_KR":"\ud589\uc6b4\uc744 \ube4c\uc5b4!<<A<<[CHANGED 2018\/03\/14]","zh_TW":"\u597d\u4e86\uff0c\u795d\u4f60\u597d\u904b\uff01<<A<<[CHANGED 2018\/03\/14]"},"type":"SHOW_SIDE_MSG"},{"varName":"plot.line","changeType":"set","value":51,"type":"CHANGE_VAR_NUMBER"},{"time":1,"ignoreSlowDown":false,"type":"WAIT"},{"varName":"map.startBattle","changeType":"set","value":true,"type":"CHANGE_VAR_BOOL"}],"triggerType":"ALWAYS","startCondition":"map.closeArena","mapId":22}},{"type":"Prop","x":16,"y":272,"level":0,"settings":{"name":"","propType":{"sheet":"cargo-hold","name":"cargo-box1"},"mapId":23}},{"type":"EnemyCounter","x":312,"y":276,"level":0,"settings":{"name":"","enemyGroup":"wave1","enemyCount":1,"preVariable":"map.wave1Pre","postVariable":"map.wave1Post","mapId":24}},{"type":"Enemy","x":232,"y":280,"level":0,"settings":{"name":"","enemyInfo":{"type":"simple-bot","group":"wave2","attribs":{}},"spawnCondition":"map.wave = 2","mapId":25}},{"type":"EventTrigger","x":-16,"y":280,"level":0,"settings":{"name":"start_battle","eventType":"PARALLEL","endCondition":"map.wave >= 1","event":[{"value":true,"type":"SET_FORCE_COMBAT"},{"ignoreSlowDown":false,"time":1,"type":"WAIT"},{"pos":{"x":328,"y":368},"speed":"FAST","transition":"EASE_IN_OUT","wait":true,"waitSkip":0,"zoom":1,"type":"SET_CAMERA_POS"},{"ignoreSlowDown":false,"time":0.2,"type":"WAIT"},{"changeType":"set","varName":"map.wave","value":1,"type":"CHANGE_VAR_NUMBER"},{"ignoreSlowDown":false,"time":0.5,"type":"WAIT"},{"target":{"player":true},"type":"SET_SCREEN_ENEMY_TARGET"},{"speed":"FAST","transition":"EASE_IN_OUT","wait":false,"waitSkip":0,"type":"RESET_CAMERA"}],"triggerType":"ALWAYS","startCondition":"map.startBattle","mapId":26}},{"type":"Enemy","x":408,"y":284,"level":0,"settings":{"name":"","enemyInfo":{"type":"simple-bot","group":"wave3","attribs":{}},"spawnCondition":"map.wave = 3","mapId":27}},{"type":"GlowingLine","x":240,"y":288,"level":0,"settings":{"name":"","size":{"x":72,"y":8},"condition":"map.wave1Post","mapId":28}},{"type":"Prop","x":16,"y":288,"level":0,"settings":{"name":"","propType":{"sheet":"cargo-hold","name":"cargo-box2"},"mapId":29}},{"type":"GlowingLine","x":344,"y":288,"level":0,"settings":{"name":"","size":{"x":72,"y":8},"condition":"map.wave1Post","mapId":30}},{"type":"GlowingLine","x":232,"y":296,"level":0,"settings":{"name":"","size":{"x":8,"y":72},"condition":"map.wave1Post","mapId":31}},{"type":"GlowingLine","x":416,"y":296,"level":0,"settings":{"name":"","size":{"x":8,"y":72},"condition":"map.wave1Post","mapId":32}},{"type":"EventTrigger","x":-16,"y":304,"level":0,"settings":{"name":"wave2","eventType":"PARALLEL","endCondition":"map.wave >= 2","event":[{"name":"info","type":"REMOVE_GUI"},{"ignoreSlowDown":false,"time":0.5,"type":"WAIT"},{"message":{"de_DE":"Kleiner Hinweis!\\. Bewirf sie mit \\i[tech]geladenen B\u00e4llen, um ihre Angriffe zu unterbrechen!","en_US":"A bit of advice!\\. Hit them with \\i[tech]charged balls to cancel their attacks!","langUid":2,"fr_FR":"","zh_CN":"Bir tavsiye!\\. Onların saldırılarını iptal etmek için onlara \\i[tech]yüklü toplarla vur!","ja_JP":"\u3044\u3044\u3053\u3068\u3092\u6559\u3048\u3066\u3084\u308d\u3046\uff01\\. \\i[tech]\u30c1\u30e3\u30fc\u30b8\u30dc\u30fc\u30eb\u3092\u6575\u306b\u5f53\u3066\u308b\u3068\u3001\u305d\u3044\u3064\u306e\u653b\u6483\u3092\u6b62\u3081\u3089\u308c\u308b\u3088\uff01","ko_KR":"\ud55c \uac00\uc9c0 \uc54c\ub824\uc904\uac8c!\\. \\i[tech]\ucda9\uc804\ub41c \uacf5\uc73c\ub85c \ub54c\ub9ac\uba74 \uc801\uc758 \uacf5\uaca9\uc744 \ucde8\uc18c\uc2dc\ud0ac \uc218 \uc788\uc5b4!","zh_TW":"\u7d66\u4e00\u9ede\u5efa\u8b70\uff01\\.\u4f7f\u7528\\i[tech]\u84c4\u529b\u7403\u64ca\u4e2d\u5b83\u5011\u4f86\u6253\u65b7\u5b83\u5011\u7684\u653b\u64ca\uff01"},"person":{"person":"main.carla","expression":"GLASS_WHISTLING"},"type":"SHOW_SIDE_MSG"},{"ignoreSlowDown":false,"time":2,"type":"WAIT"},{"pos":{"x":328,"y":368},"speed":"FAST","transition":"EASE_IN_OUT","wait":true,"waitSkip":0.1,"zoom":1,"type":"SET_CAMERA_POS"},{"changeType":"set","varName":"map.wave","value":2,"type":"CHANGE_VAR_NUMBER"},{"ignoreSlowDown":false,"time":0.4,"type":"WAIT"},{"target":{"player":true},"type":"SET_SCREEN_ENEMY_TARGET"},{"speed":"FAST","transition":"EASE_OUT","wait":false,"waitSkip":0,"type":"RESET_CAMERA"}],"triggerType":"ALWAYS","startCondition":"map.wave1Post","mapId":33}},{"type":"WallVertical","x":120,"y":304,"level":0,"settings":{"name":"","size":{"x":8,"y":128},"topEnd":"STOP","bottomEnd":"STOP","condition":"map.arenaClosed && !map.allDone","collType":"BLOCK","wallZHeight":64,"mapId":34}},{"type":"WallVertical","x":528,"y":304,"level":0,"settings":{"name":"","size":{"x":8,"y":128},"topEnd":"STOP","bottomEnd":"STOP","condition":"map.arenaClosed && !map.allDone","collType":"BLOCK","wallZHeight":64,"mapId":35}},{"type":"TouchTrigger","x":144,"y":304,"level":0,"settings":{"name":"","size":{"x":32,"y":128},"type":"SET_TRUE","zHeight":64,"reactToParty":false,"variable":"map.closeArena","mapId":36}},{"type":"EventTrigger","x":-16,"y":336,"level":0,"settings":{"name":"wave3","eventType":"PARALLEL","endCondition":"map.wave >= 3","event":[{"name":"info","type":"REMOVE_GUI"},{"ignoreSlowDown":false,"time":1,"type":"WAIT"},{"pos":{"x":328,"y":368},"speed":"FAST","transition":"EASE_IN_OUT","wait":true,"waitSkip":0.1,"zoom":1,"type":"SET_CAMERA_POS"},{"changeType":"set","varName":"map.wave","value":3,"type":"CHANGE_VAR_NUMBER"},{"ignoreSlowDown":false,"time":0.4,"type":"WAIT"},{"target":{"player":true},"type":"SET_SCREEN_ENEMY_TARGET"},{"effectType":"LAST_ENEMY_ZOOM","type":"SET_FINAL_DRAMATIC_EFFECT"},{"speed":"FAST","transition":"EASE_OUT","wait":false,"waitSkip":0,"type":"RESET_CAMERA"}],"triggerType":"ALWAYS","startCondition":"map.wave2Post","mapId":37}},{"type":"NPC","x":16,"y":340,"level":0,"settings":{"name":"carla","characterName":"main.carla","npcStates":[{"position":{"x":64,"y":520,"lvl":"0"},"reactType":"PUSHABLE","face":"NORTH","action":[],"hidden":true,"door":{"global":true,"name":"startDoor"},"condition":"  ","config":"glassOn","event":[]},{"position":{"x":24,"y":348,"lvl":"0"},"reactType":"FIXED_POS","face":"EAST","action":[{"anim":"foldedGlass","wait":true,"viaWalkConfig":false,"type":"SHOW_ANIMATION","followUp":null}],"hidden":false,"condition":"plot.line >= 50","config":"glassOn","event":[{"side":"LEFT","order":0,"clearSide":false,"person":{"person":"main.carla","expression":"GLASS_UP_COOL"},"type":"ADD_MSG_PERSON"},{"side":"RIGHT","order":0,"clearSide":false,"person":{"person":"main.lea","expression":"DEFAULT"},"type":"ADD_MSG_PERSON"},{"message":{"de_DE":"Steig in den Ring, um dein Kampftraining zu beginnen.","en_US":"Enter that arena there to start the lil' sparring session.","langUid":3,"fr_FR":"","zh_CN":"Şu arenaya gir, küçük dövüş seansını başlatmak için.","ja_JP":"\u305d\u3053\u306e\u30a2\u30ea\u30fc\u30ca\u306b\u5165\u3063\u305f\u3089\u3001\u3061\u3087\u3063\u3068\u3057\u305f\u30b9\u30d1\u30fc\u30ea\u30f3\u30b0\u3092\u306f\u3058\u3081\u308b\u3088\u3002","ko_KR":"\uc800\ucabd\uc758 \uacbd\uae30\uc7a5\uc5d0 \ub4e4\uc5b4\uac00\uc11c \uc2a4\ud30c\ub9c1\uc744 \uc2dc\uc791\ud558\uc790.","zh_TW":"\u9032\u5165\u90a3\u908a\u90a3\u500b\u7adf\u6280\u5834\uff0c\u4f86\u5834\u5c0f\u5c0f\u7684\u5c0d\u6253\u5427\u3002"},"autoContinue":false,"person":{"person":"main.carla","expression":"GLASS_GRIN"},"type":"SHOW_MSG"}]},{"position":{"x":108,"y":348,"lvl":"0"},"reactType":"FIXED_POS","face":"EAST","action":[{"target":{"x":108,"y":332},"precise":false,"type":"MOVE_TO_POINT"},{"face":"EAST","rotate":true,"type":"SET_FACE"},{"time":2,"type":"WAIT"},{"target":{"x":108,"y":372},"precise":false,"type":"MOVE_TO_POINT"},{"face":"EAST","rotate":true,"type":"SET_FACE"},{"time":2,"type":"WAIT"},{"target":{"x":108,"y":392},"precise":false,"type":"MOVE_TO_POINT"},{"face":"EAST","rotate":true,"type":"SET_FACE"},{"time":1,"type":"WAIT"}],"hidden":false,"condition":"plot.line >= 51","config":"glassOn","event":[]},{"position":{"x":644,"y":552,"lvl":"0"},"reactType":"FIXED_POS","face":"SOUTH","action":[{"anim":"foldedGlass","wait":true,"viaWalkConfig":false,"type":"SHOW_ANIMATION","followUp":null}],"hidden":false,"condition":"plot.line >= 52","config":"glassOn","event":[{"side":"LEFT","order":0,"clearSide":false,"person":{"person":"main.carla","expression":"GLASS_UP_GRIN"},"type":"ADD_MSG_PERSON"},{"side":"RIGHT","order":0,"clearSide":false,"person":{"person":"main.lea","expression":"DEFAULT"},"type":"ADD_MSG_PERSON"},{"message":{"de_DE":"Wenne diesen Raum mochtest, wirste den n\u00e4chsten lieben, glaub mir!","en_US":"If you liked this room, you're gonna love the next one, trust me!","langUid":4,"fr_FR":"","zh_CN":"Bu odayı beğendiysen, bir sonrakine bayılacaksın, bana güven!","ja_JP":"\u3053\u3044\u3064\u304c\u6c17\u306b\u5165\u3063\u305f\u3093\u306a\u3089\u3001\n\u6b21\u306e\u3084\u3064\u3082\u7d76\u5bfe\u6c17\u306b\u5165\u308b\u3088\uff01","ko_KR":"\ub124\uac00 \uc774 \ubc29\uc744 \ub9c8\uc74c\uc5d0 \ub4e4\uc5b4 \ud588\ub2e4\uba74, \ub2e4\uc74c \ubc29\ub3c4 \ub9c8\uc74c\uc5d0 \ub4e4 \uac70\uc57c. \ub0a0 \ubbff\uc5b4!","zh_TW":"\u5982\u679c\u4f60\u559c\u6b61\u9019\u500b\u623f\u9593\u7684\u8a71\uff0c\u90a3\u4f60\u80af\u5b9a\u4e5f\u6703\u559c\u6b61\u4e0b\u4e00\u500b\u7684\uff0c\u76f8\u4fe1\u6211\uff01"},"autoContinue":false,"person":{"person":"main.carla","expression":"GLASS_GRIN"},"type":"SHOW_MSG"}]},{"position":{"x":672,"y":552,"lvl":"0"},"reactType":"FIXED_POS","face":"NORTH","action":[],"hidden":true,"door":{"global":true,"name":"endDoor"},"condition":"plot.line >= 53","config":"glassOn","event":[]},{"position":{"x":696,"y":552,"lvl":"0"},"reactType":"PUSHABLE","face":"NORTH","action":[{"entity":{"player":true},"maxTime":5,"distance":48,"ignoreBelow":64,"stayBehind":false,"type":"NAVIGATE_TO_ENTITY"}],"hidden":false,"condition":"plot.line >= 700","config":"glassOnRunning","event":[]},{"position":{"x":696,"y":552,"lvl":"0"},"reactType":"PUSHABLE","face":"NORTH","action":[],"hidden":true,"condition":"plot.line >= 15000","config":"glassOnRunning","event":[]}],"mapId":38}},{"type":"EnemyCounter","x":312,"y":356,"level":0,"settings":{"name":"","enemyGroup":"wave3","enemyCount":3,"preVariable":"map.wave3Pre","postVariable":"map.wave3Post","mapId":39}},{"type":"Enemy","x":312,"y":360,"level":0,"settings":{"name":"","enemyInfo":{"type":"simple-bot","group":"wave1","attribs":{}},"spawnCondition":"map.wave = 1","mapId":40}},{"type":"Enemy","x":328,"y":360,"level":0,"settings":{"name":"","enemyInfo":{"type":"simple-bot","group":"wave3","attribs":{}},"spawnCondition":"map.wave = 3","mapId":41}},{"type":"GlowingLine","x":240,"y":368,"level":0,"settings":{"name":"","size":{"x":72,"y":8},"condition":"map.wave3Post","mapId":42}},{"type":"EventTrigger","x":-16,"y":368,"level":0,"settings":{"name":"allDone","eventType":"PARALLEL","endCondition":"plot.line >= 52","event":[{"name":"info","type":"REMOVE_GUI"},{"name":"task","type":"REMOVE_GUI"},{"varName":"map.wave","changeType":"set","value":4,"type":"CHANGE_VAR_NUMBER"},{"eventCall":{"path":"puzzle","name":"focusEnemyCounter","input":{"counterPos":{"x":328,"y":368},"targetPos":{"x":532,"y":368},"postCondition":"map.wave3Pos","variable":"map.allDone"}},"type":"CALL_EVENT_FROM_SHEET"},{"varName":"plot.line","changeType":"set","value":52,"type":"CHANGE_VAR_NUMBER"},{"value":false,"type":"SET_FORCE_COMBAT"},{"person":{"person":"main.carla","expression":"GLASS_GRIN"},"message":{"de_DE":"Jaaa!!\\. Sauber!\\. Du hast nicht \u00fcbertrieben Sergey, sie hat das K\u00e4mpfen wirklich drauf.","en_US":"Yes!!\\. That was awesome, girl!\\. Sergey, you weren't kidding! She's really got a knack for battling.","langUid":5,"fr_FR":"","zh_CN":"Evet!!\\. Harikaydı, kızım!\\. Sergey, şaka yapmıyormuşsun! Gerçekten dövüş konusunda yetenekliymiş.","ja_JP":"\u304a\u304a\u3063\uff01\\.\u30a2\u30f3\u30bf\u3001\u3084\u308b\u306d\u3048\uff01\\.\u30bb\u30eb\u30b2\u30a4\u3001\n\u3053\u3044\u3064\u306f\u6226\u95d8\u304c\u5f97\u610f\u3060\u3063\u3066\u306e\u306f\u672c\u5f53\u307f\u305f\u3044\u3060\u306d\u3002<<A<<[CHANGED 2018\/03\/14]","ko_KR":"\uc88b\uc544!!\\. \uc815\ub9d0 \uba4b\uc84c\uc5b4!\\. \uc138\ub974\uac8c\uc774, \ub18d\ub2f4\uc774 \uc544\ub2c8\uc5c8\uad6c\ub098! \uc815\ub9d0 \uc2f8\uc6c0\uc5d0 \uc18c\uc9c8\uc774 \uc788\ub294\uac78.<<A<<[CHANGED 2018\/03\/14]","zh_TW":"\u8036\uff01\uff01\\.\u592a\u53b2\u5bb3\u4e86\uff0c\u7f8e\u5973\uff01\\.\u8b1d\u723e\u84cb\uff0c\u4f60\u662f\u5c0d\u7684\uff01\u5979\u7c21\u76f4\u662f\u5929\u751f\u7684\u6230\u58eb\u3002<<A<<[CHANGED 2018\/03\/14]"},"type":"SHOW_SIDE_MSG"},{"person":{"person":"main.sergey","expression":"EYES_CLOSED"},"message":{"de_DE":"Ja, das weckt wirklich Erinnerungen...","en_US":"Yeah, that sure takes me back.","langUid":6,"fr_FR":"","zh_CN":"Evet, bu beni gerçekten geçmişe götürdü.","ja_JP":"\u3042\u3042\u3001\u3042\u306e\u3053\u308d\u3092\u601d\u3044\u51fa\u3059\u3088\u3002","ko_KR":"\uadf8\ub798, \uc61b\ub0a0 \uc0dd\uac01\ub098\ub124.","zh_TW":"\u662f\u554a\uff0c\u8b93\u6211\u60f3\u8d77\u4e86\u67d0\u4eba\u3002"},"type":"SHOW_SIDE_MSG"},{"person":{"person":"main.lea","expression":"ANNOYED"},"message":{"de_DE":"...???","en_US":"...???","langUid":7,"fr_FR":"","zh_CN":"...???","ja_JP":"...\uff1f\uff1f\uff1f","ko_KR":"...???","zh_TW":"\u2026\uff1f\uff1f\uff1f"},"type":"SHOW_SIDE_MSG"}],"triggerType":"ALWAYS","startCondition":"map.wave3Pre","mapId":43}},{"type":"GlowingLine","x":344,"y":368,"level":0,"settings":{"name":"","size":{"x":72,"y":8},"condition":"map.wave3Post","mapId":44}},{"type":"GlowingLine","x":144,"y":368,"level":0,"settings":{"name":"","size":{"x":88,"y":8},"condition":"map.wave1Post && map.wave2Post && map.wave3Post","mapId":45}},{"type":"GlowingLine","x":424,"y":368,"level":0,"settings":{"name":"","size":{"x":88,"y":8},"condition":"map.wave1Post && map.wave2Post && map.wave3Post","mapId":46}},{"type":"GlowingLine","x":232,"y":376,"level":0,"settings":{"name":"","size":{"x":8,"y":72},"condition":"map.wave2Post","mapId":47}},{"type":"GlowingLine","x":416,"y":376,"level":0,"settings":{"name":"","size":{"x":8,"y":72},"condition":"map.wave2Post","mapId":48}},{"type":"TouchTrigger","x":16,"y":388,"level":0,"settings":{"name":"","size":{"x":96,"y":44},"type":"SET_TRUE","zHeight":64,"reactToParty":false,"variable":"map.carlaEnter","mapId":49}},{"type":"Prop","x":608,"y":424,"level":0,"settings":{"name":"","propType":{"sheet":"cargo-hold","name":"cargo-box2"},"mapId":50}},{"type":"EventTrigger","x":-16,"y":428,"level":0,"settings":{"name":"CarlaEnter","eventType":"CUTSCENE","endCondition":"plot.line >= 50","event":[{"changeType":"set","varName":"plot.line","value":50,"type":"CHANGE_VAR_NUMBER"},{"entity":{"player":true},"action":[{"value":0.5,"type":"SET_RELATIVE_SPEED"},{"target":{"x":64,"y":376},"precise":true,"type":"MOVE_TO_POINT"},{"face":"SOUTH","rotate":true,"type":"SET_FACE"}],"repeating":false,"wait":false,"keepState":false,"immediately":false,"type":"DO_ACTION"},{"ignoreSlowDown":false,"time":0.1,"type":"WAIT"},{"entity":{"global":true,"name":"carla"},"action":[{"target":{"x":64,"y":420},"precise":true,"type":"MOVE_TO_POINT"},{"face":"NORTH","rotate":true,"type":"SET_FACE"}],"repeating":false,"wait":false,"keepState":false,"immediately":false,"type":"DO_ACTION"},{"ignoreSlowDown":false,"time":0.3,"type":"WAIT"},{"side":"LEFT","order":0,"clearSide":false,"person":{"person":"main.carla","expression":"GLASS_ANGRY"},"type":"ADD_MSG_PERSON"},{"side":"RIGHT","order":0,"clearSide":false,"person":{"person":"main.lea","expression":"SURPRISED_TOWARD"},"type":"ADD_MSG_PERSON"},{"message":{"de_DE":"Hey! Nich' so voreilig!","en_US":"Whoa, slow down there, girl!","langUid":8,"fr_FR":"","zh_CN":"Vay, yavaş ol biraz, kızım!","ja_JP":"\u304a\u3063\u3068\u3001\u3061\u3087\u3063\u3068\u5f85\u3063\u305f\uff01","ko_KR":"\uc6cc\uc6cc, \ucc9c\ucc9c\ud788 \uc880 \uac00!","zh_TW":"\u54c7\u54e6\uff0c\u6162\u9ede\uff0c\u7f8e\u5973\uff01"},"autoContinue":false,"person":{"person":"main.carla","expression":"GLASS_ANGRY"},"type":"SHOW_MSG"},{"person":{"person":"main.lea","expression":"DEFAULT"},"type":"SET_MSG_EXPRESSION"},{"message":{"de_DE":"Zuerst 'ne kleine Warnung:\\. Hier kriegste's jetzt mit \"echten\" Gegnern zu tun!","en_US":"Just a short warning.\\. Here you'll meet your first \"real\" enemies.","langUid":9,"fr_FR":"","zh_CN":"Kısa bir uyarı\\. Burada ilk \"gerçek\" düşmanlarınla karşılaşacaksın.","ja_JP":"\u3072\u3068\u3064\u8a00\u3063\u3066\u304a\u304f\u3088\u3002\\.\u4eca\u5ea6\u306f\u300c\u672c\u7269\u300d\u306e\u6575\u304c\u76f8\u624b\u3060\u3002","ko_KR":"\ud55c \uac00\uc9c0 \uc54c\uc544\ub46c.\\. \uc5ec\uae30\uc5d0\uc11c \ucc98\uc74c\uc73c\ub85c \"\uc9c4\uc9dc\" \uc801\uc744 \ub9cc\ub098\uac8c \ub420 \uac70\uc57c.","zh_TW":"\u7d66\u4f60\u500b\u7c21\u77ed\u7684\u8b66\u544a\u3002\\.\u5728\u9019\u88e1\u4f60\u6703\u9047\u5230\u7b2c\u4e00\u6279\u771f\u6b63\u7684\u201c\u6575\u4eba\u201d\u3002"},"autoContinue":false,"person":{"person":"main.carla","expression":"GLASS_GRIN"},"type":"SHOW_MSG"},{"message":{"de_DE":"Und mit \"echt\" mein' ich, dass sie dich wirklich angreifen werden.","en_US":"And by \"real\" I mean those things will, in fact, attack you.","langUid":10,"fr_FR":"","zh_CN":"Ve \"gerçek\" derken kastettiğim, bu şeylerin gerçekten sana saldıracak olması.","ja_JP":"\u300c\u672c\u7269\u300d\u3063\u3066\u306e\u306f\u3064\u307e\u308a\u3001\n\u5974\u3089\u306f\u30a2\u30f3\u30bf\u3092\u653b\u6483\u3057\u3066\u304f\u308b\u306e\u3055\u3002","ko_KR":"\"\uc9c4\uc9dc\"\ub77c\ub294 \ub9d0\uc758 \ub73b\uc740 \uadf8\uac8c \ub108\ub97c \uacf5\uaca9\ud560 \uac70\ub77c\ub294 \ub73b\uc774\uc9c0.","zh_TW":"\u6211\u8aaa\u7684\u201c\u771f\u6b63\u7684\u201d\uff0c\u610f\u601d\u662f\u90a3\u4e9b\u50a2\u4f19\u6703\u771f\u7684\u653b\u64ca\u4f60\u3002"},"autoContinue":false,"person":{"person":"main.carla","expression":"GLASS_WHISTLING"},"type":"SHOW_MSG"},{"message":{"de_DE":"...?","en_US":"...?","langUid":11,"fr_FR":"","zh_CN":"...?","ja_JP":"...\uff1f","ko_KR":"...?","zh_TW":"\u2026\uff1f"},"autoContinue":false,"person":{"person":"main.lea","expression":"SURPRISED"},"type":"SHOW_MSG"},{"withElse":true,"type":"IF","condition":"newgame.sergey-hax || (player.level >= 30 && !newgame.scale-enemies)","thenStep":[{"message":{"en_US":"Not that it's \\c[3]likely\\c[0] they'll get the chance with the amount of damage you deal, but anyway...","de_DE":"Wobei sie bei deinem Schaden wahrscheinlich nicht mal die \\c[3]Gelegenheit\\c[0] dazu haben werden...","zh_CN":"Verdiğin hasar miktarıyla \\c[3]bunun\\c[0] pek mümkün olduğunu söyleyemem ama neyse...","ja_JP":"\u307e\u3042\u3001\\c[3]\u305f\u3076\u3093\\c[0]\u5974\u3089\u304c\u30a2\u30f3\u30bf\u306b\u305d\u308c\u3060\u3051\u306e\n\u30c0\u30e1\u30fc\u30b8\u3092\u4e0e\u3048\u308b\u3053\u3068\u306f\u306a\u3044\u3060\u308d\u3046\u3051\u3069\u3001\n\u4e00\u5fdc\u8a00\u3063\u3066\u304a\u304f\u3068...<<A<<[CHANGED 2019\/08\/16]","ko_KR":"\ub124 \ub300\ubbf8\uc9c0\ub97c \ubcf4\ub2c8 \uc800\ub4e4\uc774 \uacf5\uaca9\ud560 \\c[3]\uae30\ud68c\\c[0]\ub97c \uac16\uc9c4 \ubabb\ud560 \uac83 \uac19\uc9c0\ub9cc, \ubb50 \uc554\ud2bc...<<A<<[CHANGED 2019\/08\/16]","langUid":23,"zh_TW":"\u8003\u616e\u5230\u4f60\u7684\u7834\u8868\u50b7\u5bb3\u4ed6\u5011\u4f30\u8a08\u6c92\u4ec0\u9ebc\u6a5f\u6703...<<A<<[CHANGED 2019\/08\/16]"},"autoContinue":false,"person":{"person":"main.carla","expression":"GLASS_IRRITATED"},"type":"SHOW_MSG"}],"elseStep":[{"message":{"de_DE":"Versteh mich nich' falsch!\\. Die Gegner hier sind Pillepalle, aber trotzdem...","en_US":"Don't get me wrong!\\. They're really easy, but still....","langUid":12,"fr_FR":"","zh_CN":"Beni yanlış anlama!\\. Gerçekten kolaylar ama yine de...","ja_JP":"\u52d8\u9055\u3044\u3057\u306a\u3044\u3067\u304a\u304f\u308c\u3088\uff01\n\\.\u305f\u3044\u3057\u305f\u3053\u3068\u306a\u3044\u6575\u3060\u3051\u3069...","ko_KR":"\uc544, \uc624\ud574\ud558\uc9c0\ub294 \ub9c8!\\. \uc0c1\ub300\ud558\uae30\ub294 \uc815\ub9d0 \uc27d\uac70\ub4e0. \ub2e4\ub9cc...","zh_TW":"\u5225\u60f3\u8907\u96dc\u4e86\uff01\\.\u5b83\u5011\u5176\u5be6\u5f88\u7c21\u55ae\u7684\uff0c\u9084\u6709\u2026"},"autoContinue":false,"person":{"person":"main.carla","expression":"GLASS_TOWARD"},"type":"SHOW_MSG"}]},{"message":{"de_DE":"Falls' doch besiegt werden solltest, starteste hier wieder von vorn.","en_US":"If you do get beat down, your respawn point is right in this room.","langUid":13,"fr_FR":"","zh_CN":"Eğer yere serilirsen, yeniden doğma noktan tam bu odada.","ja_JP":"\u3082\u3057\u3082\u30a2\u30f3\u30bf\u304c\u3084\u3089\u308c\u305f\u5834\u5408\u306f\u3001\n\u3053\u306e\u90e8\u5c4b\u3067\u5fa9\u6d3b\u3059\u308b\u304b\u3089\u306d\u3002","ko_KR":"\ub9cc\uc5d0 \ud558\ub098 \ub124\uac00 \uc4f0\ub7ec\uc9c0\uac8c \ub418\uba74 \ubc14\ub85c \uc774 \ubc29\uc774 \ub124 \ubd80\ud65c \uc9c0\uc810\uc774 \ub420 \uac70\uc57c.","zh_TW":"\u5982\u679c\u4f60\u88ab\u64ca\u6557\u7684\u8a71\uff0c\u4f60\u7684\u91cd\u751f\u9ede\u5c31\u5728\u9019\u500b\u623f\u9593\u88e1\u3002"},"autoContinue":false,"person":{"person":"main.carla","expression":"GLASS_SMILE"},"type":"SHOW_MSG"},{"message":{"de_DE":"...??","en_US":"...??","langUid":14,"fr_FR":"","zh_CN":"...??","ja_JP":"...\uff1f\uff1f","ko_KR":"...??","zh_TW":"\u2026\uff1f\uff1f"},"autoContinue":false,"person":{"person":"main.lea","expression":"NERVOUS"},"type":"SHOW_MSG"},{"message":{"de_DE":"\u00d6hm... Das hei\u00dft, dass du nich' wirklich in Gefahr bist!\\. Dann tret ihnen mal ordentlich in den Hintern!","en_US":"Uhm...\\. that means there's no real danger!\\. Go ahead and kick some ass!","langUid":15,"fr_FR":"","zh_CN":"Uhm...\\. yani gerçek bir tehlike yok!\\. Hadi git ve biraz dağıt ortalığı!","ja_JP":"\u3048\u30fc\u3063\u3068...\\.\u3064\u307e\u308a\u3001\u672c\u5f53\u306e\u610f\u5473\u3067\u5371\u967a\u3058\u3083\u306a\u3044\u3063\u3066\u3053\u3068\u3060\u3088\uff01\\.\u307b\u3089\u3001\u3055\u3063\u3055\u3068\u66b4\u308c\u3066\u304a\u3044\u3067\uff01","ko_KR":"\uc74c...\\. \uadf8 \ub9d0\uc740 \uc9c4\uc9dc \uc704\ud5d8\ud558\uc9c0\ub294 \uc54a\ub2e4\ub294 \uac70\uc9c0!\\. \uac00\uc11c \ud55c \ubc29 \ub0a0\ub824\uc8fc\uace0 \uc640!","zh_TW":"\u55ef\u2026\\.\u4e5f\u5c31\u662f\u8aaa\u6c92\u6709\u771f\u6b63\u7684\u5371\u96aa\uff01\\.\u5feb\u9ede\u53bb\u66b4\u6253\u6575\u4eba\u5427\uff01"},"autoContinue":false,"person":{"person":"main.carla","expression":"GLASS_GRIN"},"type":"SHOW_MSG"},{"side":"LEFT","order":5,"clearSide":false,"person":{"person":"main.sergey","expression":"WHISTLING"},"type":"ADD_MSG_PERSON"},{"core":"DASH","value":true,"type":"SET_PLAYER_CORE"},{"message":{"de_DE":"Ah, einen Moment noch!\\. Lass mich das Dashmodul aktivieren, bevor wir den Kampf starten.","en_US":"Ah, just a moment!\\. Let me enable the dash module before we start the battle.","langUid":16,"fr_FR":"","zh_CN":"\\Ah, bir saniye!\\. Savaşa başlamadan önce hızlı hareket modülünü etkinleştireyim.","ja_JP":"\u304a\u3063\u3068\u3001\u5f85\u3063\u3066\u304f\u308c\uff01\\.\u6226\u95d8\u3092\u306f\u3058\u3081\u308b\u524d\u306b\u3001\u30c0\u30c3\u30b7\u30e5\u30e2\u30b8\u30e5\u30fc\u30eb\u3092\u6709\u52b9\u306b\u3057\u3088\u3046\u3002","ko_KR":"\uc544, \uc7a0\uae50\ub9cc!\\. \uc804\ud22c\ub97c \uc2dc\uc791\ud558\uae30 \uc804\uc5d0 \ub300\uc2dc \ubaa8\ub4c8\uc744 \ucf1c\uc904\uac8c.","zh_TW":"\u554a\uff0c\u5148\u7b49\u4e00\u4e0b\uff01\u5728\u958b\u59cb\u6230\u9b25\u4e4b\u524d\uff0c\u6211\u5148\u7d66\u4f60\u958b\u555f\u885d\u523a\u6a21\u584a\u3002"},"autoContinue":false,"person":{"person":"main.sergey","expression":"WHISTLING"},"type":"SHOW_MSG"},{"msgType":"ACTIVATED","object":{"de_DE":"\\i[tech]Dash","en_US":"\\i[tech]Dash","langUid":17,"fr_FR":"","zh_CN":"\\i[tech]Hızlı Hamle","ja_JP":"\\i[tech]\u30c0\u30c3\u30b7\u30e5","ko_KR":"\\i[tech]\ub300\uc2dc","zh_TW":"\\i[tech]\u885d\u523a"},"type":"SHOW_GET_MSG"},{"message":{"de_DE":"...!","en_US":"...!","langUid":18,"fr_FR":"","zh_CN":"...!","ja_JP":"...\uff01","ko_KR":"...!","zh_TW":"\u2026\uff01"},"autoContinue":false,"person":{"person":"main.lea","expression":"ASTONISHED"},"type":"SHOW_MSG"},{"message":{"de_DE":"Dashen ist essentiell im Kampf.\\. Es hilft dir, jederzeit gegnerischen Angriffen auszuweichen.","en_US":"Dash is essential in battle, since it helps you to quickly dodge enemy attacks at any time.","langUid":19,"fr_FR":"","zh_CN":"Savaşta hızlı hamle çok önemlidir, çünkü düşman saldırılarından her an hızlıca kaçmana yardımcı olur.","ja_JP":"\u30c0\u30c3\u30b7\u30e5\u306f\u6226\u95d8\u306e\u8981\u3060\u3002\u3053\u308c\u304c\u3042\u308c\u3070\u3001\u6575\u306e\u653b\u6483\u3092\u3044\u3064\u3067\u3082\u3059\u3070\u3084\u304f\u56de\u907f\u3067\u304d\u308b\u3088\u3046\u306b\u306a\u308b\u3002","ko_KR":"\ub300\uc2dc\ub294 \uc804\ud22c\uc5d0 \uaf2d \ud544\uc694\ud574. \uc5b8\uc81c\ub4e0\uc9c0 \uc801\uc758 \uacf5\uaca9\uc744 \ube60\ub974\uac8c \ud53c\ud560 \uc218 \uc788\uac8c \ub3c4\uc640\uc8fc\uac70\ub4e0.","zh_TW":"\u885d\u523a\u5728\u6230\u9b25\u4e2d\u975e\u5e38\u91cd\u8981\uff0c\u56e0\u70ba\u5728\u4efb\u4f55\u6642\u5019\uff0c\u5b83\u90fd\u80fd\u5920\u5e6b\u52a9\u5feb\u901f\u9583\u907f\u6575\u4eba\u7684\u653b\u64ca\u3002"},"autoContinue":false,"person":{"person":"main.sergey","expression":"AWAY"},"type":"SHOW_MSG"},{"message":{"de_DE":"Du hast ihn geh\u00f6rt!\\. Geh hier rechts durch und verteil mal 'n paar Tritte in den Hintern!","en_US":"Right he is!\\. Now please enter to the right in order to proceed with the ass kicking.","langUid":20,"fr_FR":"","zh_CN":"Tam da öyle!\\. Şimdi, dağıtmaya devam etmek için lütfen sağ taraftan gir.","ja_JP":"\u305d\u306e\u3068\u304a\u308a\uff01\\.\u3055\u3042\u3001\u53f3\u5074\u306b\u5165\u3063\u3066\u304a\u304f\u308c\u3002\n\u3072\u3068\u66b4\u308c\u306f\u3058\u3081\u3088\u3046\u3058\u3083\u306a\u3044\u304b\u3002","ko_KR":"\uadf8 \ub9d0\uc774 \ub9de\uc544!\\. \uc790, \uc774\uc81c \uc624\ub978\ucabd\uc73c\ub85c \ub4e4\uc5b4\uac00\uc11c \uc2e0\ub098\uac8c \ub180\uc544\ubcf4\ub77c\uace0.","zh_TW":"\u4ed6\u8aaa\u5f97\u5c0d\uff01\\.\u73fe\u5728\u8acb\u9032\u5165\u53f3\u908a\u7684\u623f\u9593\u53bb\u5927\u4e82\u9b25\u5427\u3002"},"autoContinue":false,"person":{"person":"main.carla","expression":"GLASS_UP_GRIN"},"type":"SHOW_MSG"},{"changeType":"set","varName":"playerVar.statusHidden","value":false,"type":"CHANGE_VAR_BOOL"},{"npc":{"global":true,"name":"carla"},"type":"RESET_NPC"},{"name":"info","guiInfo":{"type":"Information","settings":{"text":{"de_DE":"Dr\u00fccke \\i[dash], w\u00e4hrend du dich bewegst, um auszuweichen - bis zu drei Mal hintereinander! Das funktioniert auch, w\u00e4hrend du zielst!","en_US":"Press \\i[dash] while moving to dash, though only up to 3 times in a row. You can dash at any time, even while aiming.","langUid":21,"fr_FR":"","zh_CN":"Hareket halindeyken \\i[dash] tuşuna basarak hızlı hamle yapabilirsin, ancak arka arkaya en fazla 3 kez. Nişan alırken bile istediğin zaman hızlı hamle yapabilirsin.","ja_JP":"\u79fb\u52d5\u4e2d\u306b\\i[dash]\u3092\u62bc\u3059\u3068\u30c0\u30c3\u30b7\u30e5\u3067\u304d\u30013\u56de\u307e\u3067\u9023\u7d9a\u3057\u3066\u30c0\u30c3\u30b7\u30e5\u3067\u304d\u307e\u3059\u3002\u72d9\u3044\u3092\u3064\u3051\u306a\u304c\u3089\u30c0\u30c3\u30b7\u30e5\u3059\u308b\u3053\u3068\u3082\u53ef\u80fd\u3067\u3059\u3002","ko_KR":"\uc6c0\uc9c1\uc774\ub2e4\uac00 \ub300\uc2dc\ub97c \ud558\uace0 \uc2f6\uc73c\uba74 \\i[dash]\ub97c \ub204\ub974\uc138\uc694. \ud55c \ubc88\uc5d0 3\ubc88 \uc5f0\uc18d\uc73c\ub85c \uc0ac\uc6a9\ud560 \uc218 \uc788\uc2b5\ub2c8\ub2e4. \uadf8\ub9ac\uace0 \ub300\uc2dc\ub294 \uc544\ubb34 \ub54c\ub098 \uc0ac\uc6a9\ud560 \uc218 \uc788\uc2b5\ub2c8\ub2e4. \ubb3c\ub860 \uc870\uc900\ud558\uace0 \uc788\uc744 \ub54c\ub3c4 \ub9c8\ucc2c\uac00\uc9c0\uc785\ub2c8\ub2e4.","zh_TW":"\u79fb\u52d5\u904e\u7a0b\u4e2d\u6309\\i[dash]\u885d\u523a\uff0c\u4f46\u6700\u591a\u53ea\u80fd\u9023\u7e8c\u885d\u523a3\u6b21\u3002\u4efb\u4f55\u6642\u5019\u4f60\u90fd\u53ef\u4ee5\u9032\u884c\u885d\u523a\uff0c\u54ea\u6015\u5728\u7784\u6e96\u6642\u4e5f\u53ef\u4ee5\u3002"},"altCondition":"false","altText":null}},"type":"ADD_GUI"}],"triggerType":"ALWAYS","startCondition":"map.carlaEnter","mapId":51}},{"type":"Prop","x":16,"y":436,"level":0,"settings":{"name":"","propType":{"sheet":"cargo-hold","name":"cargo-box2"},"mapId":52}},{"type":"EnemyCounter","x":312,"y":436,"level":0,"settings":{"name":"","enemyGroup":"wave2","enemyCount":2,"preVariable":"map.wave2Pre","postVariable":"map.wave2Post","mapId":53}},{"type":"Enemy","x":228,"y":440,"level":0,"settings":{"name":"","enemyInfo":{"type":"simple-bot","group":"wave3","attribs":{}},"spawnCondition":"map.wave = 3","mapId":54}},{"type":"Enemy","x":404,"y":444,"level":0,"settings":{"name":"","enemyInfo":{"type":"simple-bot","group":"wave2","attribs":{}},"spawnCondition":"map.wave = 2","mapId":55}},{"type":"GlowingLine","x":240,"y":448,"level":0,"settings":{"name":"","size":{"x":72,"y":8},"condition":"map.wave2Post","mapId":56}},{"type":"GlowingLine","x":344,"y":448,"level":0,"settings":{"name":"","size":{"x":72,"y":8},"condition":"map.wave2Post","mapId":57}},{"type":"Prop","x":144,"y":460,"level":0,"settings":{"name":"","propType":{"sheet":"cargo-hold","name":"cargo-box2"},"mapId":58}},{"type":"Marker","x":48,"y":496,"level":0,"settings":{"name":"start","dir":"NORTH","mapId":59}},{"type":"Door","x":48,"y":528,"level":0,"settings":{"name":"startDoor","condition":"","dir":"NORTH","map":"cargo-ship.room2","marker":"end","hideCondition":"","blockEventCondition":"","mapId":60}},{"type":"Door","x":656,"y":528,"level":0,"settings":{"name":"endDoor","doorType":"DEFAULT","dir":"SOUTH","blockEvent":[{"person":{"person":"main.carla","expression":"GLASS_ANGRY"},"side":"LEFT","order":0,"clearSide":false,"type":"ADD_MSG_PERSON"},{"person":{"person":"main.lea","expression":"SURPRISED_AWAY"},"side":"RIGHT","order":0,"clearSide":false,"type":"ADD_MSG_PERSON"},{"entity":{"global":true,"name":"carla"},"action":[{"entity":{"player":true},"rotate":true,"type":"SET_FACE_TO_ENTITY"}],"repeating":false,"wait":false,"keepState":false,"type":"DO_ACTION"},{"person":{"person":"main.carla","expression":"GLASS_ANGRY"},"message":{"de_DE":"Falsche Richtung, Lea!\\.\nWir m\u00fcssen den Teleporter erreichen!","en_US":"Wrong direction, girl.\\.\nGotta reach the teleporter!\n","langUid":22,"fr_FR":"","zh_CN":"Yanlış yön, kızım\\. Teleporta ulaşman lazım!","ja_JP":"\u3061\u3087\u3063\u3068\u3001\u305d\u3063\u3061\u3058\u3083\u306a\u3044\u3088\u3002\\.\u30c6\u30ec\u30dd\u30fc\u30bf\u30fc\u307e\u3067\u884c\u304b\u306a\u3044\u3068\uff01","ko_KR":"\uadf8\ucabd\uc774 \uc544\ub2c8\uc57c.\\.\n\ud154\ub808\ud3ec\ud130 \ucabd\uc73c\ub85c \uac00!","zh_TW":"\u65b9\u5411\u932f\u4e86\uff0c\u7f8e\u5973\u3002\\.\u5fc5\u9808\u5f97\u5230\u50b3\u9001\u9ede\u90a3\u88e1\u53bb\uff01"},"autoContinue":false,"type":"SHOW_MSG"},{"npc":{"global":true,"name":"carla"},"type":"RESET_NPC"}],"transitionType":"REGULAR","condition":"true","map":"cargo-ship.room5","marker":"start","hideCondition":"","blockEventCondition":"plot.line>= 700 && plot.line < 15000","mapId":61,"variation":""}},{"type":"Marker","x":656,"y":544,"level":0,"settings":{"name":"end","dir":"SOUTH","mapId":62}},{"type":"Prop","x":144,"y":544,"level":0,"settings":{"name":"","propType":{"sheet":"cargo-hold","name":"cargo-box2"},"mapId":63}},{"type":"Prop","x":464,"y":560,"level":0,"settings":{"name":"","propType":{"sheet":"cargo-hold","name":"cargo-box2"},"mapId":64}},{"type":"Prop","x":252,"y":576,"level":0,"settings":{"name":"","propType":{"sheet":"cargo-hold","name":"cargo-box1"},"mapId":65}},{"type":"Prop","x":144,"y":576,"level":0,"settings":{"name":"","propType":{"sheet":"cargo-hold","name":"cargo-box1"},"mapId":66}},{"type":"Prop","x":344,"y":576,"level":0,"settings":{"name":"","propType":{"sheet":"cargo-hold","name":"cargo-box1"},"mapId":67}},{"type":"Enemy","x":264,"y":200,"level":0,"settings":{"name":"shredder1","enemyInfo":{"group":"","party":"ENEMY","varIncrease":"tmp.shredderKill","targetOnSpawn":false,"type":"shredder","attribs":{}},"spawnCondition":"plot.line >= 700 && tmp.shreddersSpawned ","mapId":68}},{"type":"Enemy","x":244,"y":460,"level":0,"settings":{"name":"shredder2","enemyInfo":{"group":"","party":"ENEMY","varIncrease":"tmp.shredderKill","targetOnSpawn":false,"type":"shredder","attribs":{}},"spawnCondition":"plot.line >= 700 && tmp.shreddersSpawned2 ","mapId":69}},{"type":"EventTrigger","x":680,"y":296,"level":0,"settings":{"name":"ShreddersGo","eventType":"PARALLEL","endCondition":"tmp.shreddersSpawned || plot.line >= 15000 ","event":[{"alpha":0.3,"time":0.2,"lighter":true,"color":"#00fff6","type":"SET_OVERLAY"},{"changeType":"set","varName":"tmp.shreddersSpawned","value":true,"type":"CHANGE_VAR_BOOL"},{"ignoreSlowDown":false,"time":0.1,"type":"WAIT"},{"entity":{"global":true,"name":"shredder1"},"duration":0,"align":"BOTTOM","group":"","wait":false,"waitSkip":0,"effect":{"sheet":"scene.designer","name":"spawnShredder"},"offset":{"x":0,"y":0,"z":0},"type":"SHOW_EFFECT"},{"entity1":{"global":true,"name":"shredder1"},"entity2":{"player":true},"speed":"FASTER","transition":"EASE_IN_OUT","wait":true,"waitSkip":0,"zoom":1,"type":"SET_CAMERA_BETWEEN"},{"changeType":"set","varName":"tmp.shreddersSpawned2","value":true,"type":"CHANGE_VAR_BOOL"},{"ignoreSlowDown":false,"time":0.1,"type":"WAIT"},{"entity":{"global":true,"name":"shredder2"},"duration":0,"align":"BOTTOM","group":"","wait":false,"waitSkip":0,"effect":{"sheet":"scene.designer","name":"spawnShredder"},"offset":{"x":0,"y":0,"z":0},"type":"SHOW_EFFECT"},{"entity1":{"global":true,"name":"shredder2"},"entity2":{"player":true},"speed":"FASTER","transition":"EASE_IN_OUT","wait":true,"waitSkip":0,"zoom":1,"type":"SET_CAMERA_BETWEEN"},{"ignoreSlowDown":false,"time":0.1,"type":"WAIT"},{"alpha":0,"time":0.4,"lighter":true,"color":"#00fff6","type":"SET_OVERLAY"},{"ignoreSlowDown":false,"time":0.4,"type":"WAIT"},{"alpha":0,"time":0,"lighter":false,"color":"black","type":"SET_OVERLAY"},{"speed":"FAST","transition":"EASE_IN_OUT","wait":false,"waitSkip":0,"type":"RESET_CAMERA"}],"triggerType":"ALWAYS","startCondition":"plot.line >= 700 && tmp.shreddersStart","mapId":70}},{"type":"TouchTrigger","x":480,"y":280,"level":0,"settings":{"name":"","size":{"x":32,"y":180},"variable":"tmp.shreddersStart","type":"SET_TRUE","zHeight":"64","mapId":71}},{"type":"EventTrigger","x":-44,"y":468,"level":0,"settings":{"name":"defeatShredder","eventType":"PARALLEL","endCondition":"false","event":[{"message":{"en_US":"What is up with your damage?! We do not approve of this!!","langUid":64,"ja_JP":"\u305d\u306e\u30c0\u30e1\u30fc\u30b8\u91cf\u306f\u306a\u3093\u3060\uff1f\uff01\n\u305d\u3093\u306a\u3082\u306e\u306f\u627f\u8a8d\u3057\u3066\u3044\u306a\u3044\u305e\uff01\uff01<<A<<[CHANGED 2019\/08\/16]","zh_CN":"Bu hasar da ne böyle?! Biz bunu onaylamıyoruz!!","de_DE":"Was hast du mit deinem Schaden angestellt?! Das ist inakzeptabel!!","ko_KR":"\uc774 \ub300\ubbf8\uc9c0\ub294 \ubb50\uc9c0?! \uc6b0\ub9b0 \uc6a9\ub0a9\ud560 \uc218 \uc5c6\ub2e4!!<<A<<[CHANGED 2019\/08\/16]","zh_TW":"\u4f60\u9019\u50b7\u5bb3\u662f\u600e\u9ebc\u56de\u4e8b?! \u6211\u5011\u4e0d\u80fd\u8a8d\u540c!!<<A<<[CHANGED 2019\/08\/16]"},"type":"SHOW_SIDE_MSG","person":{"person":"antagonists.designer","expression":"DOWN_TALK_AR"}},{"message":{"en_US":"\\c[1]...!!\\c[0]","langUid":65,"ja_JP":"\\c[1]...\uff01\uff01\\c[0]<<A<<[CHANGED 2019\/08\/16]","zh_CN":"\\c[1]...!!\\c[0]","de_DE":"\\c[1]...!!\\c[0]","ko_KR":"\\c[1]...!!\\c[0]<<A<<[CHANGED 2019\/08\/16]","zh_TW":"\\c[1]...!!\\c[0]<<A<<[CHANGED 2019\/08\/16]"},"type":"SHOW_SIDE_MSG","person":{"person":"main.lea","expression":"INSANE"}}],"triggerType":"ONCE_PER_ENTRY","mapId":73,"startCondition":"tmp.shredderKill >= 1"}}],"layer":[{"id":0,"type":"Background","name":"ground","level":"0","width":47,"height":40,"visible":1,"tilesetName":"media\/map\/cargo-ship-inner.png","repeat":false,"distance":"1","tilesize":16,"moveSpeed":{"x":0,"y":0},"data":[[0,0,0,0,0,0,0,0,0,0,0,0,0,0,0,0,0,0,0,0,0,0,0,0,0,0,0,0,0,0,0,0,0,0,0,0,0,0,0,0,0,0,0,0,0,0,0],[0,0,0,0,0,0,0,0,0,0,0,0,0,0,0,0,0,0,0,0,0,0,0,0,0,0,0,0,0,0,0,0,0,0,0,0,0,0,0,0,0,0,0,0,0,0,0],[0,0,8,9,9,9,9,9,9,9,9,9,9,9,9,9,9,9,9,9,9,9,9,9,9,9,9,9,9,9,9,9,9,9,9,9,9,10,0,0,0,0,0,0,0,0,0],[0,8,40,13,41,41,14,41,41,13,41,41,14,41,41,13,41,41,41,14,41,41,41,13,41,41,14,41,41,41,13,41,41,14,41,41,15,42,10,0,0,0,0,0,0,0,0],[39,12,72,45,73,73,46,73,73,45,73,73,46,73,73,45,73,73,73,46,73,73,73,45,73,73,46,73,73,73,45,73,73,46,73,73,47,74,16,43,0,0,0,0,0,0,0],[71,44,104,77,105,105,78,131,132,77,105,105,78,105,105,77,105,105,105,78,105,105,105,77,105,105,78,105,105,105,77,105,131,132,105,105,79,106,48,75,0,0,0,0,0,0,0],[71,76,136,109,137,137,110,163,164,109,137,137,110,137,137,109,137,137,137,110,137,137,137,109,137,137,110,137,137,137,109,137,163,164,137,137,111,138,80,75,0,0,0,0,0,0,0],[71,108,168,141,169,169,142,195,196,257,258,169,142,169,169,141,169,169,169,142,169,169,169,141,169,169,355,356,357,358,359,360,195,196,169,169,143,170,112,75,0,0,0,0,0,0,0],[71,140,200,173,201,201,174,227,228,289,290,201,174,201,201,173,201,201,201,174,201,201,201,173,201,201,387,388,389,390,391,392,227,228,201,201,175,202,144,75,0,0,0,0,0,0,0],[71,172,236,3,3,33,33,259,260,321,322,3,3,3,3,3,3,3,3,3,3,3,3,3,3,3,419,420,421,422,423,424,259,260,3,3,33,240,176,75,0,0,0,0,0,0,0],[71,204,3,2,3,3,33,131,132,353,354,3,66,2,2,1,34,2,2,2,1,1,1,2,2,2,451,452,453,454,455,456,131,132,3,3,3,2,208,75,0,0,0,0,0,0,0],[296,33,2,2,2,3,3,163,164,385,386,3,34,1,1,1,1,1,2,34,34,34,1,1,1,1,3,3,3,3,2,3,163,164,3,3,2,2,2,267,0,0,0,0,0,0,0],[0,3,2,2,34,2,3,195,196,417,418,3,1,1,1,1,1,66,2,34,1,1,1,1,1,1,2,2,2,2,2,3,195,196,3,2,2,2,3,0,0,0,0,0,0,0,0],[0,3,2,66,1,34,3,227,228,449,450,3,1,1,1,1,66,2,3,34,1,1,1,1,1,1,1,1,1,1,34,3,227,228,3,2,1,2,3,0,0,0,0,0,0,0,0],[0,3,2,1,1,1,3,259,260,3,3,66,1,1,1,1,34,34,34,34,1,1,1,1,1,1,1,1,1,1,1,3,259,260,3,2,1,1,3,0,0,0,0,0,0,0,0],[0,3,2,1,1,1,3,291,292,3,1,1,1,1,1,1,1,1,2,1,1,1,1,1,1,1,1,1,1,1,2,3,291,292,3,2,1,1,3,0,0,0,0,0,0,0,0],[0,3,66,1,1,1,3,323,324,3,1,1,1,1,1,1,1,1,1,1,1,1,1,1,1,1,1,1,66,2,2,3,323,324,3,1,1,1,3,0,0,0,0,0,0,0,0],[0,2,34,1,1,1,3,417,418,3,1,1,1,1,1,1,1,1,1,1,1,1,1,1,1,1,1,1,2,66,2,3,417,418,3,1,1,1,3,0,0,0,0,0,0,0,0],[0,3,2,1,1,1,3,449,450,3,1,1,1,1,1,1,1,1,1,1,1,2,34,1,1,1,1,66,66,1,1,2,449,450,2,1,1,1,3,0,0,0,0,0,0,0,0],[0,3,2,1,1,1,34,3,3,66,1,1,1,1,1,1,1,1,1,1,1,1,34,34,1,1,1,1,1,1,1,34,2,2,66,1,1,1,3,0,0,0,0,0,0,0,0],[0,3,3,2,1,1,1,34,66,1,1,1,1,1,34,1,1,1,1,1,1,1,1,1,34,1,1,1,1,1,1,1,34,66,1,1,1,1,2,0,0,0,0,0,0,0,0],[0,3,2,2,1,1,66,1,1,1,1,1,1,34,2,34,1,1,1,1,1,1,1,1,1,1,1,1,1,1,1,1,1,1,1,1,1,1,2,0,0,0,0,0,0,0,0],[0,3,2,1,1,1,1,1,1,1,1,1,1,34,2,2,1,1,1,1,1,1,1,1,1,1,1,1,1,1,1,1,1,1,1,1,1,66,3,0,0,0,0,0,0,0,0],[0,2,2,1,1,1,1,131,132,1,1,1,1,1,2,2,2,1,1,1,1,1,1,1,1,1,1,1,1,1,1,1,131,132,1,1,1,2,3,0,0,0,0,0,0,0,0],[0,2,34,1,1,1,1,163,164,1,1,1,1,1,34,1,1,1,1,1,1,1,1,1,1,1,1,1,1,1,1,1,163,164,1,1,1,2,3,0,0,0,0,0,0,0,0],[0,2,1,1,1,1,1,195,196,1,1,1,1,1,1,1,1,1,1,1,1,1,1,1,1,1,1,1,1,1,1,66,195,196,34,1,1,2,3,0,0,0,0,0,0,0,0],[0,3,1,1,1,1,66,227,228,34,1,1,1,1,1,1,1,1,1,1,1,1,1,1,1,1,1,1,1,66,3,3,227,228,2,1,1,2,3,0,0,0,0,0,0,0,0],[0,3,1,1,1,1,3,259,260,3,1,1,1,1,1,1,1,1,1,1,1,1,1,1,34,34,1,1,66,3,3,3,259,260,3,1,1,2,3,9,9,9,9,9,9,43,0],[0,3,1,1,1,1,3,131,132,3,1,1,1,1,1,1,1,1,1,1,1,1,1,1,34,1,34,34,2,2,3,3,131,132,3,34,1,1,3,13,41,41,41,41,15,75,0],[0,3,1,1,1,1,3,163,164,3,34,1,1,1,1,1,34,34,1,1,1,1,1,1,1,1,1,34,1,2,2,3,163,164,3,2,1,2,2,45,73,73,73,73,47,75,0],[0,3,34,1,1,66,3,195,196,3,34,1,1,1,1,34,2,2,2,1,1,1,1,1,1,1,1,1,34,2,257,258,195,196,3,2,1,2,3,77,105,105,105,105,79,75,0],[0,3,3,34,66,3,3,227,228,3,34,34,1,1,1,1,1,1,1,1,1,1,1,1,1,1,1,1,1,3,289,290,227,228,3,2,1,1,3,109,137,137,137,137,111,75,0],[0,3,3,3,3,3,3,259,260,3,1,1,1,1,1,1,2,2,1,1,1,1,1,1,1,1,1,1,1,3,321,322,259,260,3,2,1,1,2,141,169,0,0,169,143,75,0],[0,297,297,297,297,297,297,291,292,3,1,1,1,1,1,1,1,1,1,1,1,1,1,1,1,1,1,1,1,3,353,354,291,292,3,1,1,1,3,173,201,193,194,201,175,75,0],[0,0,0,0,0,0,0,323,324,3,2,34,1,1,1,1,1,1,1,1,1,1,1,66,66,1,1,1,66,3,385,386,323,324,3,1,1,1,34,2,66,1,1,3,3,267,0],[0,0,0,0,0,0,0,417,418,3,2,2,2,34,34,1,1,1,1,1,1,1,2,2,2,34,34,34,34,3,417,418,417,418,3,2,1,1,1,1,1,1,1,3,272,0,0],[0,0,0,0,0,0,0,449,450,3,3,3,3,3,3,3,3,3,3,3,3,3,3,3,3,3,3,3,3,3,449,450,449,450,3,3,3,2,2,2,2,2,3,272,298,0,0],[0,0,0,0,0,0,0,297,297,297,297,297,297,297,297,297,297,297,297,297,297,297,297,297,297,297,297,297,297,297,297,297,297,297,297,297,297,297,297,297,297,297,297,298,0,0,0],[0,0,0,0,0,0,0,0,0,0,0,0,0,0,0,0,0,0,0,0,0,0,0,0,0,0,0,0,0,0,0,0,0,0,0,0,0,0,0,0,0,0,0,0,0,0,0],[0,0,0,0,0,0,0,0,0,0,0,0,0,0,0,0,0,0,0,0,0,0,0,0,0,0,0,0,0,0,0,0,0,0,0,0,0,0,0,0,0,0,0,0,0,0,0]]},{"id":1,"type":"Collision","name":"collision","level":"0","width":47,"height":40,"visible":1,"tilesetName":"media\/map\/collisiontiles-16x16.png","repeat":false,"distance":"1","tilesize":16,"moveSpeed":{"x":0,"y":0},"data":[[0,0,0,0,0,0,0,0,0,0,0,0,0,0,0,0,0,0,0,0,0,0,0,0,0,0,0,0,0,0,0,0,0,0,0,0,0,0,0,0,0,0,0,0,0,0,0],[0,0,0,0,0,0,0,0,0,0,0,0,0,0,0,0,0,0,0,0,0,0,0,0,0,0,0,0,0,0,0,0,0,0,0,0,0,0,0,0,0,0,0,0,0,0,0],[0,0,0,0,0,0,0,0,0,0,0,0,0,0,0,0,0,0,0,0,0,0,0,0,0,0,0,0,0,0,0,0,0,0,0,0,0,0,0,0,0,0,0,0,0,0,0],[0,0,0,0,0,0,0,0,0,0,0,0,0,0,0,0,0,0,0,0,0,0,0,0,0,0,0,0,0,0,0,0,0,0,0,0,0,0,0,0,0,0,0,0,0,0,0],[0,0,0,0,0,0,0,0,0,0,0,0,0,0,0,0,0,0,0,0,0,0,0,0,0,0,0,0,0,0,0,0,0,0,0,0,0,0,0,0,0,0,0,0,0,0,0],[0,0,0,0,0,0,0,0,0,0,0,0,0,0,0,0,0,0,0,0,0,0,0,0,0,0,0,0,0,0,0,0,0,0,0,0,0,0,0,0,0,0,0,0,0,0,0],[0,0,0,0,0,0,0,0,0,0,0,0,0,0,0,0,0,0,0,0,0,0,0,0,0,0,0,0,0,0,0,0,0,0,0,0,0,0,0,0,0,0,0,0,0,0,0],[0,0,0,0,0,0,0,0,0,0,0,0,0,0,0,0,0,0,0,0,0,0,0,0,0,0,0,0,0,0,0,0,0,0,0,0,0,0,0,0,0,0,0,0,0,0,0],[0,0,0,2,2,2,2,2,2,2,2,2,2,2,2,2,2,2,2,2,2,2,2,2,2,2,2,2,2,2,2,2,2,2,2,2,2,0,0,0,0,0,0,0,0,0,0],[0,0,9,0,0,0,0,2,2,2,2,0,0,0,0,0,0,0,0,0,0,0,0,0,0,0,2,2,2,2,2,2,2,2,0,0,0,10,0,0,0,0,0,0,0,0,0],[0,9,0,0,0,0,0,2,2,2,2,0,0,0,0,0,0,0,0,0,0,0,0,0,0,0,2,2,2,2,2,2,2,2,0,0,0,0,10,0,0,0,0,0,0,0,0],[2,0,0,0,0,0,0,2,2,2,2,0,0,0,0,0,0,0,0,0,0,0,0,0,0,0,0,0,0,0,0,0,2,2,0,0,0,0,0,2,0,0,0,0,0,0,0],[2,0,0,0,0,0,0,2,2,2,2,0,0,0,0,0,0,0,0,0,0,0,0,0,0,0,0,0,0,0,0,0,2,2,0,0,0,0,0,2,0,0,0,0,0,0,0],[2,0,0,0,0,0,0,2,2,2,2,0,0,0,0,0,0,0,0,0,0,0,0,0,0,0,0,0,0,0,0,0,2,2,0,0,0,0,0,2,0,0,0,0,0,0,0],[2,0,0,0,0,0,0,2,2,0,0,0,0,0,0,0,0,0,0,0,0,0,0,0,0,0,0,0,0,0,0,0,2,2,0,0,0,0,0,2,0,0,0,0,0,0,0],[2,0,0,0,0,0,0,2,2,0,0,0,0,0,0,0,0,0,0,0,0,0,0,0,0,0,0,0,0,0,0,0,2,2,0,0,0,0,0,2,0,0,0,0,0,0,0],[2,0,0,0,0,0,0,2,2,0,0,0,0,0,0,0,0,0,0,0,0,0,0,0,0,0,0,0,0,0,0,0,2,2,0,0,0,0,0,2,0,0,0,0,0,0,0],[2,0,0,0,0,0,0,2,2,0,0,0,0,0,0,0,0,0,0,0,0,0,0,0,0,0,0,0,0,0,0,0,2,2,0,0,0,0,0,2,0,0,0,0,0,0,0],[2,0,0,0,0,0,0,2,2,0,0,0,0,0,0,0,0,0,0,0,0,0,0,0,0,0,0,0,0,0,0,0,2,2,0,0,0,0,0,2,0,0,0,0,0,0,0],[2,0,0,0,0,0,0,0,0,0,0,0,0,0,0,0,0,0,0,0,0,0,0,0,0,0,0,0,0,0,0,0,0,0,0,0,0,0,0,2,0,0,0,0,0,0,0],[2,0,0,0,0,0,0,0,0,0,0,0,0,0,0,0,0,0,0,0,0,0,0,0,0,0,0,0,0,0,0,0,0,0,0,0,0,0,0,2,0,0,0,0,0,0,0],[2,0,0,0,0,0,0,0,0,0,0,0,0,0,0,0,0,0,0,0,0,0,0,0,0,0,0,0,0,0,0,0,0,0,0,0,0,0,0,2,0,0,0,0,0,0,0],[2,0,0,0,0,0,0,0,0,0,0,0,0,0,0,0,0,0,0,0,0,0,0,0,0,0,0,0,0,0,0,0,0,0,0,0,0,0,0,2,0,0,0,0,0,0,0],[2,0,0,0,0,0,0,0,0,0,0,0,0,0,0,0,0,0,0,0,0,0,0,0,0,0,0,0,0,0,0,0,0,0,0,0,0,0,0,2,0,0,0,0,0,0,0],[2,0,0,0,0,0,0,0,0,0,0,0,0,0,0,0,0,0,0,0,0,0,0,0,0,0,0,0,0,0,0,0,0,0,0,0,0,0,0,2,0,0,0,0,0,0,0],[2,0,0,0,0,0,0,0,0,0,0,0,0,0,0,0,0,0,0,0,0,0,0,0,0,0,0,0,0,0,0,0,0,0,0,0,0,0,0,2,0,0,0,0,0,0,0],[2,0,0,0,0,0,0,0,0,0,0,0,0,0,0,0,0,0,0,0,0,0,0,0,0,0,0,0,0,0,0,0,0,0,0,0,0,0,0,2,0,0,0,0,0,0,0],[2,0,0,0,0,0,0,2,2,0,0,0,0,0,0,0,0,0,0,0,0,0,0,0,0,0,0,0,0,0,0,0,2,2,0,0,0,0,0,2,0,0,0,0,0,0,0],[2,0,0,0,0,0,0,2,2,0,0,0,0,0,0,0,0,0,0,0,0,0,0,0,0,0,0,0,0,0,0,0,2,2,0,0,0,0,0,2,0,0,0,0,0,0,0],[2,0,0,0,0,0,0,2,2,0,0,0,0,0,0,0,0,0,0,0,0,0,0,0,0,0,0,0,0,0,0,0,2,2,0,0,0,0,0,2,0,0,0,0,0,0,0],[2,0,0,0,0,0,0,2,2,0,0,0,0,0,0,0,0,0,0,0,0,0,0,0,0,0,0,0,0,0,0,0,2,2,0,0,0,0,0,2,0,0,0,0,0,0,0],[2,0,0,0,0,0,0,2,2,0,0,0,0,0,0,0,0,0,0,0,0,0,0,0,0,0,0,0,0,0,0,0,2,2,0,0,0,0,0,2,0,0,0,0,0,0,0],[2,0,0,0,0,0,0,2,2,0,0,0,0,0,0,0,0,0,0,0,0,0,0,0,0,0,0,0,0,0,2,2,2,2,0,0,0,0,0,2,0,0,0,0,0,0,0],[2,2,2,2,2,2,2,2,2,0,0,0,0,0,0,0,0,0,0,0,0,0,0,0,0,0,0,0,0,0,2,2,2,2,0,0,0,0,0,2,2,2,2,2,2,2,0],[0,0,0,0,0,0,2,2,2,0,0,0,0,0,0,0,0,0,0,0,0,0,0,0,0,0,0,0,0,0,2,2,2,2,0,0,0,0,0,0,0,0,0,0,0,2,0],[0,0,0,0,0,0,2,2,2,0,0,0,0,0,0,0,0,0,0,0,0,0,0,0,0,0,0,0,0,0,2,2,2,2,0,0,0,0,0,0,0,0,0,0,11,0,0],[0,0,0,0,0,0,2,2,2,0,0,0,0,0,0,0,0,0,0,0,0,0,0,0,0,0,0,0,0,0,2,2,2,2,0,0,0,0,0,0,0,0,0,11,0,0,0],[0,0,0,0,0,0,2,2,2,2,2,2,2,2,2,2,2,2,2,2,2,2,2,2,2,2,2,2,2,2,2,2,2,2,2,2,2,2,2,2,2,2,2,0,0,0,0],[0,0,0,0,0,0,0,0,0,0,0,0,0,0,0,0,0,0,0,0,0,0,0,0,0,0,0,0,0,0,0,0,0,0,0,0,0,0,0,0,0,0,0,0,0,0,0],[0,0,0,0,0,0,0,0,0,0,0,0,0,0,0,0,0,0,0,0,0,0,0,0,0,0,0,0,0,0,0,0,0,0,0,0,0,0,0,0,0,0,0,0,0,0,0]]},{"id":9,"type":"Navigation","name":"Nav","level":"0","width":47,"height":40,"visible":1,"tilesetName":"media\/map\/pathmap-tiles.png","repeat":false,"distance":"1","tilesize":16,"moveSpeed":{"x":0,"y":0},"data":[[0,0,0,0,0,0,0,0,0,0,0,0,0,0,0,0,0,0,0,0,0,0,0,0,0,0,0,0,0,0,0,0,0,0,0,0,0,0,0,0,0,0,0,0,0,0,0],[0,0,0,0,0,0,0,0,0,0,0,0,0,0,0,0,0,0,0,0,0,0,0,0,0,0,0,0,0,0,0,0,0,0,0,0,0,0,0,0,0,0,0,0,0,0,0],[0,0,0,0,0,0,0,0,0,0,0,0,0,0,0,0,0,0,0,0,0,0,0,0,0,0,0,0,0,0,0,0,0,0,0,0,0,0,0,0,0,0,0,0,0,0,0],[0,0,0,0,0,0,0,0,0,0,0,0,0,0,0,0,0,0,0,0,0,0,0,0,0,0,0,0,0,0,0,0,0,0,0,0,0,0,0,0,0,0,0,0,0,0,0],[0,0,0,0,0,0,0,0,0,0,0,0,0,0,0,0,0,0,0,0,0,0,0,0,0,0,0,0,0,0,0,0,0,0,0,0,0,0,0,0,0,0,0,0,0,0,0],[0,0,0,0,0,0,0,0,0,0,0,0,0,0,0,0,0,0,0,0,0,0,0,0,0,0,0,0,0,0,0,0,0,0,0,0,0,0,0,0,0,0,0,0,0,0,0],[0,0,0,0,0,0,0,0,0,0,0,0,0,0,0,0,0,0,0,0,0,0,0,0,0,0,0,0,0,0,0,0,0,0,0,0,0,0,0,0,0,0,0,0,0,0,0],[0,0,0,0,0,0,0,0,0,0,0,0,0,0,0,0,0,0,0,0,0,0,0,0,0,0,0,0,0,0,0,0,0,0,0,0,0,0,0,0,0,0,0,0,0,0,0],[0,0,0,0,0,0,0,0,0,0,0,0,0,0,0,0,0,0,0,0,0,0,0,0,0,0,0,0,0,0,0,0,0,0,0,0,0,0,0,0,0,0,0,0,0,0,0],[0,0,1,1,1,1,1,0,0,0,11,3,3,3,3,3,3,3,3,3,3,3,3,3,3,3,13,0,0,0,0,0,0,0,1,1,1,1,0,0,0,0,0,0,0,0,0],[0,1,1,1,1,1,1,0,0,0,11,3,3,3,3,3,3,3,3,3,3,3,3,3,3,3,13,0,0,0,12,12,0,0,1,1,1,1,1,0,0,0,0,0,0,0,0],[0,1,1,1,1,1,1,0,0,0,0,3,3,3,3,3,3,3,3,3,3,3,3,3,3,3,1,1,1,1,1,1,0,0,1,1,1,1,1,0,0,0,0,0,0,0,0],[0,1,1,1,1,1,1,0,0,0,0,3,3,3,3,3,3,3,3,3,3,3,3,3,3,3,1,1,1,1,1,1,0,0,1,1,1,1,1,0,0,0,0,0,0,0,0],[0,1,1,1,1,1,1,0,0,12,0,3,3,3,3,3,3,3,3,3,3,3,3,3,3,3,1,1,1,1,1,1,0,0,1,1,1,1,1,0,0,0,0,0,0,0,0],[0,1,1,1,1,1,1,0,0,1,1,3,3,3,3,3,3,3,3,3,3,3,3,3,3,3,1,1,1,1,1,1,0,0,1,1,1,1,1,0,0,0,0,0,0,0,0],[0,1,1,1,1,1,1,0,0,1,1,3,3,3,3,3,3,3,3,3,3,3,3,3,3,3,1,1,1,1,1,1,0,0,1,1,1,1,1,0,0,0,0,0,0,0,0],[0,1,1,1,1,1,1,0,0,1,1,3,3,3,3,3,3,3,3,3,3,3,3,3,3,3,1,1,1,1,1,1,0,0,1,1,1,1,1,0,0,0,0,0,0,0,0],[0,1,1,1,1,1,1,0,0,1,1,3,3,3,3,3,3,3,3,3,3,3,3,3,3,3,1,1,1,1,1,1,0,0,1,1,1,1,1,0,0,0,0,0,0,0,0],[0,1,1,1,1,1,1,0,0,1,1,3,3,3,3,3,3,3,3,3,3,3,3,3,3,3,1,1,1,1,1,1,0,0,1,1,1,1,1,0,0,0,0,0,0,0,0],[0,1,1,1,1,1,1,2,2,1,1,3,3,3,3,3,3,3,3,3,3,3,3,3,3,3,1,1,1,1,1,1,2,2,1,1,1,1,1,0,0,0,0,0,0,0,0],[0,1,1,1,1,1,1,2,2,1,1,3,3,3,3,3,3,3,3,3,3,3,3,3,3,3,1,1,1,1,1,1,2,2,1,1,1,1,1,0,0,0,0,0,0,0,0],[0,1,1,1,1,1,1,2,2,1,1,3,3,3,3,3,3,3,3,3,3,3,3,3,3,3,1,1,1,1,1,1,2,2,1,1,1,1,1,0,0,0,0,0,0,0,0],[0,1,1,1,1,1,1,2,2,1,1,3,3,3,3,3,3,3,3,3,3,3,3,3,3,3,1,1,1,1,1,1,2,2,1,1,1,1,1,0,0,0,0,0,0,0,0],[0,1,1,1,1,1,1,2,2,1,1,3,3,3,3,3,3,3,3,3,3,3,3,3,3,3,1,1,1,1,1,1,2,2,1,1,1,1,1,0,0,0,0,0,0,0,0],[0,1,1,1,1,1,1,2,2,1,1,3,3,3,3,3,3,3,3,3,3,3,3,3,3,3,1,1,1,1,1,1,2,2,1,1,1,1,1,0,0,0,0,0,0,0,0],[0,1,1,1,1,1,1,2,2,1,1,3,3,3,3,3,3,3,3,3,3,3,3,3,3,3,1,1,1,1,1,1,2,2,1,1,1,1,1,0,0,0,0,0,0,0,0],[0,1,1,1,1,1,1,2,2,1,1,3,3,3,3,3,3,3,3,3,3,3,3,3,3,3,1,1,1,1,1,1,2,2,1,1,1,1,1,0,0,0,0,0,0,0,0],[0,1,1,1,1,1,1,0,0,1,1,3,3,3,3,3,3,3,3,3,3,3,3,3,3,3,1,1,1,1,1,1,0,0,1,1,1,1,1,0,0,0,0,0,0,0,0],[0,1,1,1,1,1,1,0,0,1,1,3,3,3,3,3,3,3,3,3,3,3,3,3,3,3,1,1,1,1,1,1,0,0,1,1,1,1,1,0,0,0,0,0,0,0,0],[0,1,1,1,1,1,1,0,0,1,1,3,3,3,3,3,3,3,3,3,3,3,3,3,3,3,1,1,1,1,1,1,0,0,1,1,1,1,1,0,0,0,0,0,0,0,0],[0,1,1,1,1,1,1,0,0,1,1,3,3,3,3,3,3,3,3,3,3,3,3,3,3,3,1,1,1,1,1,1,0,0,1,1,1,1,1,0,0,0,0,0,0,0,0],[0,1,1,1,1,1,1,0,0,1,1,3,3,3,3,3,3,3,3,3,3,3,3,3,3,3,1,1,1,1,1,1,0,0,1,1,1,1,1,0,0,0,0,0,0,0,0],[0,1,1,1,1,1,1,0,0,1,1,3,3,3,3,3,3,3,3,3,3,3,3,3,3,3,2,2,2,2,0,0,0,0,1,1,1,1,1,0,0,0,0,0,0,0,0],[0,0,0,0,0,0,0,0,0,1,1,3,3,3,3,3,3,3,3,3,3,3,3,3,3,3,2,2,2,2,0,0,0,0,1,1,1,1,1,0,0,0,0,0,0,0,0],[0,0,0,0,0,0,0,0,0,1,1,3,3,3,3,3,3,3,3,3,3,3,3,3,3,3,2,2,2,2,0,0,0,0,1,1,1,1,1,2,2,2,2,2,2,0,0],[0,0,0,0,0,0,0,0,0,1,1,3,3,3,3,3,3,3,3,3,3,3,3,3,3,3,2,2,2,2,13,0,0,0,1,1,1,1,1,2,2,2,2,2,2,0,0],[0,0,0,0,0,0,0,0,0,1,1,3,3,3,3,3,3,3,3,3,3,3,3,3,3,3,2,2,2,2,13,0,0,0,1,1,1,1,1,2,2,2,2,2,0,0,0],[0,0,0,0,0,0,0,0,0,0,0,0,0,0,0,0,0,0,0,0,0,0,0,0,0,0,0,0,0,0,0,0,0,0,0,0,0,0,0,0,0,0,0,0,0,0,0],[0,0,0,0,0,0,0,0,0,0,0,0,0,0,0,0,0,0,0,0,0,0,0,0,0,0,0,0,0,0,0,0,0,0,0,0,0,0,0,0,0,0,0,0,0,0,0],[0,0,0,0,0,0,0,0,0,0,0,0,0,0,0,0,0,0,0,0,0,0,0,0,0,0,0,0,0,0,0,0,0,0,0,0,0,0,0,0,0,0,0,0,0,0,0]]},{"id":2,"type":"Background","name":"upper1","level":"1","width":47,"height":40,"visible":1,"tilesetName":"media\/map\/cargo-ship-inner.png","repeat":false,"distance":"1","tilesize":16,"moveSpeed":{"x":0,"y":0},"data":[[0,0,0,0,0,0,0,0,0,0,0,0,0,0,0,0,0,0,0,0,0,0,0,0,0,0,0,0,0,0,0,0,0,0,0,0,0,0,0,0,0,0,0,0,0,0,0],[0,0,0,0,0,0,0,0,0,0,0,0,0,0,0,0,0,0,0,0,0,0,0,0,0,0,0,0,0,0,0,0,0,0,0,0,0,0,0,0,0,0,0,0,0,0,0],[0,0,0,0,0,0,0,0,0,0,0,0,0,0,0,0,0,0,0,0,0,0,0,0,0,0,0,0,0,0,0,0,0,0,0,0,0,0,0,0,0,0,0,0,0,0,0],[0,0,0,0,0,0,0,0,0,0,0,0,0,0,0,0,0,0,0,0,0,0,0,0,0,0,0,0,0,0,0,0,0,0,0,0,0,0,0,0,0,0,0,0,0,0,0],[0,0,0,0,0,0,0,0,0,0,0,0,0,0,0,0,0,0,0,0,0,0,0,0,0,0,0,0,0,0,0,0,0,0,0,0,0,0,0,0,0,0,0,0,0,0,0],[0,0,0,0,0,0,0,0,0,0,0,0,0,0,0,0,0,0,0,0,0,0,0,0,0,0,0,0,0,0,0,0,0,0,0,0,0,0,0,0,0,0,0,0,0,0,0],[0,0,0,0,0,0,0,0,0,0,0,0,0,0,0,0,0,0,0,0,0,0,0,0,0,0,0,0,0,0,0,0,0,0,0,0,0,0,0,0,0,0,0,0,0,0,0],[0,0,0,0,0,0,0,0,0,257,258,0,0,0,0,0,0,0,0,0,0,0,0,0,0,0,355,356,357,358,359,360,0,0,0,0,0,0,0,0,0,0,0,0,0,0,0],[0,0,0,0,0,0,0,0,0,289,290,0,0,0,0,0,0,0,0,0,0,0,0,0,0,0,387,388,389,390,391,392,0,0,0,0,0,0,0,0,0,0,0,0,0,0,0],[0,0,0,0,0,0,0,0,0,321,322,0,0,0,0,0,0,0,0,0,0,0,0,0,0,0,0,0,0,0,0,0,0,0,0,0,0,0,0,0,0,0,0,0,0,0,0],[0,0,0,0,0,0,0,0,0,353,354,0,0,0,0,0,0,0,0,0,0,0,0,0,0,0,0,0,0,0,0,0,0,0,0,0,0,0,0,0,0,0,0,0,0,0,0],[0,0,0,0,0,0,0,0,0,385,386,0,0,0,0,0,0,0,0,0,0,0,0,0,0,0,0,0,0,0,0,0,0,0,0,0,0,0,0,0,0,0,0,0,0,0,0],[0,0,0,0,0,0,0,0,0,0,0,0,0,0,0,0,0,0,0,0,0,0,0,0,0,0,0,0,0,0,0,0,0,0,0,0,0,0,0,0,0,0,0,0,0,0,0],[0,0,0,0,0,0,0,0,0,0,0,0,0,0,0,0,0,0,0,0,0,0,0,0,0,0,0,0,0,0,0,0,0,0,0,0,0,0,0,0,0,0,0,0,0,0,0],[0,0,0,0,0,0,0,0,0,0,0,0,0,0,0,0,0,0,0,0,0,0,0,0,0,0,0,0,0,0,0,0,0,0,0,0,0,0,0,0,0,0,0,0,0,0,0],[0,0,0,0,0,0,0,0,0,0,0,0,0,0,0,0,0,0,0,0,0,0,0,0,0,0,0,0,0,0,0,0,0,0,0,0,0,0,0,0,0,0,0,0,0,0,0],[0,0,0,0,0,0,0,0,0,0,0,0,0,0,0,0,0,0,0,0,0,0,0,0,0,0,0,0,0,0,0,0,0,0,0,0,0,0,0,0,0,0,0,0,0,0,0],[0,0,0,0,0,0,0,0,0,0,0,0,0,0,0,0,0,0,0,0,0,0,0,0,0,0,0,0,0,0,0,0,0,0,0,0,0,0,0,0,0,0,0,0,0,0,0],[0,0,0,0,0,0,0,0,0,0,0,0,0,0,0,0,0,0,0,0,0,0,0,0,0,0,0,0,0,0,0,0,0,0,0,0,0,0,0,0,0,0,0,0,0,0,0],[0,0,0,0,0,0,0,0,0,0,0,0,0,0,0,0,0,0,0,0,0,0,0,0,0,0,0,0,0,0,0,0,0,0,0,0,0,0,0,0,0,0,0,0,0,0,0],[0,0,0,0,0,0,0,0,0,0,0,0,0,0,0,0,0,0,0,0,0,0,0,0,0,0,0,0,0,0,0,0,0,0,0,0,0,0,0,0,0,0,0,0,0,0,0],[0,0,0,0,0,0,0,0,0,0,0,0,0,0,0,0,0,0,0,0,0,0,0,0,0,0,0,0,0,0,0,0,0,0,0,0,0,0,0,0,0,0,0,0,0,0,0],[0,0,0,0,0,0,0,0,0,0,0,0,0,0,0,0,0,0,0,0,0,0,0,0,0,0,0,0,0,0,0,0,0,0,0,0,0,0,0,0,0,0,0,0,0,0,0],[0,0,0,0,0,0,0,0,0,0,0,0,0,0,0,0,0,0,0,0,0,0,0,0,0,0,0,0,0,0,0,0,0,0,0,0,0,0,0,0,0,0,0,0,0,0,0],[0,0,0,0,0,0,0,0,0,0,0,0,0,0,0,0,0,0,0,0,0,0,0,0,0,0,0,0,0,0,0,0,0,0,0,0,0,0,0,0,0,0,0,0,0,0,0],[0,0,0,0,0,0,0,0,0,0,0,0,0,0,0,0,0,0,0,0,0,0,0,0,0,0,0,0,0,0,0,0,0,0,0,0,0,0,0,0,0,0,0,0,0,0,0],[0,0,0,0,0,0,0,0,0,0,0,0,0,0,0,0,0,0,0,0,0,0,0,0,0,0,0,0,0,0,0,0,0,0,0,0,0,0,0,0,0,0,0,0,0,0,0],[0,0,0,0,0,0,0,0,0,0,0,0,0,0,0,0,0,0,0,0,0,0,0,0,0,0,0,0,0,0,0,0,0,0,0,0,0,0,0,0,0,0,0,0,0,0,0],[0,0,0,0,0,0,0,0,0,0,0,0,0,0,0,0,0,0,0,0,0,0,0,0,0,0,0,0,0,0,0,0,0,0,0,0,0,0,0,0,0,0,0,0,0,0,0],[0,0,0,0,0,0,0,0,0,0,0,0,0,0,0,0,0,0,0,0,0,0,0,0,0,0,0,0,0,0,0,0,0,0,0,0,0,0,0,0,0,0,0,0,0,0,0],[0,0,0,0,0,0,0,0,0,0,0,0,0,0,0,0,0,0,0,0,0,0,0,0,0,0,0,0,0,0,257,258,0,0,0,0,0,0,0,0,0,0,0,0,0,0,0],[0,0,0,0,0,0,0,0,0,0,0,0,0,0,0,0,0,0,0,0,0,0,0,0,0,0,0,0,0,0,289,290,0,0,0,0,0,0,0,0,0,0,0,0,0,0,0],[0,0,0,0,0,0,0,0,0,0,0,0,0,0,0,0,0,0,0,0,0,0,0,0,0,0,0,0,0,0,321,322,0,0,0,0,0,0,0,0,0,0,0,0,0,0,0],[0,0,0,0,0,0,0,0,0,0,0,0,0,0,0,0,0,0,0,0,0,0,0,0,0,0,0,0,0,0,353,354,0,0,0,0,0,0,0,0,0,0,0,0,0,0,0],[0,0,0,0,0,0,0,0,0,0,0,0,0,0,0,0,0,0,0,0,0,0,0,0,0,0,0,0,0,0,385,386,0,0,0,0,0,0,0,0,0,0,0,0,0,0,0],[0,0,0,0,0,0,0,0,0,0,0,0,0,0,0,0,0,0,0,0,0,0,0,0,0,0,0,0,0,0,0,0,0,0,0,0,0,0,0,0,0,0,0,0,0,0,0],[0,0,0,0,0,0,0,0,0,0,0,0,0,0,0,0,0,0,0,0,0,0,0,0,0,0,0,0,0,0,0,0,0,0,0,0,0,0,0,0,0,0,0,0,0,0,0],[0,0,0,0,0,0,0,0,0,0,0,0,0,0,0,0,0,0,0,0,0,0,0,0,0,0,0,0,0,0,0,0,0,0,0,0,0,0,0,0,0,0,0,0,0,0,0],[0,0,0,0,0,0,0,0,0,0,0,0,0,0,0,0,0,0,0,0,0,0,0,0,0,0,0,0,0,0,0,0,0,0,0,0,0,0,0,0,0,0,0,0,0,0,0],[0,0,0,0,0,0,0,0,0,0,0,0,0,0,0,0,0,0,0,0,0,0,0,0,0,0,0,0,0,0,0,0,0,0,0,0,0,0,0,0,0,0,0,0,0,0,0]]},{"id":3,"type":"Collision","name":"collision","level":"1","width":47,"height":40,"visible":1,"tilesetName":"media\/map\/collisiontiles-16x16.png","repeat":false,"distance":"1","tilesize":16,"moveSpeed":{"x":0,"y":0},"data":[[0,0,0,0,0,0,0,0,0,0,0,0,0,0,0,0,0,0,0,0,0,0,0,0,0,0,0,0,0,0,0,0,0,0,0,0,0,0,0,0,0,0,0,0,0,0,0],[0,0,0,0,0,0,0,0,0,0,0,0,0,0,0,0,0,0,0,0,0,0,0,0,0,0,0,0,0,0,0,0,0,0,0,0,0,0,0,0,0,0,0,0,0,0,0],[0,0,0,0,0,0,0,0,0,0,0,0,0,0,0,0,0,0,0,0,0,0,0,0,0,0,0,0,0,0,0,0,0,0,0,0,0,0,0,0,0,0,0,0,0,0,0],[0,0,0,0,0,0,0,0,0,0,0,0,0,0,0,0,0,0,0,0,0,0,0,0,0,0,0,0,0,0,0,0,0,0,0,0,0,0,0,0,0,0,0,0,0,0,0],[0,0,0,0,0,0,0,0,0,0,0,0,0,0,0,0,0,0,0,0,0,0,0,0,0,0,0,0,0,0,0,0,0,0,0,0,0,0,0,0,0,0,0,0,0,0,0],[0,0,0,0,0,0,0,0,0,0,0,0,0,0,0,0,0,0,0,0,0,0,0,0,0,0,0,0,0,0,0,0,0,0,0,0,0,0,0,0,0,0,0,0,0,0,0],[0,0,0,2,2,2,2,2,2,2,2,2,2,2,2,2,2,2,2,2,2,2,2,2,2,2,2,2,2,2,2,2,2,2,2,2,2,0,0,0,0,0,0,0,0,0,0],[0,0,9,0,0,0,0,2,2,0,0,0,0,0,0,0,0,0,0,0,0,0,0,0,0,0,0,0,0,0,0,0,2,2,0,0,0,10,0,0,0,0,0,0,0,0,0],[0,9,0,0,0,0,0,2,2,0,0,0,0,0,0,0,0,0,0,0,0,0,0,0,0,0,0,0,0,0,0,0,2,2,0,0,0,0,10,0,0,0,0,0,0,0,0],[2,0,0,0,0,0,0,2,2,0,0,0,0,0,0,0,0,0,0,0,0,0,0,0,0,0,0,0,0,0,0,0,2,2,0,0,0,0,0,2,0,0,0,0,0,0,0],[2,0,0,0,0,0,0,2,2,0,0,0,0,0,0,0,0,0,0,0,0,0,0,0,0,0,0,0,0,0,0,0,2,2,0,0,0,0,0,2,0,0,0,0,0,0,0],[2,0,0,0,0,0,0,2,2,0,0,0,0,0,0,0,0,0,0,0,0,0,0,0,0,0,0,0,0,0,0,0,2,2,0,0,0,0,0,2,0,0,0,0,0,0,0],[2,0,0,0,0,0,0,2,2,0,0,0,0,0,0,0,0,0,0,0,0,0,0,0,0,0,0,0,0,0,0,0,2,2,0,0,0,0,0,2,0,0,0,0,0,0,0],[2,0,0,0,0,0,0,2,2,0,0,0,0,0,0,0,0,0,0,0,0,0,0,0,0,0,0,0,0,0,0,0,2,2,0,0,0,0,0,2,0,0,0,0,0,0,0],[2,0,0,0,0,0,0,2,2,0,0,0,0,0,0,0,0,0,0,0,0,0,0,0,0,0,0,0,0,0,0,0,2,2,0,0,0,0,0,2,0,0,0,0,0,0,0],[2,0,0,0,0,0,0,2,2,0,0,0,0,0,0,0,0,0,0,0,0,0,0,0,0,0,0,0,0,0,0,0,2,2,0,0,0,0,0,2,0,0,0,0,0,0,0],[2,0,0,0,0,0,0,2,2,0,0,0,0,0,0,0,0,0,0,0,0,0,0,0,0,0,0,0,0,0,0,0,2,2,0,0,0,0,0,2,0,0,0,0,0,0,0],[2,0,0,0,0,0,0,0,0,0,0,0,0,0,0,0,0,0,0,0,0,0,0,0,0,0,0,0,0,0,0,0,0,0,0,0,0,0,0,2,0,0,0,0,0,0,0],[2,0,0,0,0,0,0,0,0,0,0,0,0,0,0,0,0,0,0,0,0,0,0,0,0,0,0,0,0,0,0,0,0,0,0,0,0,0,0,2,0,0,0,0,0,0,0],[2,0,0,0,0,0,0,0,0,0,0,0,0,0,0,0,0,0,0,0,0,0,0,0,0,0,0,0,0,0,0,0,0,0,0,0,0,0,0,2,0,0,0,0,0,0,0],[2,0,0,0,0,0,0,0,0,0,0,0,0,0,0,0,0,0,0,0,0,0,0,0,0,0,0,0,0,0,0,0,0,0,0,0,0,0,0,2,0,0,0,0,0,0,0],[2,0,0,0,0,0,0,0,0,0,0,0,0,0,0,0,0,0,0,0,0,0,0,0,0,0,0,0,0,0,0,0,0,0,0,0,0,0,0,2,0,0,0,0,0,0,0],[2,0,0,0,0,0,0,0,0,0,0,0,0,0,0,0,0,0,0,0,0,0,0,0,0,0,0,0,0,0,0,0,0,0,0,0,0,0,0,2,0,0,0,0,0,0,0],[2,0,0,0,0,0,0,0,0,0,0,0,0,0,0,0,0,0,0,0,0,0,0,0,0,0,0,0,0,0,0,0,0,0,0,0,0,0,0,2,0,0,0,0,0,0,0],[2,0,0,0,0,0,0,0,0,0,0,0,0,0,0,0,0,0,0,0,0,0,0,0,0,0,0,0,0,0,0,0,0,0,0,0,0,0,0,2,0,0,0,0,0,0,0],[2,0,0,0,0,0,0,2,2,0,0,0,0,0,0,0,0,0,0,0,0,0,0,0,0,0,0,0,0,0,0,0,2,2,0,0,0,0,0,2,0,0,0,0,0,0,0],[2,0,0,0,0,0,0,2,2,0,0,0,0,0,0,0,0,0,0,0,0,0,0,0,0,0,0,0,0,0,0,0,2,2,0,0,0,0,0,2,0,0,0,0,0,0,0],[2,0,0,0,0,0,0,2,2,0,0,0,0,0,0,0,0,0,0,0,0,0,0,0,0,0,0,0,0,0,0,0,2,2,0,0,0,0,0,2,0,0,0,0,0,0,0],[2,0,0,0,0,0,0,2,2,0,0,0,0,0,0,0,0,0,0,0,0,0,0,0,0,0,0,0,0,0,0,0,2,2,0,0,0,0,0,2,0,0,0,0,0,0,0],[2,0,0,0,0,0,0,2,2,0,0,0,0,0,0,0,0,0,0,0,0,0,0,0,0,0,0,0,0,0,0,0,2,2,0,0,0,0,0,2,0,0,0,0,0,0,0],[2,0,0,0,0,0,0,2,2,0,0,0,0,0,0,0,0,0,0,0,0,0,0,0,0,0,0,0,0,0,0,0,2,2,0,0,0,0,0,2,0,0,0,0,0,0,0],[2,2,2,2,2,2,2,2,2,0,0,0,0,0,0,0,0,0,0,0,0,0,0,0,0,0,0,0,0,0,0,0,2,2,0,0,0,0,0,2,2,2,2,2,2,2,0],[0,0,0,0,0,0,2,2,2,0,0,0,0,0,0,0,0,0,0,0,0,0,0,0,0,0,0,0,0,0,0,0,2,2,0,0,0,0,0,0,0,0,0,0,0,2,0],[0,0,0,0,0,0,2,2,2,0,0,0,0,0,0,0,0,0,0,0,0,0,0,0,0,0,0,0,0,0,0,0,2,2,0,0,0,0,0,0,0,0,0,0,11,0,0],[0,0,0,0,0,0,2,2,2,0,0,0,0,0,0,0,0,0,0,0,0,0,0,0,0,0,0,0,0,0,0,0,2,2,0,0,0,0,0,0,0,0,0,11,0,0,0],[0,0,0,0,0,0,2,2,2,2,2,2,2,2,2,2,2,2,2,2,2,2,2,2,2,2,2,2,2,2,2,2,2,2,2,2,2,2,2,2,2,2,2,0,0,0,0],[0,0,0,0,0,0,0,0,0,0,0,0,0,0,0,0,0,0,0,0,0,0,0,0,0,0,0,0,0,0,0,0,0,0,0,0,0,0,0,0,0,0,0,0,0,0,0],[0,0,0,0,0,0,0,0,0,0,0,0,0,0,0,0,0,0,0,0,0,0,0,0,0,0,0,0,0,0,0,0,0,0,0,0,0,0,0,0,0,0,0,0,0,0,0],[0,0,0,0,0,0,0,0,0,0,0,0,0,0,0,0,0,0,0,0,0,0,0,0,0,0,0,0,0,0,0,0,0,0,0,0,0,0,0,0,0,0,0,0,0,0,0],[0,0,0,0,0,0,0,0,0,0,0,0,0,0,0,0,0,0,0,0,0,0,0,0,0,0,0,0,0,0,0,0,0,0,0,0,0,0,0,0,0,0,0,0,0,0,0]]},{"id":10,"type":"Navigation","name":"Nav","level":"1","width":47,"height":40,"visible":1,"tilesetName":"media\/map\/pathmap-tiles.png","repeat":false,"distance":"1","tilesize":16,"moveSpeed":{"x":0,"y":0},"data":[[0,0,0,0,0,0,0,0,0,0,0,0,0,0,0,0,0,0,0,0,0,0,0,0,0,0,0,0,0,0,0,0,0,0,0,0,0,0,0,0,0,0,0,0,0,0,0],[0,0,0,0,0,0,0,0,0,0,0,0,0,0,0,0,0,0,0,0,0,0,0,0,0,0,0,0,0,0,0,0,0,0,0,0,0,0,0,0,0,0,0,0,0,0,0],[0,0,0,0,0,0,0,0,0,0,0,0,0,0,0,0,0,0,0,0,0,0,0,0,0,0,0,0,0,0,0,0,0,0,0,0,0,0,0,0,0,0,0,0,0,0,0],[0,0,0,0,0,0,0,0,0,0,0,0,0,0,0,0,0,0,0,0,0,0,0,0,0,0,0,0,0,0,0,0,0,0,0,0,0,0,0,0,0,0,0,0,0,0,0],[0,0,0,0,0,0,0,0,0,0,0,0,0,0,0,0,0,0,0,0,0,0,0,0,0,0,0,0,0,0,0,0,0,0,0,0,0,0,0,0,0,0,0,0,0,0,0],[0,0,0,0,0,0,0,0,0,0,0,0,0,0,0,0,0,0,0,0,0,0,0,0,0,0,0,0,0,0,0,0,0,0,0,0,0,0,0,0,0,0,0,0,0,0,0],[0,0,0,0,0,0,0,0,0,0,0,0,0,0,0,0,0,0,0,0,0,0,0,0,0,0,0,0,0,0,0,0,0,0,0,0,0,0,0,0,0,0,0,0,0,0,0],[0,0,0,0,0,0,0,0,0,1,1,0,0,0,0,0,0,0,0,0,0,0,0,0,0,0,1,1,1,1,1,1,0,0,0,0,0,0,0,0,0,0,0,0,0,0,0],[0,0,0,0,0,0,0,0,0,1,1,0,0,0,0,0,0,0,0,0,0,0,0,0,0,0,1,1,1,1,1,1,0,0,0,0,0,0,0,0,0,0,0,0,0,0,0],[0,0,0,0,0,0,0,0,0,1,1,0,0,0,0,0,0,0,0,0,0,0,0,0,0,0,0,0,0,0,0,0,0,0,0,0,0,0,0,0,0,0,0,0,0,0,0],[0,0,0,0,0,0,0,0,0,1,1,0,0,0,0,0,0,0,0,0,0,0,0,0,0,0,0,0,0,0,0,0,0,0,0,0,0,0,0,0,0,0,0,0,0,0,0],[0,0,0,0,0,0,0,0,0,1,1,0,0,0,0,0,0,0,0,0,0,0,0,0,0,0,0,0,0,0,0,0,0,0,0,0,0,0,0,0,0,0,0,0,0,0,0],[0,0,0,0,0,0,0,0,0,0,0,0,0,0,0,0,0,0,0,0,0,0,0,0,0,0,0,0,0,0,0,0,0,0,0,0,0,0,0,0,0,0,0,0,0,0,0],[0,0,0,0,0,0,0,0,0,0,0,0,0,0,0,0,0,0,0,0,0,0,0,0,0,0,0,0,0,0,0,0,0,0,0,0,0,0,0,0,0,0,0,0,0,0,0],[0,0,0,0,0,0,0,0,0,0,0,0,0,0,0,0,0,0,0,0,0,0,0,0,0,0,0,0,0,0,0,0,0,0,0,0,0,0,0,0,0,0,0,0,0,0,0],[0,0,0,0,0,0,0,0,0,0,0,0,0,0,0,0,0,0,0,0,0,0,0,0,0,0,0,0,0,0,0,0,0,0,0,0,0,0,0,0,0,0,0,0,0,0,0],[0,0,0,0,0,0,0,0,0,0,0,0,0,0,0,0,0,0,0,0,0,0,0,0,0,0,0,0,0,0,0,0,0,0,0,0,0,0,0,0,0,0,0,0,0,0,0],[0,0,0,0,0,0,0,0,0,0,0,0,0,0,0,0,0,0,0,0,0,0,0,0,0,0,0,0,0,0,0,0,0,0,0,0,0,0,0,0,0,0,0,0,0,0,0],[0,0,0,0,0,0,0,0,0,0,0,0,0,0,0,0,0,0,0,0,0,0,0,0,0,0,0,0,0,0,0,0,0,0,0,0,0,0,0,0,0,0,0,0,0,0,0],[0,0,0,0,0,0,0,0,0,0,0,0,0,0,0,0,0,0,0,0,0,0,0,0,0,0,0,0,0,0,0,0,0,0,0,0,0,0,0,0,0,0,0,0,0,0,0],[0,0,0,0,0,0,0,0,0,0,0,0,0,0,0,0,0,0,0,0,0,0,0,0,0,0,0,0,0,0,0,0,0,0,0,0,0,0,0,0,0,0,0,0,0,0,0],[0,0,0,0,0,0,0,0,0,0,0,0,0,0,0,0,0,0,0,0,0,0,0,0,0,0,0,0,0,0,0,0,0,0,0,0,0,0,0,0,0,0,0,0,0,0,0],[0,0,0,0,0,0,0,0,0,0,0,0,0,0,0,0,0,0,0,0,0,0,0,0,0,0,0,0,0,0,0,0,0,0,0,0,0,0,0,0,0,0,0,0,0,0,0],[0,0,0,0,0,0,0,0,0,0,0,0,0,0,0,0,0,0,0,0,0,0,0,0,0,0,0,0,0,0,0,0,0,0,0,0,0,0,0,0,0,0,0,0,0,0,0],[0,0,0,0,0,0,0,0,0,0,0,0,0,0,0,0,0,0,0,0,0,0,0,0,0,0,0,0,0,0,0,0,0,0,0,0,0,0,0,0,0,0,0,0,0,0,0],[0,0,0,0,0,0,0,0,0,0,0,0,0,0,0,0,0,0,0,0,0,0,0,0,0,0,0,0,0,0,0,0,0,0,0,0,0,0,0,0,0,0,0,0,0,0,0],[0,0,0,0,0,0,0,0,0,0,0,0,0,0,0,0,0,0,0,0,0,0,0,0,0,0,0,0,0,0,0,0,0,0,0,0,0,0,0,0,0,0,0,0,0,0,0],[0,0,0,0,0,0,0,0,0,0,0,0,0,0,0,0,0,0,0,0,0,0,0,0,0,0,0,0,0,0,0,0,0,0,0,0,0,0,0,0,0,0,0,0,0,0,0],[0,0,0,0,0,0,0,0,0,0,0,0,0,0,0,0,0,0,0,0,0,0,0,0,0,0,0,0,0,0,0,0,0,0,0,0,0,0,0,0,0,0,0,0,0,0,0],[0,0,0,0,0,0,0,0,0,0,0,0,0,0,0,0,0,0,0,0,0,0,0,0,0,0,0,0,0,0,0,0,0,0,0,0,0,0,0,0,0,0,0,0,0,0,0],[0,0,0,0,0,0,0,0,0,0,0,0,0,0,0,0,0,0,0,0,0,0,0,0,0,0,0,0,0,0,1,1,0,0,0,0,0,0,0,0,0,0,0,0,0,0,0],[0,0,0,0,0,0,0,0,0,0,0,0,0,0,0,0,0,0,0,0,0,0,0,0,0,0,0,0,0,0,1,1,0,0,0,0,0,0,0,0,0,0,0,0,0,0,0],[0,0,0,0,0,0,0,0,0,0,0,0,0,0,0,0,0,0,0,0,0,0,0,0,0,0,0,0,0,0,1,1,0,0,0,0,0,0,0,0,0,0,0,0,0,0,0],[0,0,0,0,0,0,0,0,0,0,0,0,0,0,0,0,0,0,0,0,0,0,0,0,0,0,0,0,0,0,1,1,0,0,0,0,0,0,0,0,0,0,0,0,0,0,0],[0,0,0,0,0,0,0,0,0,0,0,0,0,0,0,0,0,0,0,0,0,0,0,0,0,0,0,0,0,0,1,1,0,0,0,0,0,0,0,0,0,0,0,0,0,0,0],[0,0,0,0,0,0,0,0,0,0,0,0,0,0,0,0,0,0,0,0,0,0,0,0,0,0,0,0,0,0,0,0,0,0,0,0,0,0,0,0,0,0,0,0,0,0,0],[0,0,0,0,0,0,0,0,0,0,0,0,0,0,0,0,0,0,0,0,0,0,0,0,0,0,0,0,0,0,0,0,0,0,0,0,0,0,0,0,0,0,0,0,0,0,0],[0,0,0,0,0,0,0,0,0,0,0,0,0,0,0,0,0,0,0,0,0,0,0,0,0,0,0,0,0,0,0,0,0,0,0,0,0,0,0,0,0,0,0,0,0,0,0],[0,0,0,0,0,0,0,0,0,0,0,0,0,0,0,0,0,0,0,0,0,0,0,0,0,0,0,0,0,0,0,0,0,0,0,0,0,0,0,0,0,0,0,0,0,0,0],[0,0,0,0,0,0,0,0,0,0,0,0,0,0,0,0,0,0,0,0,0,0,0,0,0,0,0,0,0,0,0,0,0,0,0,0,0,0,0,0,0,0,0,0,0,0,0]]},{"id":4,"type":"Background","name":"upper2","level":"2","width":47,"height":40,"visible":1,"tilesetName":"media\/map\/cargo-ship-inner.png","repeat":false,"distance":"1","tilesize":16,"moveSpeed":{"x":0,"y":0},"data":[[0,0,0,0,0,0,0,0,0,0,0,0,0,0,0,0,0,0,0,0,0,0,0,0,0,0,0,0,0,0,0,0,0,0,0,0,0,0,0,0,0,0,0,0,0,0,0],[0,0,0,0,0,0,0,0,0,0,0,0,0,0,0,0,0,0,0,0,0,0,0,0,0,0,0,0,0,0,0,0,0,0,0,0,0,0,0,0,0,0,0,0,0,0,0],[0,0,0,0,0,0,0,0,0,0,0,0,0,0,0,0,0,0,0,0,0,0,0,0,0,0,0,0,0,0,0,0,0,0,0,0,0,0,0,0,0,0,0,0,0,0,0],[0,0,0,0,0,0,0,0,0,0,0,0,0,0,0,0,0,0,0,0,0,0,0,0,0,0,0,0,0,0,0,0,0,0,0,0,0,0,0,0,0,0,0,0,0,0,0],[0,0,0,0,0,0,0,0,0,0,0,0,0,0,0,0,0,0,0,0,0,0,0,0,0,0,0,0,0,0,0,0,0,0,0,0,0,0,0,0,0,0,0,0,0,0,0],[0,0,0,0,0,0,0,131,132,0,0,0,0,0,0,0,0,0,0,0,0,0,0,0,0,0,0,0,0,0,0,0,131,132,0,0,0,0,0,0,0,0,0,0,0,0,0],[0,0,0,0,0,0,0,163,164,0,0,0,0,0,0,0,0,0,0,0,0,0,0,0,0,0,0,0,0,0,0,0,163,164,0,0,0,0,0,0,0,0,0,0,0,0,0],[0,0,0,0,0,0,0,195,196,0,0,0,0,0,0,0,0,0,0,0,0,0,0,0,0,0,0,0,0,0,0,0,195,196,0,0,0,0,0,0,0,0,0,0,0,0,0],[0,0,0,0,0,0,0,227,228,0,0,0,0,0,0,0,0,0,0,0,0,0,0,0,0,0,0,0,0,0,0,0,227,228,0,0,0,0,0,0,0,0,0,0,0,0,0],[0,0,0,0,0,0,0,259,260,0,0,0,0,0,0,0,0,0,0,0,0,0,0,0,0,0,0,0,0,0,0,0,259,260,0,0,0,0,0,0,0,0,0,0,0,0,0],[0,0,0,0,0,0,0,131,132,0,0,0,0,0,0,0,0,0,0,0,0,0,0,0,0,0,0,0,0,0,0,0,131,132,0,0,0,0,0,0,0,0,0,0,0,0,0],[0,0,0,0,0,0,0,163,164,0,0,0,0,0,0,0,0,0,0,0,0,0,0,0,0,0,0,0,0,0,0,0,163,164,0,0,0,0,0,0,0,0,0,0,0,0,0],[0,0,0,0,0,0,0,195,196,0,0,0,0,0,0,0,0,0,0,0,0,0,0,0,0,0,0,0,0,0,0,0,195,196,0,0,0,0,0,0,0,0,0,0,0,0,0],[0,0,0,0,0,0,0,227,228,0,0,0,0,0,0,0,0,0,0,0,0,0,0,0,0,0,0,0,0,0,0,0,227,228,0,0,0,0,0,0,0,0,0,0,0,0,0],[0,0,0,0,0,0,0,259,260,0,0,0,0,0,0,0,0,0,0,0,0,0,0,0,0,0,0,0,0,0,0,0,259,260,0,0,0,0,0,0,0,0,0,0,0,0,0],[0,0,0,0,0,0,0,0,0,0,0,0,0,0,0,0,0,0,0,0,0,0,0,0,0,0,0,0,0,0,0,0,0,0,0,0,0,0,0,0,0,0,0,0,0,0,0],[0,0,0,0,0,0,0,0,0,0,0,0,0,0,0,0,0,0,0,0,0,0,0,0,0,0,0,0,0,0,0,0,0,0,0,0,0,0,0,0,0,0,0,0,0,0,0],[0,0,0,0,0,0,0,0,0,0,0,0,0,0,0,0,0,0,0,0,0,0,0,0,0,0,0,0,0,0,0,0,0,0,0,0,0,0,0,0,0,0,0,0,0,0,0],[0,0,0,0,0,0,0,0,0,0,0,0,0,0,0,0,0,0,0,0,0,0,0,0,0,0,0,0,0,0,0,0,0,0,0,0,0,0,0,0,0,0,0,0,0,0,0],[0,0,0,0,0,0,0,0,0,0,0,0,0,0,0,0,0,0,0,0,0,0,0,0,0,0,0,0,0,0,0,0,0,0,0,0,0,0,0,0,0,0,0,0,0,0,0],[0,0,0,0,0,0,0,0,0,0,0,0,0,0,0,0,0,0,0,0,0,0,0,0,0,0,0,0,0,0,0,0,0,0,0,0,0,0,0,0,0,0,0,0,0,0,0],[0,0,0,0,0,0,0,0,0,0,0,0,0,0,0,0,0,0,0,0,0,0,0,0,0,0,0,0,0,0,0,0,0,0,0,0,0,0,0,0,0,0,0,0,0,0,0],[0,0,0,0,0,0,0,0,0,0,0,0,0,0,0,0,0,0,0,0,0,0,0,0,0,0,0,0,0,0,0,0,0,0,0,0,0,0,0,0,0,0,0,0,0,0,0],[0,0,0,0,0,0,0,131,132,0,0,0,0,0,0,0,0,0,0,0,0,0,0,0,0,0,0,0,0,0,0,0,131,132,0,0,0,0,0,0,0,0,0,0,0,0,0],[0,0,0,0,0,0,0,163,164,0,0,0,0,0,0,0,0,0,0,0,0,0,0,0,0,0,0,0,0,0,0,0,163,164,0,0,0,0,0,0,0,0,0,0,0,0,0],[0,0,0,0,0,0,0,195,196,0,0,0,0,0,0,0,0,0,0,0,0,0,0,0,0,0,0,0,0,0,0,0,195,196,0,0,0,0,0,0,0,0,0,0,0,0,0],[0,0,0,0,0,0,0,227,228,0,0,0,0,0,0,0,0,0,0,0,0,0,0,0,0,0,0,0,0,0,0,0,227,228,0,0,0,0,0,0,0,0,0,0,0,0,0],[0,0,0,0,0,0,0,259,260,0,0,0,0,0,0,0,0,0,0,0,0,0,0,0,0,0,0,0,0,0,0,0,259,260,0,0,0,0,0,0,0,0,0,0,0,0,0],[0,0,0,0,0,0,0,131,132,0,0,0,0,0,0,0,0,0,0,0,0,0,0,0,0,0,0,0,0,0,0,0,131,132,0,0,0,0,0,0,0,0,0,0,0,0,0],[0,0,0,0,0,0,0,163,164,0,0,0,0,0,0,0,0,0,0,0,0,0,0,0,0,0,0,0,0,0,0,0,163,164,0,0,0,0,0,0,0,0,0,0,0,0,0],[0,0,0,0,0,0,0,195,196,0,0,0,0,0,0,0,0,0,0,0,0,0,0,0,0,0,0,0,0,0,0,0,195,196,0,0,0,0,0,0,0,0,0,0,0,0,0],[0,0,0,0,0,0,0,227,228,0,0,0,0,0,0,0,0,0,0,0,0,0,0,0,0,0,0,0,0,0,0,0,227,228,0,0,0,0,0,0,0,0,0,0,0,0,0],[0,0,0,0,0,0,0,259,260,0,0,0,0,0,0,0,0,0,0,0,0,0,0,0,0,0,0,0,0,0,0,0,259,260,0,0,0,0,0,0,0,0,0,0,0,0,0],[0,0,0,0,0,0,0,0,0,0,0,0,0,0,0,0,0,0,0,0,0,0,0,0,0,0,0,0,0,0,0,0,0,0,0,0,0,0,0,0,0,0,0,0,0,0,0],[0,0,0,0,0,0,0,0,0,0,0,0,0,0,0,0,0,0,0,0,0,0,0,0,0,0,0,0,0,0,0,0,0,0,0,0,0,0,0,0,0,0,0,0,0,0,0],[0,0,0,0,0,0,0,0,0,0,0,0,0,0,0,0,0,0,0,0,0,0,0,0,0,0,0,0,0,0,0,0,0,0,0,0,0,0,0,0,0,0,0,0,0,0,0],[0,0,0,0,0,0,0,0,0,0,0,0,0,0,0,0,0,0,0,0,0,0,0,0,0,0,0,0,0,0,0,0,0,0,0,0,0,0,0,0,0,0,0,0,0,0,0],[0,0,0,0,0,0,0,0,0,0,0,0,0,0,0,0,0,0,0,0,0,0,0,0,0,0,0,0,0,0,0,0,0,0,0,0,0,0,0,0,0,0,0,0,0,0,0],[0,0,0,0,0,0,0,0,0,0,0,0,0,0,0,0,0,0,0,0,0,0,0,0,0,0,0,0,0,0,0,0,0,0,0,0,0,0,0,0,0,0,0,0,0,0,0],[0,0,0,0,0,0,0,0,0,0,0,0,0,0,0,0,0,0,0,0,0,0,0,0,0,0,0,0,0,0,0,0,0,0,0,0,0,0,0,0,0,0,0,0,0,0,0]]},{"id":5,"type":"Collision","name":"collision","level":"2","width":47,"height":40,"visible":1,"tilesetName":"media\/map\/collisiontiles-16x16.png","repeat":false,"distance":"1","tilesize":16,"moveSpeed":{"x":0,"y":0},"data":[[0,0,0,0,0,0,0,0,0,0,0,0,0,0,0,0,0,0,0,0,0,0,0,0,0,0,0,0,0,0,0,0,0,0,0,0,0,0,0,0,0,0,0,0,0,0,0],[0,0,0,0,0,0,0,0,0,0,0,0,0,0,0,0,0,0,0,0,0,0,0,0,0,0,0,0,0,0,0,0,0,0,0,0,0,0,0,0,0,0,0,0,0,0,0],[0,0,0,0,0,0,0,0,0,0,0,0,0,0,0,0,0,0,0,0,0,0,0,0,0,0,0,0,0,0,0,0,0,0,0,0,0,0,0,0,0,0,0,0,0,0,0],[0,0,0,0,0,0,0,0,0,0,0,0,0,0,0,0,0,0,0,0,0,0,0,0,0,0,0,0,0,0,0,0,0,0,0,0,0,0,0,0,0,0,0,0,0,0,0],[0,0,0,2,2,2,2,2,2,2,2,2,2,2,2,2,2,2,2,2,2,2,2,2,2,2,2,2,2,2,2,2,2,2,2,2,2,0,0,0,0,0,0,0,0,0,0],[0,0,9,0,0,0,0,0,0,0,0,0,0,0,0,0,0,0,0,0,0,0,0,0,0,0,0,0,0,0,0,0,0,0,0,0,0,10,0,0,0,0,0,0,0,0,0],[0,9,0,0,0,0,0,0,0,0,0,0,0,0,0,0,0,0,0,0,0,0,0,0,0,0,0,0,0,0,0,0,0,0,0,0,0,0,10,0,0,0,0,0,0,0,0],[2,0,0,0,0,0,0,0,0,0,0,0,0,0,0,0,0,0,0,0,0,0,0,0,0,0,0,0,0,0,0,0,0,0,0,0,0,0,0,2,0,0,0,0,0,0,0],[2,0,0,0,0,0,0,0,0,0,0,0,0,0,0,0,0,0,0,0,0,0,0,0,0,0,0,0,0,0,0,0,0,0,0,0,0,0,0,2,0,0,0,0,0,0,0],[2,0,0,0,0,0,0,0,0,0,0,0,0,0,0,0,0,0,0,0,0,0,0,0,0,0,0,0,0,0,0,0,0,0,0,0,0,0,0,2,0,0,0,0,0,0,0],[2,0,0,0,0,0,0,0,0,0,0,0,0,0,0,0,0,0,0,0,0,0,0,0,0,0,0,0,0,0,0,0,0,0,0,0,0,0,0,2,0,0,0,0,0,0,0],[2,0,0,0,0,0,0,0,0,0,0,0,0,0,0,0,0,0,0,0,0,0,0,0,0,0,0,0,0,0,0,0,0,0,0,0,0,0,0,2,0,0,0,0,0,0,0],[2,0,0,0,0,0,0,0,0,0,0,0,0,0,0,0,0,0,0,0,0,0,0,0,0,0,0,0,0,0,0,0,0,0,0,0,0,0,0,2,0,0,0,0,0,0,0],[2,0,0,0,0,0,0,0,0,0,0,0,0,0,0,0,0,0,0,0,0,0,0,0,0,0,0,0,0,0,0,0,0,0,0,0,0,0,0,2,0,0,0,0,0,0,0],[2,0,0,0,0,0,0,0,0,0,0,0,0,0,0,0,0,0,0,0,0,0,0,0,0,0,0,0,0,0,0,0,0,0,0,0,0,0,0,2,0,0,0,0,0,0,0],[2,0,0,0,0,0,0,0,0,0,0,0,0,0,0,0,0,0,0,0,0,0,0,0,0,0,0,0,0,0,0,0,0,0,0,0,0,0,0,2,0,0,0,0,0,0,0],[2,0,0,0,0,0,0,0,0,0,0,0,0,0,0,0,0,0,0,0,0,0,0,0,0,0,0,0,0,0,0,0,0,0,0,0,0,0,0,2,0,0,0,0,0,0,0],[2,0,0,0,0,0,0,0,0,0,0,0,0,0,0,0,0,0,0,0,0,0,0,0,0,0,0,0,0,0,0,0,0,0,0,0,0,0,0,2,0,0,0,0,0,0,0],[2,0,0,0,0,0,0,0,0,0,0,0,0,0,0,0,0,0,0,0,0,0,0,0,0,0,0,0,0,0,0,0,0,0,0,0,0,0,0,2,0,0,0,0,0,0,0],[2,0,0,0,0,0,0,0,0,0,0,0,0,0,0,0,0,0,0,0,0,0,0,0,0,0,0,0,0,0,0,0,0,0,0,0,0,0,0,2,0,0,0,0,0,0,0],[2,0,0,0,0,0,0,0,0,0,0,0,0,0,0,0,0,0,0,0,0,0,0,0,0,0,0,0,0,0,0,0,0,0,0,0,0,0,0,2,0,0,0,0,0,0,0],[2,0,0,0,0,0,0,0,0,0,0,0,0,0,0,0,0,0,0,0,0,0,0,0,0,0,0,0,0,0,0,0,0,0,0,0,0,0,0,2,0,0,0,0,0,0,0],[2,0,0,0,0,0,0,0,0,0,0,0,0,0,0,0,0,0,0,0,0,0,0,0,0,0,0,0,0,0,0,0,0,0,0,0,0,0,0,2,0,0,0,0,0,0,0],[2,0,0,0,0,0,0,0,0,0,0,0,0,0,0,0,0,0,0,0,0,0,0,0,0,0,0,0,0,0,0,0,0,0,0,0,0,0,0,2,0,0,0,0,0,0,0],[2,0,0,0,0,0,0,0,0,0,0,0,0,0,0,0,0,0,0,0,0,0,0,0,0,0,0,0,0,0,0,0,0,0,0,0,0,0,0,2,0,0,0,0,0,0,0],[2,0,0,0,0,0,0,0,0,0,0,0,0,0,0,0,0,0,0,0,0,0,0,0,0,0,0,0,0,0,0,0,0,0,0,0,0,0,0,2,0,0,0,0,0,0,0],[2,0,0,0,0,0,0,0,0,0,0,0,0,0,0,0,0,0,0,0,0,0,0,0,0,0,0,0,0,0,0,0,0,0,0,0,0,0,0,2,0,0,0,0,0,0,0],[2,0,0,0,0,0,0,0,0,0,0,0,0,0,0,0,0,0,0,0,0,0,0,0,0,0,0,0,0,0,0,0,0,0,0,0,0,0,0,2,0,0,0,0,0,0,0],[2,0,0,0,0,0,0,0,0,0,0,0,0,0,0,0,0,0,0,0,0,0,0,0,0,0,0,0,0,0,0,0,0,0,0,0,0,0,0,2,0,0,0,0,0,0,0],[2,2,2,2,2,2,2,0,0,0,0,0,0,0,0,0,0,0,0,0,0,0,0,0,0,0,0,0,0,0,0,0,0,0,0,0,0,0,0,2,2,2,2,2,2,2,0],[0,0,0,0,0,0,2,0,0,0,0,0,0,0,0,0,0,0,0,0,0,0,0,0,0,0,0,0,0,0,0,0,0,0,0,0,0,0,0,0,0,0,0,0,0,2,0],[0,0,0,0,0,0,2,0,0,0,0,0,0,0,0,0,0,0,0,0,0,0,0,0,0,0,0,0,0,0,0,0,0,0,0,0,0,0,0,0,0,0,0,0,11,0,0],[0,0,0,0,0,0,2,0,0,0,0,0,0,0,0,0,0,0,0,0,0,0,0,0,0,0,0,0,0,0,0,0,0,0,0,0,0,0,0,0,0,0,0,11,0,0,0],[0,0,0,0,0,0,2,2,2,2,2,2,2,2,2,2,2,2,2,2,2,2,2,2,2,2,2,2,2,2,2,2,2,2,2,2,2,2,2,2,2,2,2,0,0,0,0],[0,0,0,0,0,0,0,0,0,0,0,0,0,0,0,0,0,0,0,0,0,0,0,0,0,0,0,0,0,0,0,0,0,0,0,0,0,0,0,0,0,0,0,0,0,0,0],[0,0,0,0,0,0,0,0,0,0,0,0,0,0,0,0,0,0,0,0,0,0,0,0,0,0,0,0,0,0,0,0,0,0,0,0,0,0,0,0,0,0,0,0,0,0,0],[0,0,0,0,0,0,0,0,0,0,0,0,0,0,0,0,0,0,0,0,0,0,0,0,0,0,0,0,0,0,0,0,0,0,0,0,0,0,0,0,0,0,0,0,0,0,0],[0,0,0,0,0,0,0,0,0,0,0,0,0,0,0,0,0,0,0,0,0,0,0,0,0,0,0,0,0,0,0,0,0,0,0,0,0,0,0,0,0,0,0,0,0,0,0],[0,0,0,0,0,0,0,0,0,0,0,0,0,0,0,0,0,0,0,0,0,0,0,0,0,0,0,0,0,0,0,0,0,0,0,0,0,0,0,0,0,0,0,0,0,0,0],[0,0,0,0,0,0,0,0,0,0,0,0,0,0,0,0,0,0,0,0,0,0,0,0,0,0,0,0,0,0,0,0,0,0,0,0,0,0,0,0,0,0,0,0,0,0,0]]},{"id":6,"type":"Background","name":"ceiling","level":"3","width":47,"height":40,"visible":1,"tilesetName":"media\/map\/cargo-ship-inner.png","repeat":false,"distance":"1","tilesize":16,"moveSpeed":{"x":0,"y":0},"data":[[0,0,0,0,0,0,0,0,0,0,0,0,0,0,0,0,0,0,0,0,0,0,0,0,0,0,0,0,0,0,0,0,0,0,0,0,0,0,0,0,0,0,0,0,0,0,0],[0,0,0,0,0,0,0,0,0,0,0,0,0,0,0,0,0,0,0,0,0,0,0,0,0,0,0,0,0,0,0,0,0,0,0,0,0,0,0,0,0,0,0,0,0,0,0],[0,0,0,0,0,0,0,0,0,0,0,0,0,0,0,0,0,0,0,0,0,0,0,0,0,0,0,0,0,0,0,0,0,0,0,0,0,0,0,0,0,0,0,0,0,0,0],[0,0,0,0,0,0,0,0,0,0,0,0,0,0,0,0,0,0,0,0,0,0,0,0,0,0,0,0,0,0,0,0,0,0,0,0,0,0,0,0,0,0,0,0,0,0,0],[0,0,0,0,0,0,0,0,17,18,19,0,0,0,0,0,17,18,19,0,0,0,0,0,17,18,19,0,0,0,0,0,0,0,0,0,0,0,0,0,0,0,0,0,0,0,0],[0,0,0,0,0,0,0,0,49,50,51,0,0,0,0,0,49,50,51,0,0,0,0,0,49,50,51,0,0,0,0,0,0,0,0,0,0,0,0,0,0,0,0,0,0,0,0],[0,0,0,17,18,19,0,0,81,82,83,0,0,0,0,0,81,82,83,0,0,0,0,0,81,82,83,0,0,0,0,0,0,0,17,18,19,0,0,0,0,0,0,0,0,0,0],[0,0,0,49,50,51,0,0,113,114,115,0,0,0,0,0,113,114,115,0,0,0,0,0,113,114,115,0,0,0,0,0,0,0,49,50,51,0,0,0,0,0,0,0,0,0,0],[0,0,0,81,82,83,0,0,145,146,147,0,0,0,0,0,145,146,147,0,0,0,0,0,145,146,147,0,0,0,0,0,0,0,81,82,83,0,0,0,0,0,0,0,0,0,0],[0,0,0,113,114,115,0,0,177,178,179,0,0,0,0,0,177,178,179,0,0,0,0,0,177,178,179,0,0,0,0,0,0,0,113,114,115,0,0,0,0,0,0,0,0,0,0],[0,0,0,145,146,147,0,0,0,0,0,0,0,0,0,0,0,0,0,0,0,0,0,0,0,0,0,0,0,0,0,0,0,0,145,146,147,0,0,0,0,0,0,0,0,0,0],[0,0,0,177,178,179,0,0,0,0,0,0,0,0,0,0,0,0,0,0,0,0,0,0,0,0,0,0,0,0,0,0,0,0,177,178,179,0,0,0,0,0,0,0,0,0,0],[0,0,0,0,0,0,0,0,0,0,0,0,0,0,0,0,0,0,0,0,0,0,0,0,0,0,0,0,0,0,0,0,0,0,0,0,0,0,0,0,0,0,0,0,0,0,0],[0,0,0,0,0,0,0,0,0,0,0,0,0,0,0,0,0,0,0,0,0,0,0,0,0,0,0,0,0,0,0,0,0,0,0,0,0,0,0,0,0,0,0,0,0,0,0],[0,0,0,0,0,0,0,0,0,0,0,0,0,0,0,0,0,0,0,0,0,0,0,0,0,0,0,0,0,0,0,0,0,0,0,0,0,0,0,0,0,0,0,0,0,0,0],[0,0,0,0,0,0,0,0,0,0,0,0,0,0,0,0,0,0,0,0,178,0,0,0,0,0,0,0,0,0,0,0,0,0,0,0,0,0,0,0,0,0,0,0,0,0,0],[0,0,0,0,0,0,0,0,0,0,0,0,0,0,0,0,0,0,0,0,0,0,0,0,0,0,0,0,0,0,0,0,0,0,0,0,0,0,0,0,0,0,0,0,0,0,0],[0,0,0,0,0,0,0,0,0,0,0,0,0,0,0,0,0,0,0,0,0,0,0,0,0,0,0,0,0,0,0,0,0,0,0,0,0,0,0,0,0,0,0,0,0,0,0],[0,0,0,0,0,0,0,0,0,0,0,0,0,0,0,0,0,0,0,0,0,0,0,0,0,0,0,0,0,0,0,0,0,0,0,0,0,0,0,0,0,0,0,0,0,0,0],[0,0,0,0,0,0,0,0,0,0,0,0,0,0,0,0,0,0,0,0,0,0,0,0,0,0,0,0,0,0,0,0,0,0,0,0,0,0,0,0,0,0,0,0,0,0,0],[0,0,0,0,0,0,0,0,0,0,0,0,0,0,0,0,0,0,0,0,0,0,0,0,0,0,0,0,0,0,0,0,0,0,0,0,0,0,0,0,0,0,0,0,0,0,0],[0,0,0,0,0,0,0,0,0,0,0,0,0,0,0,0,0,0,0,0,0,0,0,0,0,0,0,0,0,0,0,0,0,0,0,0,0,0,0,0,0,0,0,0,0,0,0],[0,0,0,0,0,0,0,0,0,0,0,0,0,0,0,0,0,0,0,0,0,0,0,0,0,0,0,0,0,0,0,0,0,0,0,0,0,0,0,0,0,0,0,0,0,0,0],[0,0,0,0,0,0,0,0,0,0,0,0,0,0,0,0,0,0,0,0,0,0,0,0,0,0,0,0,0,0,0,0,0,0,0,0,0,0,0,0,0,0,0,0,0,0,0],[0,0,0,0,0,0,0,0,0,0,0,0,0,0,0,0,0,0,0,0,0,0,0,0,0,0,0,0,0,0,0,0,0,0,0,0,0,0,0,0,0,0,0,0,0,0,0],[0,0,0,0,0,0,0,0,0,0,0,0,0,0,0,0,0,0,0,0,0,0,0,0,0,0,0,0,0,0,0,0,0,0,0,0,0,0,0,0,0,0,0,0,0,0,0],[0,0,0,0,0,0,0,0,0,0,0,0,0,0,0,0,0,0,0,0,0,0,0,0,0,0,0,0,0,0,0,0,0,0,0,0,0,0,0,0,0,0,0,0,0,0,0],[0,0,17,18,18,19,0,0,0,0,0,0,0,0,0,0,0,0,0,0,0,0,0,0,0,0,0,0,0,0,0,0,0,0,0,0,0,0,0,0,0,0,0,0,0,0,0],[0,0,49,50,50,51,0,0,0,0,0,0,0,0,0,0,0,0,0,0,0,0,0,0,0,0,0,0,0,0,0,0,0,0,0,0,0,0,0,0,0,0,0,0,0,0,0],[0,0,81,82,82,83,0,0,0,0,0,0,0,0,0,0,0,0,0,0,0,0,0,0,0,0,0,0,0,0,0,0,0,0,0,0,0,0,0,0,17,18,18,19,0,0,0],[0,0,113,114,114,115,0,0,0,0,0,0,0,0,0,0,0,0,0,0,0,0,0,0,0,0,0,0,0,0,0,0,0,0,0,0,0,0,0,0,49,50,50,51,0,0,0],[0,0,145,146,146,147,0,0,0,17,18,19,0,0,0,0,0,17,18,19,0,0,0,0,17,18,19,0,0,0,0,0,0,17,18,19,0,0,0,0,81,82,82,83,0,0,0],[0,0,177,178,178,179,0,0,0,49,50,51,0,0,0,0,0,49,50,51,0,0,0,0,49,50,51,0,0,0,0,0,0,49,50,51,0,0,0,0,113,114,114,115,0,0,0],[0,0,0,0,0,0,0,0,0,81,82,83,0,0,0,0,0,81,82,83,0,0,0,0,81,82,83,0,0,0,0,0,0,81,82,83,0,0,0,0,145,146,146,147,0,0,0],[0,0,0,0,0,0,0,0,0,113,114,115,0,0,0,0,0,113,114,115,0,0,0,0,113,114,115,0,0,0,0,0,0,113,114,115,0,0,0,0,177,178,178,179,0,0,0],[0,0,0,0,0,0,0,0,0,145,146,147,0,0,0,0,0,145,146,147,0,0,0,0,145,146,147,0,0,0,0,0,0,145,146,147,0,0,0,0,0,0,0,0,0,0,0],[0,0,0,0,0,0,0,0,0,177,178,179,0,0,0,0,0,177,178,179,0,0,0,0,177,178,179,0,0,0,0,0,0,177,178,179,0,0,0,0,0,0,0,0,0,0,0],[0,0,0,0,0,0,0,0,0,0,0,0,0,0,0,0,0,0,0,0,0,0,0,0,0,0,0,0,0,0,0,0,0,0,0,0,0,0,0,0,0,0,0,0,0,0,0],[0,0,0,0,0,0,0,0,0,0,0,0,0,0,0,0,0,0,0,0,0,0,0,0,0,0,0,0,0,0,0,0,0,0,0,0,0,0,0,0,0,0,0,0,0,0,0],[0,0,0,0,0,0,0,0,0,0,0,0,0,0,0,0,0,0,0,0,0,0,0,0,0,0,0,0,0,0,0,0,0,0,0,0,0,0,0,0,0,0,0,0,0,0,0]]},{"id":7,"type":"Background","name":"ironbars","level":"3","width":47,"height":40,"visible":1,"tilesetName":"media\/map\/cargo-ship-inner.png","repeat":false,"distance":"1","tilesize":16,"moveSpeed":{"x":0,"y":0},"data":[[0,0,0,0,0,0,0,0,0,0,0,0,0,0,0,0,0,0,0,0,0,0,0,0,0,0,0,0,0,0,0,0,0,0,0,0,0,0,0,0,0,0,0,0,0,0,0],[0,0,0,0,0,0,0,0,0,0,0,0,0,0,0,0,0,0,0,0,0,0,0,0,0,0,0,0,0,0,0,0,0,0,0,0,0,0,0,0,0,0,0,0,0,0,0],[0,0,0,0,0,0,0,0,0,0,0,0,0,0,0,0,0,0,0,0,0,0,0,0,0,0,0,0,0,0,0,0,0,0,0,0,0,0,0,0,0,0,0,0,0,0,0],[0,0,218,0,153,0,152,184,0,0,0,0,0,0,0,0,0,0,0,0,0,0,0,0,0,0,0,0,0,0,0,0,183,151,0,153,0,217,0,0,0,0,0,0,0,0,0],[0,0,183,151,150,152,184,216,0,0,0,0,0,0,0,0,0,0,0,0,0,0,0,0,0,0,0,0,0,0,0,0,215,183,151,150,152,184,0,0,0,0,0,0,0,0,0],[0,0,215,183,156,184,216,0,0,0,0,0,0,0,0,0,0,0,0,0,0,0,0,0,0,0,0,0,0,0,0,0,0,215,183,156,184,216,0,0,0,0,0,0,0,0,0],[0,149,149,149,155,149,149,149,149,149,149,149,149,149,149,149,149,149,149,149,149,149,149,149,149,149,149,149,149,149,149,149,149,149,149,155,149,149,149,0,0,0,0,0,0,0,0],[0,0,0,0,0,0,0,0,0,0,0,0,0,0,0,0,0,0,0,0,0,0,0,0,0,0,0,0,0,0,0,0,0,0,0,0,0,0,0,0,0,0,0,0,0,0,0],[0,0,0,0,0,0,0,0,0,0,0,0,0,0,0,0,0,0,0,0,0,0,0,0,0,0,0,0,0,0,0,0,0,0,0,0,0,0,0,0,0,0,0,0,0,0,0],[0,0,0,0,0,0,0,0,0,0,0,0,0,0,0,0,0,0,0,0,0,0,0,0,0,0,0,0,0,0,0,0,0,0,0,0,0,0,0,0,0,0,0,0,0,0,0],[0,0,0,0,0,0,0,0,0,0,0,0,0,0,0,0,0,0,0,0,0,0,0,0,0,0,0,0,0,0,0,0,0,0,0,0,0,0,0,0,0,0,0,0,0,0,0],[0,0,0,0,0,0,0,0,0,0,0,0,0,0,0,0,0,0,0,0,0,0,0,0,0,0,0,0,0,0,0,0,0,0,0,0,0,0,0,0,0,0,0,0,0,0,0],[0,0,0,0,0,0,0,0,0,0,0,0,0,0,0,0,0,0,0,0,0,0,0,0,0,0,0,0,0,0,0,0,0,0,0,0,0,0,0,0,0,0,0,0,0,0,0],[0,0,0,0,0,0,0,0,0,0,0,0,0,0,0,0,0,0,0,0,0,0,0,0,0,0,0,0,0,0,0,0,0,0,0,0,0,0,0,0,0,0,0,0,0,0,0],[0,0,0,0,0,0,0,0,0,0,0,0,0,0,0,0,0,0,0,0,0,0,0,0,0,0,0,0,0,0,0,0,0,0,0,0,0,0,0,0,0,0,0,0,0,0,0],[0,0,0,0,0,0,0,0,0,0,0,0,0,0,0,0,0,0,0,0,0,0,0,0,0,0,0,0,0,0,0,0,0,0,0,0,0,0,0,0,0,0,0,0,0,0,0],[0,0,0,0,0,0,0,0,0,0,0,0,0,0,0,0,0,0,0,0,0,0,0,0,0,0,0,0,0,0,0,0,0,0,0,0,0,0,0,0,0,0,0,0,0,0,0],[0,0,0,0,0,0,0,0,0,0,0,0,0,0,0,0,0,0,0,0,0,0,0,0,0,0,0,0,0,0,0,0,0,0,0,0,0,0,0,0,0,0,0,0,0,0,0],[0,0,0,0,0,0,0,0,0,0,0,0,0,0,0,0,0,0,0,0,0,0,0,0,0,0,0,0,0,0,0,0,0,0,0,0,0,0,0,0,0,0,0,0,0,0,0],[0,0,0,0,0,0,0,0,0,0,0,0,0,0,0,0,0,0,0,0,0,0,0,0,0,0,0,0,0,0,0,0,0,0,0,0,0,0,0,0,0,0,0,0,0,0,0],[0,0,0,0,0,0,0,0,0,0,0,0,0,0,0,0,0,0,0,0,0,0,0,0,0,0,0,0,0,0,0,0,0,0,0,0,0,0,0,0,0,0,0,0,0,0,0],[0,0,0,0,0,0,0,0,0,0,0,0,0,0,0,0,0,0,0,0,0,0,0,0,0,0,0,0,0,0,0,0,0,0,0,0,0,0,0,0,0,0,0,0,0,0,0],[0,0,0,0,0,0,0,0,0,0,0,0,0,0,0,0,0,0,0,0,0,0,0,0,0,0,0,0,0,0,0,0,0,0,0,0,0,0,0,0,0,0,0,0,0,0,0],[0,0,0,0,0,0,0,0,0,0,0,0,0,0,0,0,0,0,0,0,0,0,0,0,0,0,0,0,0,0,0,0,0,0,0,0,0,0,0,0,0,0,0,0,0,0,0],[0,0,0,0,0,0,0,0,0,0,0,0,0,0,0,0,0,0,0,0,0,0,0,0,0,0,0,0,0,0,0,0,0,0,0,0,0,0,0,0,0,0,0,0,0,0,0],[0,0,0,0,0,0,0,0,0,0,0,0,0,0,0,0,0,0,0,0,0,0,0,0,0,0,0,0,0,0,0,0,0,0,0,0,0,0,0,0,0,0,0,0,0,0,0],[0,0,0,0,0,0,0,0,0,0,0,0,0,0,0,0,0,0,0,0,0,0,0,0,0,0,0,0,0,0,0,0,0,0,0,0,0,0,0,0,0,0,0,0,0,0,0],[0,149,149,149,155,149,149,182,0,0,0,0,0,0,0,0,0,0,0,0,0,0,0,0,0,0,0,0,0,0,0,0,0,0,0,0,0,0,0,0,0,0,0,0,0,0,0],[0,0,0,0,0,0,0,150,0,0,0,0,0,0,0,0,0,0,0,0,0,0,0,0,0,0,0,0,0,0,0,0,0,0,0,0,0,0,0,0,0,0,0,0,0,0,0],[0,0,0,0,0,0,0,150,0,0,0,0,0,0,0,0,0,0,0,0,0,0,0,0,0,0,0,0,0,0,0,0,0,0,0,0,0,0,0,0,0,0,0,0,152,0,0],[0,0,0,0,0,0,0,150,0,0,0,0,0,0,0,0,0,0,0,0,0,0,0,0,0,0,0,0,0,0,0,0,0,0,0,0,0,0,0,0,0,0,0,152,184,0,0],[0,0,0,0,0,0,0,213,149,149,149,149,149,149,149,149,149,149,149,149,155,149,149,149,149,149,149,149,149,149,149,149,149,149,149,149,149,149,149,149,149,149,149,123,216,0,0],[0,0,0,0,0,0,0,0,0,0,0,0,0,0,0,0,0,0,0,0,0,0,0,0,0,0,0,0,0,0,0,0,0,0,0,0,0,0,0,0,0,0,0,0,0,0,0],[0,0,0,0,0,0,0,0,0,0,0,0,0,0,0,0,0,0,0,0,0,0,0,0,0,0,0,0,0,0,0,0,0,0,0,0,0,0,0,0,0,0,0,0,0,0,0],[0,0,0,0,0,0,0,0,0,0,0,0,0,0,0,0,0,0,0,0,0,0,0,0,0,0,0,0,0,0,0,0,0,0,0,0,0,0,0,0,0,0,0,0,0,0,0],[0,0,0,0,0,0,0,0,0,0,0,0,0,0,0,0,0,0,0,0,0,0,0,0,0,0,0,0,0,0,0,0,0,0,0,0,0,0,0,0,0,0,0,0,0,0,0],[0,0,0,0,0,0,0,0,0,0,0,0,0,0,0,0,0,0,0,0,0,0,0,0,0,0,0,0,0,0,0,0,0,0,0,0,0,0,0,0,0,0,0,0,0,0,0],[0,0,0,0,0,0,0,0,0,0,0,0,0,0,0,0,0,0,0,0,0,0,0,0,0,0,0,0,0,0,0,0,0,0,0,0,0,0,0,0,0,0,0,0,0,0,0],[0,0,0,0,0,0,0,0,0,0,0,0,0,0,0,0,0,0,0,0,0,0,0,0,0,0,0,0,0,0,0,0,0,0,0,0,0,0,0,0,0,0,0,0,0,0,0],[0,0,0,0,0,0,0,0,0,0,0,0,0,0,0,0,0,0,0,0,0,0,0,0,0,0,0,0,0,0,0,0,0,0,0,0,0,0,0,0,0,0,0,0,0,0,0]]},{"id":8,"type":"Light","name":"lightmap","level":"last","width":47,"height":40,"visible":1,"tilesetName":"media\/map\/lightmap-tiles.png","repeat":false,"distance":"1","tilesize":16,"moveSpeed":{"x":0,"y":0},"data":[[0,0,0,0,0,0,0,0,0,0,0,0,0,0,0,0,0,0,0,0,0,0,0,0,0,0,0,0,0,0,0,0,0,0,0,0,0,0,0,0,0,0,0,0,0,0,0],[0,0,0,0,0,0,0,0,0,0,0,0,0,0,0,0,0,0,0,0,0,0,0,0,0,0,0,0,0,0,0,0,0,0,0,0,0,0,0,0,0,0,0,0,0,0,0],[0,0,0,0,0,0,0,0,0,0,0,0,0,0,0,0,0,0,0,0,0,0,0,0,0,0,0,0,0,0,0,0,0,0,0,0,0,0,0,0,0,0,0,0,0,0,0],[0,0,0,0,0,0,0,0,0,0,0,0,0,0,0,0,0,0,0,0,0,0,0,0,0,0,0,0,0,0,0,0,0,0,0,0,0,0,0,0,0,0,0,0,0,0,0],[0,0,0,0,0,0,0,0,0,0,0,0,0,0,0,0,0,0,0,0,0,0,0,0,0,0,0,0,0,0,0,0,0,0,0,0,0,0,0,0,0,0,0,0,0,0,0],[0,0,0,0,0,0,0,0,0,5,0,0,0,0,0,0,0,5,0,0,0,0,0,0,0,5,0,0,0,0,0,0,0,0,0,0,0,0,0,0,0,0,0,0,0,0,0],[0,0,0,0,0,0,0,0,0,0,0,0,0,0,0,0,0,0,0,0,0,0,0,0,0,0,0,0,0,0,0,0,0,0,0,0,0,0,0,0,0,0,0,0,0,0,0],[0,0,0,0,5,0,0,0,0,0,0,0,0,0,0,0,0,0,0,0,0,0,0,0,0,0,0,0,0,0,0,0,0,0,0,5,0,0,0,0,0,0,0,0,0,0,0],[0,0,0,0,0,0,0,0,0,0,0,0,0,0,0,0,0,0,0,0,0,0,0,0,0,0,0,0,0,0,0,0,0,0,0,0,0,0,0,0,0,0,0,0,0,0,0],[0,0,0,0,0,0,0,0,0,0,0,0,0,0,0,0,0,0,0,0,0,0,0,0,0,0,0,0,0,0,0,0,0,0,0,0,0,0,0,0,0,0,0,0,0,0,0],[0,0,0,0,0,0,0,0,0,0,0,0,0,0,0,0,0,0,0,0,0,0,0,0,0,0,0,0,0,0,0,0,0,0,0,0,0,0,0,0,0,0,0,0,0,0,0],[0,0,0,0,0,0,0,0,0,0,2,0,0,0,0,0,0,0,0,0,0,0,0,0,0,0,0,0,0,0,0,0,0,0,0,0,0,0,0,0,0,0,0,0,0,0,0],[0,0,0,0,0,0,0,0,0,0,0,0,0,0,0,0,0,2,0,0,0,0,0,0,0,2,0,0,0,0,0,0,0,0,0,0,0,0,0,0,0,0,0,0,0,0,0],[0,0,0,0,0,0,0,0,0,0,0,0,0,0,0,0,0,0,0,0,0,0,0,0,0,0,0,0,0,0,0,0,0,0,0,0,0,0,0,0,0,0,0,0,0,0,0],[0,0,0,0,2,0,0,0,0,0,0,0,0,0,0,0,0,0,0,0,0,0,0,0,0,0,0,0,0,0,0,0,0,0,0,2,0,0,0,0,0,0,0,0,0,0,0],[0,0,0,0,0,0,0,0,0,0,0,0,0,0,0,0,0,0,0,0,0,0,0,0,0,0,0,0,0,0,0,0,0,0,0,0,0,0,0,0,0,0,0,0,0,0,0],[0,0,0,0,0,0,0,0,0,0,0,0,0,0,0,0,0,0,0,0,0,0,0,0,0,0,0,0,0,0,0,0,0,0,0,0,0,0,0,0,0,0,0,0,0,0,0],[0,0,0,0,0,0,0,0,0,0,0,0,0,0,0,0,0,0,0,0,0,0,0,0,0,0,0,0,0,0,0,0,0,0,0,0,0,0,0,0,0,0,0,0,0,0,0],[0,0,0,0,0,0,0,0,0,0,0,0,0,0,0,0,0,0,0,0,0,0,0,0,0,0,0,0,0,0,0,0,0,0,0,0,0,0,0,0,0,0,0,0,0,0,0],[0,0,0,0,0,0,0,0,0,0,0,0,0,0,0,0,0,0,0,0,0,0,0,0,0,0,0,0,0,0,0,0,0,0,0,0,0,0,0,0,0,0,0,0,0,0,0],[0,0,0,0,0,0,0,0,0,0,0,0,0,0,0,0,0,0,0,0,0,0,0,0,0,0,0,0,0,0,0,0,0,0,0,0,0,0,0,0,0,0,0,0,0,0,0],[0,0,0,0,0,0,0,0,0,0,0,0,0,0,0,0,0,0,0,0,0,0,0,0,0,0,0,0,0,0,0,0,0,0,0,0,0,0,0,0,0,0,0,0,0,0,0],[0,0,0,0,0,0,0,0,0,0,0,0,0,0,0,0,0,0,0,0,1,0,0,0,0,0,0,0,0,0,0,0,0,0,0,0,0,0,0,0,0,0,0,0,0,0,0],[0,0,0,0,0,0,0,0,0,0,0,2,0,0,0,0,0,0,0,0,0,0,0,0,0,0,0,0,0,0,2,0,0,0,0,0,0,0,0,0,0,0,0,0,0,0,0],[0,0,0,0,0,0,0,0,0,0,0,0,0,0,0,0,0,0,0,0,0,0,0,0,0,0,0,0,0,0,0,0,0,0,0,0,0,0,0,0,0,0,0,0,0,0,0],[0,0,0,0,0,0,0,0,0,0,0,0,0,0,0,0,0,0,0,0,0,0,0,0,0,0,0,0,0,0,0,0,0,0,0,0,0,0,0,0,0,0,0,0,0,0,0],[0,0,0,0,0,0,0,0,0,0,0,0,0,0,0,0,0,0,0,0,0,0,0,0,0,0,0,0,0,0,0,0,0,0,0,0,0,0,0,0,0,0,0,0,0,0,0],[0,0,0,0,0,0,0,0,0,0,0,0,0,0,0,0,0,0,0,0,0,0,0,0,0,0,0,0,0,0,0,0,0,0,0,0,0,0,0,0,0,0,0,0,0,0,0],[0,0,0,0,5,0,0,0,0,0,0,0,0,0,0,0,0,0,0,0,0,0,0,0,0,0,0,0,0,0,0,0,0,0,0,0,0,0,0,0,0,0,0,0,0,0,0],[0,0,0,0,2,0,0,0,0,0,0,0,0,0,0,0,0,0,0,0,0,0,0,0,0,0,0,0,0,0,0,0,0,0,0,0,0,0,0,0,0,0,0,0,0,0,0],[0,0,0,0,0,0,0,0,0,0,0,0,0,0,0,0,0,0,0,0,0,0,0,0,0,0,0,0,0,0,0,0,0,0,0,0,0,0,0,0,0,5,5,0,0,0,0],[0,0,0,0,0,0,0,0,0,0,0,0,0,0,0,0,0,0,0,0,0,0,0,0,0,0,0,0,0,0,0,0,0,0,0,0,0,0,0,0,0,0,0,0,0,0,0],[0,0,0,0,0,0,0,0,0,0,5,0,0,0,0,0,0,0,5,0,0,0,0,0,0,5,0,0,0,0,0,0,0,0,5,0,0,0,0,0,0,0,0,0,0,0,0],[0,0,0,0,0,0,0,0,0,0,2,0,0,0,0,0,0,0,2,0,0,0,0,0,0,2,0,0,0,0,0,0,0,0,2,0,0,0,0,0,0,0,0,0,0,0,0],[0,0,0,0,0,0,0,0,0,0,0,0,0,0,0,0,0,0,0,0,0,0,0,0,0,0,0,0,0,0,0,0,0,0,0,0,0,0,0,0,0,2,2,0,0,0,0],[0,0,0,0,0,0,0,0,0,0,0,0,0,0,0,0,0,0,0,0,0,0,0,0,0,0,0,0,0,0,0,0,0,0,0,0,0,0,0,0,0,0,0,0,0,0,0],[0,0,0,0,0,0,0,0,0,0,0,0,0,0,0,0,0,0,0,0,0,0,0,0,0,0,0,0,0,0,0,0,0,0,0,0,0,0,0,0,0,0,0,0,0,0,0],[0,0,0,0,0,0,0,0,0,0,0,0,0,0,0,0,0,0,0,0,0,0,0,0,0,0,0,0,0,0,0,0,0,0,0,0,0,0,0,0,0,0,0,0,0,0,0],[0,0,0,0,0,0,0,0,0,0,0,0,0,0,0,0,0,0,0,0,0,0,0,0,0,0,0,0,0,0,0,0,0,0,0,0,0,0,0,0,0,0,0,0,0,0,0],[0,0,0,0,0,0,0,0,0,0,0,0,0,0,0,0,0,0,0,0,0,0,0,0,0,0,0,0,0,0,0,0,0,0,0,0,0,0,0,0,0,0,0,0,0,0,0]]}],"attributes":{"saveMode":"ENABLED","map-sounds":"CARGO_SHIP_AMBIENT_D","bgm":"cargoShip","cameraInBounds":false,"mapStyle":"cargo-hold","weather":"CARGO_HOLD","area":"cargo-ship"},"screen":{"x":-219,"y":172}}