{"name":"cargo-ship\/room3","levels":[{"height":0},{"height":32},{"height":64},{"height":128}],"mapWidth":47,"mapHeight":40,"masterLevel":0,"entities":[{"type":"Prop","x":160,"y":144,"level":0,"settings":{"name":"","propType":{"sheet":"cargo-hold","name":"cargo-box1"},"mapId":1}},{"type":"Prop","x":240,"y":144,"level":0,"settings":{"name":"","propType":{"sheet":"cargo-hold","name":"cargo-box1"},"mapId":2}},{"type":"OneTimeSwitch","x":232,"y":180,"level":0,"settings":{"name":"","switchType":"turret-switch","variable":"map.switch2","addValue":"map.switchCnt1","mapId":3}},{"type":"Enemy","x":132,"y":180,"level":0,"settings":{"name":"","enemyInfo":{"type":"turret-bot","group":"","attribs":{"activeCondition":"map.turret1","reactShoot":false}},"spawnCondition":"","mapId":4}},{"type":"Destructible","x":208,"y":180,"level":0,"settings":{"name":"","desType":"boxMedium","enemyInfo":"","spawnCondition":"","mapId":5}},{"type":"OneTimeSwitch","x":308,"y":148,"level":1,"settings":{"name":"","switchType":"turret-switch","variable":"map.switch7","addValue":"map.switchCnt3","mapId":6}},{"type":"OneTimeSwitch","x":56,"y":180,"level":0,"settings":{"name":"","switchType":"turret-switch","variable":"map.switch1","addValue":"map.switchCnt1","mapId":7}},{"type":"GlowingLine","x":336,"y":164,"level":0,"settings":{"name":"","size":{"x":60,"y":8},"condition":"map.switch7","mapId":8}},{"type":"EventTrigger","x":672,"y":200,"level":0,"settings":{"name":"turret3Done","eventType":"PARALLEL","startCondition":"map.switchCnt3 = 2","endCondition":"map.wall3Removed","event":[{"name":"info","type":"REMOVE_GUI"},{"varName":"map.turret3","changeType":"set","value":false,"type":"CHANGE_VAR_BOOL"},{"eventCall":{"path":"puzzle","name":"focusPointQuick","input":{"targetPoint":{"x":480,"y":368},"variable":"map.wall3Removed"}},"type":"CALL_EVENT_FROM_SHEET"},{"varName":"map.wall3Removed","changeType":"set","value":true,"type":"CHANGE_VAR_BOOL"},{"varName":"plot.line","changeType":"set","value":43,"type":"CHANGE_VAR_NUMBER"}],"mapId":9}},{"type":"GlowingLine","x":64,"y":204,"level":0,"settings":{"name":"","size":{"x":8,"y":104},"condition":"map.switch1","mapId":10}},{"type":"GlowingLine","x":392,"y":172,"level":0,"settings":{"name":"","size":{"x":8,"y":88},"condition":"map.switch7","mapId":11}},{"type":"GlowingLine","x":240,"y":204,"level":0,"settings":{"name":"","size":{"x":8,"y":104},"condition":"map.switch2","mapId":12}},{"type":"EventTrigger","x":-36,"y":212,"level":0,"settings":{"name":"turret1IDone","eventType":"PARALLEL","startCondition":"map.switchCnt1 = 3","endCondition":"map.wall1Removed","event":[{"varName":"map.turret1","changeType":"set","value":false,"type":"CHANGE_VAR_BOOL"},{"name":"info","type":"REMOVE_GUI"},{"eventCall":{"path":"puzzle","name":"focusPointStop","input":{"targetPoint":{"x":180,"y":376},"variable":"map.wall1Removed"}},"type":"CALL_EVENT_FROM_SHEET"},{"varName":"plot.line","changeType":"set","value":41,"type":"CHANGE_VAR_NUMBER"}],"mapId":13}},{"type":"Prop","x":432,"y":224,"level":0,"settings":{"name":"","propType":{"sheet":"cargo-hold","name":"cargo-box2"},"propAnim":"---","mapId":14}},{"type":"OneTimeSwitch","x":308,"y":240,"level":1,"settings":{"name":"","switchType":"turret-switch","variable":"map.switch8","addValue":"map.switchCnt3","mapId":15}},{"type":"Enemy","x":596,"y":240,"level":1,"settings":{"name":"","enemyInfo":{"type":"turret-bot","group":"","attribs":{"activeCondition":"map.turret3","reactShoot":false}},"spawnCondition":"","mapId":16}},{"type":"EventTrigger","x":-36,"y":240,"level":0,"settings":{"name":"turret1Init","eventType":"PARALLEL","startCondition":"map.initTurret1","endCondition":"map.finishTurret1","event":[{"pos":{"x":144,"y":196},"speed":"FAST","transition":"EASE_IN_OUT","wait":true,"waitSkip":0,"type":"SET_CAMERA_POS"},{"varName":"map.turret1","changeType":"set","value":true,"type":"CHANGE_VAR_BOOL"},{"time":0.5,"ignoreSlowDown":false,"type":"WAIT"},{"speed":"FAST","transition":"EASE_IN_OUT","wait":true,"waitSkip":0.4,"type":"RESET_CAMERA"},{"varName":"map.finishTurret1","changeType":"set","value":true,"type":"CHANGE_VAR_BOOL"},{"time":0.5,"ignoreSlowDown":false,"type":"WAIT"},{"person":{"person":"main.carla","expression":"GLASS_GRIN"},"message":{"de_DE":"Zeit f\u00fcr Gesch\u00fctze!\\. Keine Angst, diese Teile werden dir nicht wehtun.","en_US":"Time for turrets!\\. Don't worry, those things won't hurt you.","langUid":1,"zh_CN":"Taret zamanı!\\. Merak etme, o şeyler sana zarar vermez.","ja_JP":"\u3055\u3042\u3001\u30bf\u30ec\u30c3\u30c8\u3092\u51fa\u3059\u3088\uff01\\.\u5927\u4e08\u592b\u3001\u653b\u6483\u3057\u3066\u3053\u306a\u3044\u304b\u3089\u3002","ko_KR":"\uc774\uc81c \ud3ec\ud0d1\uc774 \ub098\uc62c \uac70\uc57c!\\. \uac71\uc815\ud558\uc9c0 \ub9c8, \ub110 \uacf5\uaca9\ud558\uc9c0\ub294 \uc54a\uc744 \ud14c\ub2c8.","zh_TW":"\u7832\u81fa\u6642\u9593\u5230\u4e86\uff01\\.\u5225\u64d4\u5fc3\uff0c\u9019\u4e9b\u6771\u897f\u4e0d\u6703\u50b7\u5230\u4f60\u7684\u3002"},"type":"SHOW_SIDE_MSG"},{"person":{"person":"main.carla","expression":"GLASS_SMILE"},"message":{"de_DE":"An sich ist es nur ein simples R\u00e4tsel.","en_US":"This is in fact just a simple puzzle.","langUid":2,"zh_CN":"Bu aslında sadece basit bir bulmaca.","ja_JP":"\u307e\u3042\u3001\u3053\u308c\u306f\u5358\u7d14\u306a\u30d1\u30ba\u30eb\u3055\u3002","ko_KR":"\uadf8\ub0e5 \uac04\ub2e8\ud55c \ud37c\uc990\uc774\uc57c.","zh_TW":"\u5be6\u969b\u4e0a\u9019\u53ea\u662f\u500b\u7c21\u55ae\u7684\u8b0e\u984c\u800c\u5df2\u3002"},"type":"SHOW_SIDE_MSG"}],"mapId":17}},{"type":"EventTrigger","x":672,"y":240,"level":0,"settings":{"name":"turret3init","eventType":"PARALLEL","startCondition":"map.initTurret3","endCondition":"map.finishTurret3","event":[{"varName":"map.turret3","changeType":"set","value":true,"type":"CHANGE_VAR_BOOL"},{"varName":"map.finishTurret3","changeType":"set","value":true,"type":"CHANGE_VAR_BOOL"}],"mapId":18}},{"type":"OneTimeSwitch","x":168,"y":260,"level":0,"settings":{"name":"","switchType":"turret-switch","variable":"map.switch3","addValue":"map.switchCnt1","mapId":19}},{"type":"Prop","x":16,"y":268,"level":0,"settings":{"name":"","propType":{"sheet":"cargo-hold","name":"cargo-box2"},"propAnim":"---","mapId":20}},{"type":"GlowingLine","x":176,"y":284,"level":0,"settings":{"name":"","size":{"x":8,"y":24},"condition":"map.switch3","mapId":21}},{"type":"GlowingLine","x":336,"y":260,"level":0,"settings":{"name":"","size":{"x":56,"y":8},"condition":"map.switch8","mapId":22}},{"type":"GlowingLine","x":400,"y":292,"level":0,"settings":{"name":"","size":{"x":72,"y":8},"condition":"map.switchCnt3 = 2","mapId":23}},{"type":"Prop","x":256,"y":296,"level":0,"settings":{"name":"","propType":{"sheet":"cargo-hold","name":"cargo-box2"},"mapId":24}},{"type":"GlowingLine","x":472,"y":300,"level":0,"settings":{"name":"","size":{"x":8,"y":56},"condition":"map.switchCnt3 = 2","mapId":25}},{"type":"GlowingLine","x":184,"y":308,"level":0,"settings":{"name":"","size":{"x":56,"y":8},"condition":"map.switch2","mapId":26}},{"type":"GlowingLine","x":72,"y":308,"level":0,"settings":{"name":"","size":{"x":108,"y":8},"condition":"map.switch1","mapId":27}},{"type":"NPC","x":16,"y":312,"level":0,"settings":{"name":"carla","characterName":"main.carla","npcStates":[{"condition":" ","reactType":"PUSHABLE","face":"NORTH","config":"glassOn","action":[],"hidden":true,"event":[],"position":{"x":64,"y":520,"lvl":"0"},"door":{"global":true,"name":"startDoor"}},{"condition":"plot.line >= 40","reactType":"FIXED_POS","face":"EAST","config":"glassOn","action":[{"anim":"foldedGlass","wait":true,"viaWalkConfig":false,"type":"SHOW_ANIMATION","followUp":null}],"hidden":false,"event":[{"person":{"person":"main.carla","expression":"GLASS_WHISTLING"},"side":"LEFT","order":0,"clearSide":false,"type":"ADD_MSG_PERSON"},{"person":{"person":"main.lea","expression":"DEFAULT"},"side":"RIGHT","order":0,"clearSide":false,"type":"ADD_MSG_PERSON"},{"person":{"person":"main.carla","expression":"GLASS_SMILE"},"message":{"de_DE":"Komm schon, das kriegste selber hin.\\. Willste wirklich einen Hinweis?","en_US":"C'mon, you can do this yourself.\\. Really want a hint?","langUid":3,"zh_CN":"Hadi ama, bunu kendin yapabilirsin\\. Gerçekten ipucu mu istiyorsun?","ja_JP":"\u307b\u3089\u3001\u8003\u3048\u308c\u3070\u3067\u304d\u308b\u3063\u3066\u3002\\.\u672c\u5f53\u306b\u30d2\u30f3\u30c8\u304c\u307b\u3057\u3044\u304b\u3044\uff1f","ko_KR":"\uc5d0\uc774, \uc774\uac74 \ub108 \uc2a4\uc2a4\ub85c \ud560 \uc218 \uc788\uc5b4.\\. \uc815\ub9d0 \ud78c\ud2b8\uac00 \ud544\uc694\ud574?","zh_TW":"\u52a0\u6cb9\uff0c\u4f60\u81ea\u5df1\u53ef\u4ee5\u641e\u5b9a\u7684\u3002\\.\u771f\u7684\u9700\u8981\u63d0\u793a\u55ce\uff1f"},"autoContinue":false,"type":"SHOW_MSG"},{"0":[{"person":{"person":"main.lea","expression":"NOD"},"message":{"de_DE":"[nickt]","en_US":"[nods]","langUid":4,"zh_CN":"[başını sallar]","ja_JP":"[\u3046\u306a\u305a\u304f]","ko_KR":"[\ub044\ub355]","zh_TW":"[\u9ede\u982d]"},"autoContinue":false,"type":"SHOW_MSG"},{"person":{"person":"main.lea","expression":"SURPRISED_AWAY"},"type":"SET_MSG_EXPRESSION"},{"pos":{"x":180,"y":268},"speed":"NORMAL","transition":"EASE_IN_OUT","wait":false,"waitSkip":0,"type":"SET_CAMERA_POS"},{"person":{"person":"main.carla","expression":"GLASS_UP_COOL"},"message":{"de_DE":"Na gut.\\. Guck ma', diese Bl\u00f6cke sind quasi wie Schalter.","en_US":"Oh well.\\. Look, these blocks are kinda like switches.","langUid":5,"zh_CN":"Pekâlâ\\. Bak, bu bloklar biraz anahtar gibi.","ja_JP":"\u308f\u304b\u3063\u305f\u3002\\.\u3042\u306e\u30d6\u30ed\u30c3\u30af\u306f\u30b9\u30a4\u30c3\u30c1\u307f\u305f\u3044\u306a\u3082\u3093\u3060\u3088\u3002","ko_KR":"\uc88b\uc544.\\. \uc790, \uc774 \ube14\ub85d\uc740 \ub9c8\uce58 \uc2a4\uc704\uce58\ucc98\ub7fc \uc0dd\uacbc\uc5b4.","zh_TW":"\u54e6\uff0c\u597d\u5427\u3002\\.\u770b\uff0c\u9019\u4e9b\u5340\u584a\u6709\u9ede\u50cf\u958b\u95dc\u3002"},"autoContinue":false,"type":"SHOW_MSG"},{"person":{"person":"main.carla","expression":"GLASS_TOWARD"},"message":{"de_DE":"Nur, dass sie nicht auf die herk\u00f6mmlichen B\u00e4lle reagieren.","en_US":"Only they don't react to the typical balls.","langUid":6,"zh_CN":"Sadece normal toplara tepki vermiyorlar.","ja_JP":"\u305f\u3060\u3057\u3001\u30dc\u30fc\u30eb\u3092\u5f53\u3066\u3066\u3082\u53cd\u5fdc\u306f\u3057\u306a\u3044\u3002","ko_KR":"\ud2b9\uc815 \uacf5\uc5d0\ub294 \ubc18\uc751\ud558\uc9c0 \uc54a\uc544.","zh_TW":"\u53ea\u662f\u5b83\u5011\u5c0d\u4e0d\u6703\u5c0d\u666e\u901a\u7684\u7403\u8d77\u53cd\u61c9\u800c\u5df2\u3002"},"autoContinue":false,"type":"SHOW_MSG"},{"person":{"person":"main.carla","expression":"GLASS_UP"},"message":{"de_DE":"Vielleicht m\u00fcssen sie von etwas anderem getroffen werden.","en_US":"Maybe they react when hit by something else.","langUid":7,"zh_CN":"Belki başka bir şeyle vurulunca tepki verirler.","ja_JP":"\u5225\u306e\u4f55\u304b\u3092\u5f53\u3066\u305f\u3089\u3044\u3044\u304b\u3082\u3057\u308c\u306a\u3044\u306d\u3002","ko_KR":"\ub2e4\ub978 \uac83\uc73c\ub85c \ub54c\ub838\uc744 \ub54c \ubc18\uc751\ud558\uc9c0.","zh_TW":"\u6216\u8a31\u5b83\u5011\u88ab\u5176\u5b83\u6771\u897f\u64ca\u4e2d\u5f8c\u6703\u6709\u53cd\u61c9\u5462\u3002"},"autoContinue":false,"type":"SHOW_MSG"}],"1":[{"person":{"person":"main.lea","expression":"SHAKE"},"message":{"de_DE":"[sch\u00fcttelt Kopf]","en_US":"[shakes head]","langUid":8,"zh_CN":"[başını sallar]","ja_JP":"[\u9996\u3092\u632f\u308b]","ko_KR":"[\ub3c4\ub9ac\ub3c4\ub9ac]","zh_TW":"[\u6416\u982d]"},"autoContinue":false,"type":"SHOW_MSG"},{"person":{"person":"main.carla","expression":"GLASS_UP_GRIN"},"message":{"de_DE":"Gut so! Benutz dein h\u00fcbsches K\u00f6pfchen.","en_US":"Attagirl! Use that pretty head of yours.","langUid":9,"zh_CN":"Aferin kızım! O güzel kafanı kullan.","ja_JP":"\u3088\u3057\uff01 \u305d\u306e\u982d\u3092\u4f7f\u3046\u3093\u3060\u3088\uff01","ko_KR":"\uc88b\uc558\uc5b4! \ub124 \uba38\ub9ac\ub97c \uc880 \uc4f0\ub77c\uace0.","zh_TW":"\u7f8e\u5973\uff01\u7528\u7528\u4f60\u90a3\u53ef\u611b\u7684\u5c0f\u8166\u888b\u3002"},"autoContinue":false,"type":"SHOW_MSG"}],"person":{"person":"main.lea","expression":"NERVOUS"},"options":[{"label":{"de_DE":"[Ja]","en_US":"[Yes]","langUid":10,"zh_CN":"[Evet]","ja_JP":"[\u306f\u3044]","ko_KR":"[\uc608]","zh_TW":"[\u662f]"}},{"label":{"de_DE":"[Nein]","en_US":"[No]","langUid":11,"zh_CN":"[Hayır]","ja_JP":"[\u3044\u3044\u3048]","ko_KR":"[\uc544\ub2c8\uc694]","zh_TW":"[\u5426]"}}],"type":"SHOW_CHOICE"}],"position":{"x":24,"y":320,"lvl":"0"},"door":null},{"condition":"plot.line >= 41","reactType":"FIXED_POS","face":"SOUTH","config":"glassOn","action":[{"anim":"foldedGlass","wait":true,"viaWalkConfig":false,"type":"SHOW_ANIMATION","followUp":null}],"hidden":false,"event":[{"person":{"person":"main.carla","expression":"GLASS_WHISTLING"},"side":"LEFT","order":0,"clearSide":false,"type":"ADD_MSG_PERSON"},{"person":{"person":"main.lea","expression":"DEFAULT"},"side":"RIGHT","order":0,"clearSide":false,"type":"ADD_MSG_PERSON"},{"person":{"person":"main.carla","expression":"GLASS_SMILE"},"message":{"de_DE":"Hm, das hier ist ein kleines bisschen kniffliger. Brauchste Hilfe?","en_US":"Hm, this one is a tiny bit more tricky. Need some help?","langUid":12,"zh_CN":"Hm, bu birazcık daha zorlayıcı. Yardım ister misin?","ja_JP":"\u3042\u3042\u3001\u3053\u3044\u3064\u306f\u3061\u3087\u3063\u3068\u8907\u96d1\u3060\u306d\u3002\\.\u30d2\u30f3\u30c8\u304c\u3044\u308b\u304b\u3044\uff1f","ko_KR":"\ud760, \uc774\uac74 \uc880 \ub354 \uc5b4\ub835\uaca0\ub124. \uc880 \ub3c4\uc640\uc904\uae4c?","zh_TW":"\u55ef\uff0c\u9019\u500b\u662f\u6709\u90a3\u9ebc\u4e00\u9ede\u9ede\u68d8\u624b\u3002\u9700\u8981\u9ede\u5e6b\u52a9\u55ce\uff1f"},"autoContinue":false,"type":"SHOW_MSG"},{"0":[{"person":{"person":"main.lea","expression":"NOD"},"message":{"de_DE":"[nickt]","en_US":"[nods]","langUid":13,"zh_CN":"[başını sallar]","ja_JP":"[\u3046\u306a\u305a\u304f]","ko_KR":"[\ub044\ub355]","zh_TW":"[\u9ede\u982d]"},"autoContinue":false,"type":"SHOW_MSG"},{"person":{"person":"main.lea","expression":"NERVOUS"},"type":"SET_MSG_EXPRESSION"},{"pos":{"x":292,"y":524},"speed":"NORMAL","transition":"EASE_IN_OUT","wait":false,"waitSkip":0,"type":"SET_CAMERA_POS"},{"person":{"person":"main.carla","expression":"GLASS_UP_COOL"},"message":{"de_DE":"Damit die Gesch\u00fctze die Bl\u00f6cke treffen, musst du zwischen den beiden stehen.","en_US":"To make the turret hit these blocks you have to stand between turret and block.","langUid":14,"zh_CN":"Taretin bu bloklara vurmasını sağlamak için taretle blok arasına geçmen gerekiyor.","ja_JP":"\u30bf\u30ec\u30c3\u30c8\u306e\u5f3e\u3092\u30d6\u30ed\u30c3\u30af\u306b\u5f53\u3066\u308b\u306b\u306f\u3001\u305d\u306e2\u3064\u306e\u9593\u306b\u7acb\u3064\u5fc5\u8981\u304c\u3042\u308b\u3093\u3060\u3088\u3002","ko_KR":"\ud3ec\ud0d1\uc774 \uc774 \ube14\ub85d\uc744 \uce58\uac8c \ud558\ub824\uba74 \ud3ec\ud0d1\uacfc \ube14\ub85d \uc0ac\uc774\uc5d0 \uc11c \uc788\uc73c\uba74 \ub3fc.","zh_TW":"\u60f3\u8981\u8b93\u7832\u81fa\u64ca\u4e2d\u9019\u4e9b\u5340\u584a\uff0c\u4f60\u9700\u8981\u7ad9\u5728\u7832\u81fa\u548c\u5340\u57df\u4e4b\u9593\u3002"},"autoContinue":false,"type":"SHOW_MSG"},{"person":{"person":"main.carla","expression":"GLASS_SMILE"},"message":{"de_DE":"Dann musst du dem Geschoss sofort nach Abschuss ausweichen.","en_US":"Then you need to dodge the bullet right after it was shot.","langUid":15,"zh_CN":"Sonra da mermi ateşlendikten hemen sonra ondan kaçman gerekiyor.","ja_JP":"\u5f3e\u304c\u767a\u5c04\u3055\u308c\u305f\u3089\u3001\u3059\u3050\u306b\u305d\u306e\u5834\u3092\u96e2\u308c\u306a\u3044\u3068\u3002","ko_KR":"\uadf8\ub7f0 \ub2e4\uc74c\uc5d0 \ud3ec\ud0d1\uc774 \uc3d8\ub294 \uc21c\uac04 \uace7\ubc14\ub85c \ud53c\ud558\ub294 \uac70\uc57c.","zh_TW":"\u7136\u5f8c\u5728\u5b83\u5c04\u51fa\u5b50\u5f48\u4e4b\u5f8c\uff0c\u4f60\u9700\u8981\u907f\u958b\u5b50\u5f48\u3002"},"autoContinue":false,"type":"SHOW_MSG"},{"person":{"person":"main.carla","expression":"GLASS_GRIN"},"message":{"de_DE":"Du musst auf dein Timing achten.\\. Komm schon, ich wei\u00df, dass du das kannst!","en_US":"You need to get the timing right.\\. C'mon, I know you can do it!","langUid":16,"zh_CN":"Zamanlamayı doğru yapman gerekiyor\\. Hadi, yapabileceğini biliyorum!","ja_JP":"\u30bf\u30a4\u30df\u30f3\u30b0\u3092\u3064\u304b\u3080\u5fc5\u8981\u304c\u3042\u308b\u304b\u306a\u3002\\.\u307e\u3042\u3001\u3042\u3093\u305f\u306a\u3089\u3067\u304d\u308b\u3055\uff01","ko_KR":"\ud0c0\uc774\ubc0d\uc744 \uc798 \ub9de\ucdb0\uc57c\uaca0\uc9c0?\\. \uc790, \ub10c \ud560 \uc218 \uc788\uc5b4!","zh_TW":"\u4f60\u9700\u8981\u6293\u4f4f\u6b63\u78ba\u7684\u6642\u6a5f\u3002\\.\u52a0\u6cb9\uff0c\u6211\u77e5\u9053\u4f60\u53ef\u4ee5\u7684\uff01"},"autoContinue":false,"type":"SHOW_MSG"}],"1":[{"person":{"person":"main.lea","expression":"SHAKE"},"message":{"de_DE":"[sch\u00fcttelt Kopf]","en_US":"[shakes head]","langUid":17,"zh_CN":"[başını sallar]","ja_JP":"[\u9996\u3092\u632f\u308b]","ko_KR":"[\ub3c4\ub9ac\ub3c4\ub9ac]","zh_TW":"[\u6416\u982d]"},"autoContinue":false,"type":"SHOW_MSG"},{"person":{"person":"main.carla","expression":"GLASS_UP_GRIN"},"message":{"de_DE":"Na gut! Dann hau rein!","en_US":"Alright! Go on!","langUid":18,"zh_CN":"Tamam! Devam et!","ja_JP":"\u3088\u3057\u3001\u3058\u3083\u3042\u884c\u3063\u3068\u3044\u3067\uff01","ko_KR":"\uc88b\uc544, \uadf8\ub7fc! \uacc4\uc18d\ud574!","zh_TW":"\u90a3\u597d\uff01\u7e7c\u7e8c\u5427\uff01"},"autoContinue":false,"type":"SHOW_MSG"}],"person":{"person":"main.lea","expression":"SURPRISED_AWAY"},"options":[{"label":{"de_DE":"[Ja]","en_US":"[Yes]","langUid":19,"zh_CN":"[Evet]","ja_JP":"[\u306f\u3044]","ko_KR":"[\uc608]","zh_TW":"[\u662f]"}},{"label":{"de_DE":"[Nein]","en_US":"[No]","langUid":20,"zh_CN":"[Hayır]]","ja_JP":"[\u3044\u3044\u3048]","ko_KR":"[\uc544\ub2c8\uc694]","zh_TW":"[\u5426]"}}],"type":"SHOW_CHOICE"}],"position":{"x":288,"y":392,"lvl":"0"},"door":null},{"condition":"plot.line >= 42","reactType":"FIXED_POS","face":"WEST","config":"glassOn","action":[{"anim":"foldedGlass","wait":true,"viaWalkConfig":false,"type":"SHOW_ANIMATION","followUp":null}],"hidden":false,"event":[{"person":{"person":"main.carla","expression":"GLASS_WHISTLING"},"side":"LEFT","order":0,"clearSide":false,"type":"ADD_MSG_PERSON"},{"person":{"person":"main.lea","expression":"DEFAULT"},"side":"RIGHT","order":0,"clearSide":false,"type":"ADD_MSG_PERSON"},{"person":{"person":"main.carla","expression":"GLASS_SMILE"},"message":{"de_DE":"Kommst du hier nicht weiter?","en_US":"Are you stuck here?","langUid":21,"zh_CN":"Burada mı takıldın?","ja_JP":"\u308f\u304b\u3089\u306a\u3044\u306e\u304b\u3044\uff1f","ko_KR":"\uc5ec\uae30\uc5d0\uc11c \ub9c9\ud78c \uac70\uc57c?","zh_TW":"\u5361\u95dc\u4e86\uff1f"},"autoContinue":false,"type":"SHOW_MSG"},{"0":[{"person":{"person":"main.lea","expression":"NOD"},"message":{"de_DE":"[nickt]","en_US":"[nods]","langUid":22,"zh_CN":"[başını sallar]","ja_JP":"[\u3046\u306a\u305a\u304f]","ko_KR":"[\ub044\ub355]","zh_TW":"[\u9ede\u982d]"},"autoContinue":false,"type":"SHOW_MSG"},{"person":{"person":"main.lea","expression":"NERVOUS"},"type":"SET_MSG_EXPRESSION"},{"pos":{"x":460,"y":208},"speed":"NORMAL","transition":"EASE_IN_OUT","wait":false,"waitSkip":0,"type":"SET_CAMERA_POS"},{"person":{"person":"main.carla","expression":"GLASS_UP_COOL"},"message":{"de_DE":"Das hier ist eigentlich fast das Gleiche wie vorher.\\. Nur dieses Mal sind die Bl\u00f6cke und Gesch\u00fctze auf einer h\u00f6heren Ebene.","en_US":"It's actually almost the same as before.\\. Only this time the turret and blocks are on a higher level.","langUid":23,"zh_CN":"Aslında öncekiyle neredeyse aynı\\. Sadece bu sefer taret ve bloklar daha yüksek bir seviyede.","ja_JP":"\u5b9f\u306f\u3001\u3055\u3063\u304d\u3068\u307b\u3068\u3093\u3069\u4e00\u7dd2\u306a\u3093\u3060\u3002\\.\u305f\u3060\u3001\u30bf\u30ec\u30c3\u30c8\u3068\u30d6\u30ed\u30c3\u30af\u304c\u9ad8\u3044\u6240\u306b\u3042\u308b\u3060\u3051\u3002","ko_KR":"\uc804\uc774\ub791 \uac70\uc758 \ube44\uc2b7\ud574.\\. \uc774\ubc88\uc5d0\ub294 \ud3ec\ud0d1\uacfc \ube14\ub85d\uc758 \ub808\ubca8\uc774 \ub354 \ub192\uc744 \ubfd0\uc774\uc57c.","zh_TW":"\u9019\u5e7e\u4e4e\u8ddf\u4e4b\u524d\u7684\u4e00\u6a21\u4e00\u6a23\u554a\u3002\\.\u53ea\u662f\u9019\u6b21\u7832\u81fa\u548c\u5340\u584a\u66f4\u9ad8\u4e86\u800c\u5df2\u3002"},"autoContinue":false,"type":"SHOW_MSG"},{"person":{"person":"main.carla","expression":"GLASS_SMILE"},"message":{"de_DE":"Also geh auf diesen Container in der Mitte und weich den Geschossen aus!","en_US":"So get up on that container in the middle and dodge some bullets!","langUid":24,"zh_CN":"Yani ortaya, o konteynerin üstüne çık ve biraz mermilerden kaç!","ja_JP":"\u3064\u307e\u308a\u3001\u771f\u3093\u4e2d\u306e\u30b3\u30f3\u30c6\u30ca\u306b\u4e57\u3063\u3066\u5f3e\u3092\u907f\u3051\u308c\u3070\u3044\u3044\u306e\u3055\u3002","ko_KR":"\uc800 \uc911\uac04\uc5d0 \uc788\ub294 \ucee8\ud14c\uc774\ub108 \uc704\uc5d0 \uc62c\ub77c\uac00\uc11c \ucd1d\uc54c\uc744 \ud53c\ud574 \ubd10!","zh_TW":"\u5230\u4e2d\u9593\u90a3\u500b\u96c6\u88dd\u7bb1\u4e0a\u9762\u53bb\uff0c\u7136\u5f8c\u9583\u907f\u5b50\u5f48\uff01"},"autoContinue":false,"type":"SHOW_MSG"}],"1":[{"person":{"person":"main.lea","expression":"SHAKE"},"message":{"de_DE":"[sch\u00fcttelt Kopf]","en_US":"[shakes head]","langUid":25,"zh_CN":"[başını sallar]","ja_JP":"[\u9996\u3092\u632f\u308b]","ko_KR":"[\ub3c4\ub9ac\ub3c4\ub9ac]","zh_TW":"[\u6416\u982d]"},"autoContinue":false,"type":"SHOW_MSG"},{"person":{"person":"main.carla","expression":"GLASS_UP_GRIN"},"message":{"de_DE":"Na gut! Dann hau rein!","en_US":"Alright! Go on!","langUid":26,"zh_CN":"Tamam! Devam et!","ja_JP":"\u3088\u3057\u3001\u3058\u3083\u3042\u884c\u3063\u3068\u3044\u3067\uff01","ko_KR":"\uc88b\uc544, \uadf8\ub7fc! \uacc4\uc18d\ud574!","zh_TW":"\u90a3\u597d\uff01\u7e7c\u7e8c\u5427\uff01"},"autoContinue":false,"type":"SHOW_MSG"}],"person":{"person":"main.lea","expression":"SURPRISED_AWAY"},"options":[{"label":{"de_DE":"[Ja]","en_US":"[Yes]","langUid":27,"zh_CN":"[Evet]","ja_JP":"[\u306f\u3044]","ko_KR":"[\uc608]","zh_TW":"[\u662f]"}},{"label":{"de_DE":"[Nein]","en_US":"[No]","langUid":28,"zh_CN":"[Hayır]","ja_JP":"[\u3044\u3044\u3048]","ko_KR":"[\uc544\ub2c8\uc694]","zh_TW":"[\u5426]"}}],"type":"SHOW_CHOICE"}],"position":{"x":584,"y":264,"lvl":"0"},"door":null},{"condition":"plot.line >= 43","reactType":"FIXED_POS","face":"SOUTH","config":"glassOn","action":[{"anim":"foldedGlass","wait":true,"viaWalkConfig":false,"type":"SHOW_ANIMATION","followUp":null}],"hidden":false,"event":[{"person":{"person":"main.carla","expression":"GLASS_WHISTLING"},"side":"LEFT","order":0,"clearSide":false,"type":"ADD_MSG_PERSON"},{"person":{"person":"main.lea","expression":"DEFAULT"},"side":"RIGHT","order":0,"clearSide":false,"type":"ADD_MSG_PERSON"},{"person":{"person":"main.carla","expression":"GLASS_GRIN"},"message":{"de_DE":"Diese Dinger kommen etwas unerwartet, stimmt's?\\. Brauchste 'nen Hinweis?","en_US":"These things are kinda unexpected, right?\\. Need a hint?","langUid":29,"zh_CN":"Bu şeyler biraz beklenmedik, değil mi?\\. İpucu ister misin?","ja_JP":"\u3053\u3093\u306a\u306e\u306f\u4e88\u60f3\u3057\u3066\u306a\u304b\u3063\u305f\u304b\u3044\uff1f\\.\u30d2\u30f3\u30c8\u3067\u3082\u3044\u308b\uff1f","ko_KR":"\uc774\uac74 \uc608\uc0c1\uce58 \ubabb\ud588\uc9c0?\\. \ud78c\ud2b8\uac00 \ud544\uc694\ud574?","zh_TW":"\u9019\u4e9b\u6771\u897f\u6709\u9ede\u51fa\u4e4e\u610f\u6599\uff0c\u5c0d\u55ce\uff1f\\.\u9700\u8981\u63d0\u793a\u55ce\uff1f"},"autoContinue":false,"type":"SHOW_MSG"},{"0":[{"person":{"person":"main.lea","expression":"NOD"},"message":{"de_DE":"[nickt]","en_US":"[nods]","langUid":30,"zh_CN":"[başını sallar]","ja_JP":"[\u3046\u306a\u305a\u304f]","ko_KR":"[\ub044\ub355]","zh_TW":"[\u9ede\u982d]"},"autoContinue":false,"type":"SHOW_MSG"},{"person":{"person":"main.lea","expression":"NERVOUS"},"type":"SET_MSG_EXPRESSION"},{"pos":{"x":516,"y":440},"speed":"NORMAL","transition":"EASE_IN_OUT","wait":false,"waitSkip":0,"type":"SET_CAMERA_POS"},{"person":{"person":"main.carla","expression":"GLASS_SMILE"},"message":{"de_DE":"Diese Spiegel-artigen Dinger schie\u00dfen nur Geschosse, wenn sie zuerst von deinen B\u00e4llen getroffen wurden.","en_US":"That mirror-like thing only shoots bullets, when it's hit by your balls.","langUid":31,"zh_CN":"O ayna benzeri şey sadece toplarınla vurulduğunda mermi atar.","ja_JP":"\u3042\u306e\u93e1\u307f\u305f\u3044\u306a\u5974\u306f\u30dc\u30fc\u30eb\u3092\u5f53\u3066\u308b\u3068\u5f3e\u3092\u767a\u5c04\u3059\u308b\u3002","ko_KR":"\uc800 \uac70\uc6b8\uac19\uc774 \uc0dd\uae34 \uac83\uc740 \ub124 \uacf5\uc5d0 \ub9de\uc558\uc744 \ub54c\ub9cc \ucd1d\uc54c\uc744 \uc3f4.","zh_TW":"\u90a3\u500b\u50cf\u93e1\u5b50\u4e00\u6a23\u7684\u6771\u897f\uff0c\u7576\u4f60\u7528\u7403\u64ca\u4e2d\u5b83\u6642\u5c31\u6703\u5c04\u51fa\u5b50\u5f48\u3002"},"autoContinue":false,"type":"SHOW_MSG"},{"person":{"person":"main.carla","expression":"GLASS_TOWARD"},"message":{"de_DE":"Und sie feuern ihre Geschosse immer direkt auf dich zu.","en_US":"And it always shoots the bullets right at you.","langUid":32,"zh_CN":"Ve her zaman mermileri doğrudan sana doğru atar.","ja_JP":"\u305d\u306e\u5f3e\u306f\u3001\u5fc5\u305a\u30a2\u30f3\u30bf\u306b\u5411\u3051\u3066\u767a\u5c04\u3055\u308c\u308b\u3088\u3046\u306b\u306a\u3063\u3066\u308b\u3093\u3060\u3002","ko_KR":"\uadf8\ub9ac\uace0 \ud56d\uc0c1 \uc815\ud655\ud558\uac8c \ub108\ub97c \ud5a5\ud574 \uc3d8\uc9c0.","zh_TW":"\u800c\u4e14\u53ea\u6703\u671d\u4f60\u5c04\u51fa\u5b50\u5f48\u3002"},"autoContinue":false,"type":"SHOW_MSG"},{"person":{"person":"main.carla","expression":"GLASS_WHISTLING"},"message":{"de_DE":"Du solltest den Block zwischen dir und dem Spiegel haben und dann den Spiegel mit einem Ball treffen...","en_US":"You'll need a block between you and the mirror and still need to hit the mirror with one of your balls...","langUid":33,"zh_CN":"Seninle ayna arasında bir blok olması gerekiyor ve yine de aynayı toplarından biriyle vurmalısın...","ja_JP":"\u30a2\u30f3\u30bf\u3068\u93e1\u306e\u9593\u306b\u30d6\u30ed\u30c3\u30af\u304c\u306a\u304f\u3061\u3083\u3044\u3051\u306a\u3044\u3051\u3069\u3001\u30dc\u30fc\u30eb\u306f\u93e1\u306b\u5f53\u3066\u306a\u304d\u3083\u3044\u3051\u306a\u3044...","ko_KR":"\uadf8\ub7ec\ub2c8 \uac70\uc6b8\uacfc \ub108 \uc0ac\uc774\uc5d0 \ube14\ub85d\uc774 \ud544\uc694\ud560 \uac70\uc57c. \uadf8\ub9ac\uace0 \uadf8 \uc0c1\ud0dc\uc5d0\uc11c \uacf5\uc73c\ub85c \uac70\uc6b8\uc744 \uccd0\uc57c \ud574...","zh_TW":"\u4f60\u548c\u90a3\u93e1\u5b50\u4e4b\u9593\u9700\u8981\u4e00\u500b\u5340\u584a\uff0c\u800c\u4e14\u9084\u9700\u8981\u4f60\u7684\u7403\u64ca\u4e2d\u90a3\u9762\u93e1\u5b50\u2026"},"autoContinue":false,"type":"SHOW_MSG"},{"person":{"person":"main.carla","expression":"GLASS_GRIN"},"message":{"de_DE":"Also, hier ist der Hinweis:\\. Denk an h\u00fcpfende B\u00e4lle!","en_US":"So here's the hint:\\. Think bouncing balls!","langUid":34,"zh_CN":"İşte ipucu:\\. Seken topları düşün!","ja_JP":"\u30dc\u30fc\u30eb\u3092\u58c1\u306b\u53cd\u5c04\u3055\u305b\u308b\u3001\\.\u3063\u3066\u306e\u304c\u30d2\u30f3\u30c8\u3055\u3002","ko_KR":"\uc790, \ud78c\ud2b8\ub294 \ubc14\ub85c \uc774\uac70\uc57c.\\. \ud280\ub294 \uacf5\uc744 \uc0dd\uac01\ud558\ub77c!","zh_TW":"\u6240\u4ee5\u63d0\u793a\u5c31\u662f\uff1a\\.\u60f3\u60f3\u5f48\u8df3\u7403\uff01"},"autoContinue":false,"type":"SHOW_MSG"}],"1":[{"person":{"person":"main.lea","expression":"SHAKE"},"message":{"de_DE":"[sch\u00fcttelt Kopf]","en_US":"[shakes head]","langUid":35,"zh_CN":"[başını sallar]","ja_JP":"[\u9996\u3092\u632f\u308b]","ko_KR":"[\ub3c4\ub9ac\ub3c4\ub9ac]","zh_TW":"[\u6416\u982d]"},"autoContinue":false,"type":"SHOW_MSG"},{"person":{"person":"main.carla","expression":"GLASS_UP_GRIN"},"message":{"de_DE":"Na gut! Dann hau rein!","en_US":"Alright! Go on!","langUid":36,"zh_CN":"Tamam! Devam et!","ja_JP":"\u3088\u3057\u3001\u3058\u3083\u3042\u884c\u3063\u3068\u3044\u3067\uff01","ko_KR":"\uc88b\uc544, \uadf8\ub7fc! \uacc4\uc18d\ud574!","zh_TW":"\u90a3\u597d\uff01\u7e7c\u7e8c\u5427\uff01"},"autoContinue":false,"type":"SHOW_MSG"}],"person":{"person":"main.lea","expression":"SURPRISED_AWAY"},"options":[{"label":{"de_DE":"[Ja]","en_US":"[Yes]","langUid":37,"zh_CN":"[Evet]","ja_JP":"[\u306f\u3044]","ko_KR":"[\uc608]","zh_TW":"[\u662f]"}},{"label":{"de_DE":"[Nein]","en_US":"[No]","langUid":38,"zh_CN":"[Hayır]","ja_JP":"[\u3044\u3044\u3048]","ko_KR":"[\uc544\ub2c8\uc694]","zh_TW":"[\u5426]"}}],"type":"SHOW_CHOICE"}],"position":{"x":540,"y":376,"lvl":"0"},"door":null},{"condition":"plot.line >= 44","reactType":"FIXED_POS","face":"SOUTH","config":"glassOn","action":[{"anim":"foldedGlass","wait":true,"viaWalkConfig":false,"type":"SHOW_ANIMATION","followUp":null}],"hidden":false,"event":[{"person":{"person":"main.carla","expression":"GLASS_GRIN"},"side":"LEFT","order":0,"clearSide":false,"type":"ADD_MSG_PERSON"},{"person":{"person":"main.lea","expression":"NERVOUS"},"side":"RIGHT","order":0,"clearSide":false,"type":"ADD_MSG_PERSON"},{"person":{"person":"main.carla","expression":"GLASS_GRIN"},"message":{"de_DE":"Puh, das war alles f\u00fcr diesen Raum.\\. 'ne Menge R\u00e4tsel, was?\\. Aber keine Sorge, im n\u00e4chsten Raum wartet richtig Action auf dich!","en_US":"Phew, that's all for this room.\\. Lot's of puzzles, right?\\. But don't worry, you will get some real action in the next room!","langUid":39,"zh_CN":"Vuh, bu oda bu kadar\\. Bir sürü bulmaca vardı, değil mi?\\. Ama merak etme, bir sonraki odada gerçek aksiyon var!","ja_JP":"\u3075\u3045\u3001\u3053\u306e\u90e8\u5c4b\u306f\u3053\u308c\u3067\u7d42\u308f\u308a\u3060\u306d\u3002\\.\u30d1\u30ba\u30eb\u3070\u304b\u308a\u3060\u3063\u305f\u308d\uff1f\\.\u30a2\u30af\u30b7\u30e7\u30f3\u306a\u3089\u6b21\u306e\u90e8\u5c4b\u3067\u5b58\u5206\u306b\u697d\u3057\u3081\u308b\u304b\u3089\u3001\u5927\u4e08\u592b\u3060\u3088\uff01","ko_KR":"\ud734, \uc774 \ubc29\uc740 \uc5ec\uae30\uae4c\uc9c0\uc57c.\\. \ud37c\uc990\uc774 \uaf64 \ub9ce\uc558\uc9c0?\\. \ud558\uc9c0\ub9cc \uac71\uc815\ud558\uc9c0 \ub9c8. \ub2e4\uc74c \ubc29\uc774 \uc9c4\uc9dc\uac70\ub4e0!","zh_TW":"\u5537\uff0c\u9019\u500b\u623f\u9593\u5230\u6b64\u5c31\u7d50\u675f\u4e86\u3002\\.\u8b0e\u984c\u592a\u591a\u4e86\uff0c\u5c0d\u4e0d\u5c0d\uff1f\\.\u4e0d\u904e\u5225\u64d4\u5fc3\uff0c\u5728\u4e0b\u500b\u623f\u9593\u4f60\u5c31\u53ef\u4ee5\u4f86\u4e00\u4e9b\u5be6\u8cea\u7684\u884c\u52d5\u4e86\uff01"},"autoContinue":false,"type":"SHOW_MSG"}],"position":{"x":636,"y":552,"lvl":"0"},"door":null},{"condition":"plot.line >= 45","reactType":"FIXED_POS","face":"SOUTH","config":"glassOn","action":[],"hidden":true,"event":[],"position":{"x":672,"y":552,"lvl":"0"},"door":{"global":true,"name":"endDoor"}}],"mapId":28}},{"type":"GlowingLine","x":176,"y":316,"level":0,"settings":{"name":"","size":{"x":8,"y":56},"condition":"map.switchCnt1 = 3","mapId":29}},{"type":"TouchTrigger","x":16,"y":352,"level":0,"settings":{"name":"","size":{"x":96,"y":36},"variable":"map.initTurret1","type":"SET_TRUE","zHeight":"16","mapId":30}},{"type":"WallHorizontal","x":436,"y":360,"level":0,"settings":{"name":"","size":{"x":92,"y":8},"leftEnd":"CONTINUE","rightEnd":"STOP","condition":"!map.wall3Removed","collType":"BLOCK","wallZHeight":32,"mapId":31}},{"type":"TouchTrigger","x":304,"y":360,"level":0,"settings":{"name":"","size":{"x":124,"y":16},"variable":"map.initTurret3","type":"SET_TRUE","zHeight":"16","mapId":32}},{"type":"WallVertical","x":428,"y":360,"level":0,"settings":{"name":"","size":{"x":8,"y":72},"topEnd":"CORNER_RIGHT","bottomEnd":"STOP","condition":"!map.wall3Removed","collType":"BLOCK","wallZHeight":32,"mapId":33}},{"type":"Prop","x":608,"y":364,"level":0,"settings":{"name":"","propType":{"sheet":"cargo-hold","name":"cargo-box2"},"mapId":34}},{"type":"TouchTrigger","x":436,"y":368,"level":0,"settings":{"name":"","size":{"x":92,"y":64},"variable":"map.initTurret4","type":"SET_TRUE","zHeight":"16","mapId":35}},{"type":"WallHorizontal","x":144,"y":376,"level":0,"settings":{"name":"","size":{"x":128,"y":8},"leftEnd":"STOP","rightEnd":"STOP","condition":"!map.wall1Removed","collType":"BLOCK","wallZHeight":32,"mapId":36}},{"type":"WallHorizontal","x":304,"y":376,"level":0,"settings":{"name":"","size":{"x":124,"y":8},"leftEnd":"STOP","rightEnd":"STOP","condition":"!map.wall2Removed","collType":"BLOCK","wallZHeight":32,"mapId":37}},{"type":"TouchTrigger","x":144,"y":384,"level":0,"settings":{"name":"","size":{"x":128,"y":16},"variable":"map.initTurret2","type":"SET_TRUE","zHeight":"16","mapId":38}},{"type":"GlowingLine","x":348,"y":388,"level":0,"settings":{"name":"","size":{"x":8,"y":88},"condition":"map.switchCnt2 = 3","mapId":39}},{"type":"EventTrigger","x":-36,"y":400,"level":0,"settings":{"name":"CarlaEnter","eventType":"PARALLEL","startCondition":"map.carlaEnter","endCondition":"plot.line >= 40","event":[{"varName":"plot.line","changeType":"set","value":40,"type":"CHANGE_VAR_NUMBER"},{"varName":"map.carlaEntered","changeType":"set","value":true,"type":"CHANGE_VAR_BOOL"}],"mapId":40}},{"type":"Enemy","x":276,"y":416,"level":0,"settings":{"name":"","enemyInfo":{"type":"turret-bot","group":"","attribs":{"activeCondition":"map.turret2","reactShoot":false}},"spawnCondition":"","mapId":41}},{"type":"Prop","x":144,"y":424,"level":0,"settings":{"name":"","propType":{"sheet":"cargo-hold","name":"cargo-box1"},"mapId":42}},{"type":"OneTimeSwitch","x":548,"y":428,"level":0,"settings":{"name":"","switchType":"turret-switch","variable":"map.switch10","addValue":"map.switchCnt4","mapId":43}},{"type":"TouchTrigger","x":16,"y":428,"level":0,"settings":{"name":"","size":{"x":96,"y":44},"variable":"map.carlaEnter","type":"SET_TRUE","zHeight":"64","mapId":44}},{"type":"Enemy","x":504,"y":432,"level":0,"settings":{"name":"","enemyInfo":{"type":"reflector-bot","group":"","attribs":{}},"spawnCondition":"","mapId":45}},{"type":"Prop","x":144,"y":440,"level":0,"settings":{"name":"","propType":{"sheet":"cargo-hold","name":"cargo-box2"},"mapId":46}},{"type":"GlowingLine","x":556,"y":452,"level":0,"settings":{"name":"","size":{"x":8,"y":72},"condition":"map.switch10","mapId":47}},{"type":"Destructible","x":276,"y":464,"level":0,"settings":{"name":"","desType":"boxMedium","enemyInfo":"","spawnCondition":"","mapId":48}},{"type":"Destructible","x":300,"y":464,"level":0,"settings":{"name":"","desType":"boxMedium","enemyInfo":"","spawnCondition":"","mapId":49}},{"type":"Destructible","x":252,"y":464,"level":0,"settings":{"name":"","desType":"boxMedium","enemyInfo":"","spawnCondition":"","mapId":50}},{"type":"OneTimeSwitch","x":500,"y":472,"level":0,"settings":{"name":"","switchType":"turret-switch","variable":"map.switch9","addValue":"map.switchCnt4","mapId":51}},{"type":"GlowingLine","x":356,"y":476,"level":0,"settings":{"name":"","size":{"x":44,"y":8},"condition":"map.switch6","mapId":52}},{"type":"GlowingLine","x":164,"y":476,"level":0,"settings":{"name":"","size":{"x":188,"y":8},"condition":"map.switch4","mapId":53}},{"type":"GlowingLine","x":348,"y":484,"level":0,"settings":{"name":"","size":{"x":8,"y":88},"condition":"map.switch5","mapId":54}},{"type":"GlowingLine","x":156,"y":484,"level":0,"settings":{"name":"","size":{"x":8,"y":76},"condition":"map.switch4","mapId":55}},{"type":"GlowingLine","x":396,"y":484,"level":0,"settings":{"name":"","size":{"x":8,"y":76},"condition":"map.switch6","mapId":56}},{"type":"Marker","x":48,"y":496,"level":0,"settings":{"name":"start","dir":"NORTH","mapId":57}},{"type":"GlowingLine","x":508,"y":500,"level":0,"settings":{"name":"","size":{"x":8,"y":24},"condition":"map.switch9","mapId":58}},{"type":"Prop","x":608,"y":500,"level":0,"settings":{"name":"","propType":{"sheet":"cargo-hold","name":"cargo-box2"},"mapId":59}},{"type":"GlowingLine","x":516,"y":524,"level":0,"settings":{"name":"","size":{"x":44,"y":8},"condition":"map.switch9","mapId":60}},{"type":"Door","x":656,"y":528,"level":0,"settings":{"name":"endDoor","condition":"map.doorOpen","dir":"SOUTH","map":"cargo-ship.room4","marker":"start","mapId":61}},{"type":"Door","x":48,"y":528,"level":0,"settings":{"name":"startDoor","condition":"","dir":"NORTH","map":"cargo-ship.room2","marker":"end","mapId":62}},{"type":"GlowingLine","x":556,"y":532,"level":0,"settings":{"name":"","size":{"x":8,"y":40},"condition":"map.switchCnt4 = 2","mapId":63}},{"type":"Marker","x":656,"y":544,"level":0,"settings":{"name":"end","dir":"SOUTH","mapId":64}},{"type":"GlowingLine","x":668,"y":544,"level":0,"settings":{"name":"","size":{"x":8,"y":28},"condition":"map.switchCnt4 = 2","mapId":65}},{"type":"OneTimeSwitch","x":392,"y":568,"level":0,"settings":{"name":"","switchType":"turret-switch","variable":"map.switch6","addValue":"map.switchCnt2","mapId":66}},{"type":"OneTimeSwitch","x":144,"y":568,"level":0,"settings":{"name":"","switchType":"turret-switch","variable":"map.switch4","addValue":"map.switchCnt2","mapId":67}},{"type":"OneTimeSwitch","x":280,"y":568,"level":0,"settings":{"name":"","switchType":"turret-switch","variable":"map.switch5","addValue":"map.switchCnt2","mapId":68}},{"type":"GlowingLine","x":308,"y":572,"level":0,"settings":{"name":"","size":{"x":44,"y":8},"condition":"map.switch5","mapId":69}},{"type":"GlowingLine","x":564,"y":572,"level":0,"settings":{"name":"","size":{"x":104,"y":8},"condition":"map.switchCnt4 = 2","mapId":70}},{"type":"Prop","x":448,"y":576,"level":0,"settings":{"name":"","propType":{"sheet":"cargo-hold","name":"cargo-box1"},"mapId":71}},{"type":"EventTrigger","x":540,"y":608,"level":0,"settings":{"name":"turret4Done","eventType":"PARALLEL","startCondition":"map.switchCnt4 = 2","endCondition":"map.doorOpen","event":[{"name":"info","type":"REMOVE_GUI"},{"varName":"map.turret4","changeType":"set","value":false,"type":"CHANGE_VAR_BOOL"},{"eventCall":{"path":"puzzle","name":"focusPointStop","input":{"targetPoint":{"x":672,"y":536},"variable":"map.doorOpen"}},"type":"CALL_EVENT_FROM_SHEET"},{"varName":"plot.line","changeType":"set","value":44,"type":"CHANGE_VAR_NUMBER"}],"mapId":72}},{"type":"EventTrigger","x":496,"y":608,"level":0,"settings":{"name":"turret4init","eventType":"PARALLEL","startCondition":"map.initTurret4","endCondition":"map.finishTurret4","event":[{"varName":"map.turret4","changeType":"set","value":true,"type":"CHANGE_VAR_BOOL"},{"varName":"map.finishTurret4","changeType":"set","value":true,"type":"CHANGE_VAR_BOOL"}],"mapId":73}},{"type":"EventTrigger","x":308,"y":612,"level":0,"settings":{"name":"turret2Init","eventType":"PARALLEL","startCondition":"map.initTurret2","endCondition":"map.finishTurret2","event":[{"varName":"map.turret2","changeType":"set","value":true,"type":"CHANGE_VAR_BOOL"},{"varName":"map.finishTurret2","changeType":"set","value":true,"type":"CHANGE_VAR_BOOL"}],"mapId":74}},{"type":"EventTrigger","x":352,"y":612,"level":0,"settings":{"name":"turret2IDone","eventType":"PARALLEL","startCondition":"map.switchCnt2 = 3","endCondition":"map.wall2Removed","event":[{"name":"info","type":"REMOVE_GUI"},{"varName":"map.turret2","changeType":"set","value":false,"type":"CHANGE_VAR_BOOL"},{"eventCall":{"path":"puzzle","name":"focusPointQuick","input":{"targetPoint":{"x":368,"y":380},"variable":"map.wall2Removed"}},"type":"CALL_EVENT_FROM_SHEET"},{"varName":"map.wall2Removed","changeType":"set","value":true,"type":"CHANGE_VAR_BOOL"},{"varName":"plot.line","changeType":"set","value":42,"type":"CHANGE_VAR_NUMBER"}],"mapId":75}},{"type":"GlowingLine","x":392,"y":268,"level":0,"settings":{"name":"","size":{"x":8,"y":24},"condition":"map.switchCnt3 = 2","mapId":76}}],"layer":[{"id":0,"type":"Background","name":"ground","level":"0","width":47,"height":40,"visible":1,"tilesetName":"media\/map\/cargo-ship-inner.png","repeat":false,"distance":"1","tilesize":16,"data":[[0,0,0,0,0,0,0,0,0,0,0,0,0,0,0,0,0,0,0,0,0,0,0,0,0,0,0,0,0,0,0,0,0,0,0,0,0,0,0,0,0,0,0,0,0,0,0],[0,0,0,0,0,0,0,0,0,0,0,0,0,0,0,0,0,0,0,0,0,0,0,0,0,0,0,0,0,0,0,0,0,0,0,0,0,0,0,0,0,0,0,0,0,0,0],[0,0,8,9,9,9,9,9,9,9,9,9,9,9,9,9,9,9,9,9,9,9,9,9,9,9,9,9,9,9,9,9,9,9,9,9,9,10,0,0,0,0,0,0,0,0,0],[0,8,40,13,41,41,14,41,41,13,41,41,14,41,41,13,41,41,41,14,41,41,41,13,41,41,14,41,41,41,13,41,41,14,41,41,15,42,10,0,0,0,0,0,0,0,0],[39,12,72,45,73,73,46,73,73,45,73,73,46,73,73,45,73,73,73,46,73,73,73,45,73,73,46,73,73,73,45,73,73,46,73,73,47,74,16,43,0,0,0,0,0,0,0],[71,44,104,77,105,105,78,105,105,77,105,105,78,105,105,77,105,131,132,78,105,105,105,77,105,105,78,105,105,105,77,105,105,78,105,105,79,106,48,75,0,0,0,0,0,0,0],[71,76,136,109,137,137,110,137,137,109,137,137,110,137,137,109,137,163,164,110,137,137,137,109,137,137,110,137,137,137,109,137,137,110,137,137,111,138,80,75,0,0,0,0,0,0,0],[71,108,168,141,169,169,142,169,169,141,169,169,142,169,169,141,169,195,196,142,258,169,169,141,169,169,142,169,169,169,141,169,169,142,169,169,143,170,112,75,0,0,0,0,0,0,0],[71,140,200,173,201,201,174,201,201,173,201,201,174,201,201,173,201,227,228,174,290,201,201,173,201,201,174,201,201,201,173,201,201,174,201,201,175,202,144,75,0,0,0,0,0,0,0],[71,172,236,3,3,3,3,3,3,3,3,3,3,3,3,3,3,259,260,321,322,3,3,3,3,3,3,3,3,3,3,3,3,3,3,3,33,240,176,75,0,0,0,0,0,0,0],[71,204,3,2,2,2,66,1,1,1,1,1,34,2,2,2,3,131,132,353,354,3,2,2,1,1,1,1,289,290,1,1,1,34,2,2,3,257,208,75,0,0,0,0,0,0,0],[296,33,2,2,66,1,1,1,1,1,1,1,1,1,2,2,3,163,164,385,386,3,2,1,1,1,1,66,289,290,34,1,1,1,1,34,2,289,290,267,0,0,0,0,0,0,0],[0,3,2,2,1,1,1,1,1,1,1,1,1,1,34,2,3,195,196,257,258,3,34,1,1,1,1,2,321,322,2,1,1,1,1,1,2,321,322,0,0,0,0,0,0,0,0],[0,3,2,66,1,1,1,1,1,1,1,1,1,1,1,2,3,227,228,289,290,3,2,1,1,1,1,3,353,354,3,1,1,1,1,1,3,353,354,0,0,0,0,0,0,0,0],[0,3,2,1,1,1,1,1,1,1,1,1,1,1,1,34,3,259,260,321,322,3,2,1,1,1,1,3,385,386,3,1,1,1,1,1,3,385,386,0,0,0,0,0,0,0,0],[0,3,2,1,1,1,1,1,1,1,1,1,1,1,1,1,3,131,132,353,354,3,66,1,1,1,1,3,417,418,3,1,1,1,1,1,3,417,418,0,0,0,0,0,0,0,0],[0,3,66,1,1,1,1,1,1,1,1,1,1,1,1,1,3,163,164,385,386,3,1,1,1,1,1,3,449,450,3,1,1,1,1,1,2,449,450,0,0,0,0,0,0,0,0],[0,2,34,1,1,1,1,1,1,1,1,1,1,1,1,1,3,195,196,417,418,3,1,1,1,1,1,34,2,2,66,1,1,1,1,1,34,3,3,0,0,0,0,0,0,0,0],[0,3,2,1,1,1,1,1,1,1,1,1,1,1,1,1,3,227,228,449,450,2,1,1,1,1,1,1,1,1,1,1,1,1,1,1,1,2,3,0,0,0,0,0,0,0,0],[0,3,2,1,1,1,1,1,1,1,1,1,1,1,1,1,3,259,260,3,3,2,1,1,1,1,1,1,1,1,1,1,1,355,356,357,358,359,360,0,0,0,0,0,0,0,0],[0,3,3,1,1,1,1,257,258,1,1,1,1,1,1,1,3,291,292,3,2,66,1,1,1,1,1,1,1,1,1,1,66,387,388,389,390,391,392,0,0,0,0,0,0,0,0],[0,3,2,1,1,1,66,289,290,34,1,1,1,1,1,1,3,323,324,3,66,1,1,1,1,1,1,1,1,1,1,1,2,419,420,421,422,423,424,0,0,0,0,0,0,0,0],[0,3,2,1,1,1,2,321,322,2,1,1,1,1,1,1,3,417,418,3,1,1,1,1,1,1,1,1,1,1,1,1,2,451,452,453,454,455,456,0,0,0,0,0,0,0,0],[0,2,2,1,1,1,3,353,354,3,1,1,1,1,1,1,2,449,450,2,1,1,1,1,1,1,1,1,1,1,1,1,34,2,3,3,3,3,3,0,0,0,0,0,0,0,0],[0,2,34,1,1,1,3,385,386,3,1,1,1,1,1,1,34,2,2,66,1,1,1,1,1,1,1,1,1,1,1,1,1,1,1,34,2,2,3,0,0,0,0,0,0,0,0],[0,2,1,1,1,1,3,257,258,3,1,1,1,1,1,1,1,34,2,1,1,1,1,1,1,1,257,258,1,1,1,1,1,1,1,1,1,2,3,0,0,0,0,0,0,0,0],[0,3,1,1,1,1,3,289,290,3,1,1,1,1,1,1,1,1,1,1,1,1,1,1,1,66,289,290,34,1,1,1,1,1,1,1,1,2,3,0,0,0,0,0,0,0,0],[0,3,1,1,1,1,3,321,322,3,1,1,1,1,1,1,1,1,1,1,1,1,1,1,1,2,321,322,2,1,1,1,1,1,1,1,1,34,3,9,9,9,9,9,9,43,0],[0,3,1,1,1,1,3,353,354,3,1,1,1,1,1,1,1,1,1,1,1,1,1,1,1,3,353,354,3,1,1,1,1,1,1,1,1,1,3,13,41,41,41,41,15,75,0],[0,3,1,1,1,1,3,385,386,3,1,1,1,1,1,1,1,1,1,1,1,1,1,1,1,3,385,386,3,1,1,1,1,1,1,1,1,1,3,45,73,73,73,73,47,75,0],[0,3,34,1,1,66,3,257,258,3,1,1,1,1,1,1,1,1,1,1,1,1,1,1,1,3,257,258,3,1,1,1,1,1,1,1,1,1,3,77,105,105,105,105,79,75,0],[0,3,3,34,66,3,3,289,290,3,1,1,1,1,1,1,1,1,1,1,1,1,1,1,1,3,289,290,3,1,1,1,1,1,1,1,1,1,3,109,137,137,137,137,111,75,0],[0,3,3,3,3,3,3,321,322,3,1,1,1,1,1,1,1,1,1,1,1,1,1,1,1,3,321,322,3,1,1,1,1,1,1,1,2,1,3,141,169,0,0,169,143,75,0],[0,297,297,297,297,297,297,353,354,3,1,1,1,1,1,1,1,1,1,1,1,1,1,1,1,3,353,354,3,34,1,1,1,1,1,1,1,1,3,173,201,193,194,201,175,75,0],[0,0,0,0,0,0,0,385,386,3,2,1,1,1,1,1,1,1,1,1,1,1,1,1,2,3,385,386,3,2,1,1,1,1,1,1,1,1,34,2,66,1,1,3,3,267,0],[0,0,0,0,0,0,0,417,418,3,2,2,2,1,1,1,1,1,1,1,1,1,2,2,2,3,417,418,3,3,2,34,34,1,1,1,1,1,1,1,1,1,1,3,272,0,0],[0,0,0,0,0,0,0,449,450,3,3,3,3,3,3,3,3,3,3,3,3,3,3,3,3,3,449,450,3,3,3,3,2,2,2,2,2,2,2,2,2,2,3,272,298,0,0],[0,0,0,0,0,0,0,297,297,297,297,297,297,297,297,297,297,297,297,297,297,297,297,297,297,297,297,297,297,297,297,297,297,297,297,297,297,297,297,297,297,297,297,298,0,0,0],[0,0,0,0,0,0,0,0,0,0,0,0,0,0,0,0,0,0,0,0,0,0,0,0,0,0,0,0,0,0,0,0,0,0,0,0,0,0,0,0,0,0,0,0,0,0,0],[0,0,0,0,0,0,0,0,0,0,0,0,0,0,0,0,0,0,0,0,0,0,0,0,0,0,0,0,0,0,0,0,0,0,0,0,0,0,0,0,0,0,0,0,0,0,0]]},{"id":1,"type":"Collision","name":"collision","level":"0","width":47,"height":40,"visible":1,"tilesetName":"media\/map\/collisiontiles-16x16.png","repeat":false,"distance":"1","tilesize":16,"data":[[0,0,0,0,0,0,0,0,0,0,0,0,0,0,0,0,0,0,0,0,0,0,0,0,0,0,0,0,0,0,0,0,0,0,0,0,0,0,0,0,0,0,0,0,0,0,0],[0,0,0,0,0,0,0,0,0,0,0,0,0,0,0,0,0,0,0,0,0,0,0,0,0,0,0,0,0,0,0,0,0,0,0,0,0,0,0,0,0,0,0,0,0,0,0],[0,0,0,0,0,0,0,0,0,0,0,0,0,0,0,0,0,0,0,0,0,0,0,0,0,0,0,0,0,0,0,0,0,0,0,0,0,0,0,0,0,0,0,0,0,0,0],[0,0,0,0,0,0,0,0,0,0,0,0,0,0,0,0,0,0,0,0,0,0,0,0,0,0,0,0,0,0,0,0,0,0,0,0,0,0,0,0,0,0,0,0,0,0,0],[0,0,0,0,0,0,0,0,0,0,0,0,0,0,0,0,0,0,0,0,0,0,0,0,0,0,0,0,0,0,0,0,0,0,0,0,0,0,0,0,0,0,0,0,0,0,0],[0,0,0,0,0,0,0,0,0,0,0,0,0,0,0,0,0,0,0,0,0,0,0,0,0,0,0,0,0,0,0,0,0,0,0,0,0,0,0,0,0,0,0,0,0,0,0],[0,0,0,0,0,0,0,0,0,0,0,0,0,0,0,0,0,0,0,0,0,0,0,0,0,0,0,0,0,0,0,0,0,0,0,0,0,0,0,0,0,0,0,0,0,0,0],[0,0,0,0,0,0,0,0,0,0,0,0,0,0,0,0,0,0,0,0,0,0,0,0,0,0,0,0,0,0,0,0,0,0,0,0,0,0,0,0,0,0,0,0,0,0,0],[0,0,0,2,2,2,2,2,2,2,2,2,2,2,2,2,2,2,2,2,2,2,2,2,2,2,2,2,2,2,2,2,2,2,2,2,2,0,0,0,0,0,0,0,0,0,0],[0,0,9,0,0,0,0,0,0,0,0,0,0,0,0,0,0,2,2,2,2,0,0,0,0,0,0,0,0,0,0,0,0,0,0,0,0,10,0,0,0,0,0,0,0,0,0],[0,9,0,0,0,0,0,0,0,0,0,0,0,0,0,0,0,2,2,2,2,0,0,0,0,0,0,0,0,0,0,0,0,0,0,0,0,0,10,0,0,0,0,0,0,0,0],[2,0,0,0,0,0,0,0,0,0,0,0,0,0,0,0,0,2,2,2,2,0,0,0,0,0,0,0,0,0,0,0,0,0,0,0,0,0,0,2,0,0,0,0,0,0,0],[2,0,0,0,0,0,0,0,0,0,0,0,0,0,0,0,0,2,2,2,2,0,0,0,0,0,0,0,2,2,0,0,0,0,0,0,0,2,2,2,0,0,0,0,0,0,0],[2,0,0,0,0,0,0,0,0,0,0,0,0,0,0,0,0,2,2,2,2,0,0,0,0,0,0,0,2,2,0,0,0,0,0,0,0,2,2,2,0,0,0,0,0,0,0],[2,0,0,0,0,0,0,0,0,0,0,0,0,0,0,0,0,2,2,2,2,0,0,0,0,0,0,0,2,2,0,0,0,0,0,0,0,2,2,2,0,0,0,0,0,0,0],[2,0,0,0,0,0,0,0,0,0,0,0,0,0,0,0,0,2,2,2,2,0,0,0,0,0,0,0,2,2,0,0,0,0,0,0,0,2,2,2,0,0,0,0,0,0,0],[2,0,0,0,0,0,0,0,0,0,0,0,0,0,0,0,0,2,2,2,2,0,0,0,0,0,0,0,2,2,0,0,0,0,0,0,0,2,2,2,0,0,0,0,0,0,0],[2,0,0,0,0,0,0,0,0,0,0,0,0,0,0,0,0,2,2,2,2,0,0,0,0,0,0,0,0,0,0,0,0,0,0,0,0,0,0,2,0,0,0,0,0,0,0],[2,0,0,0,0,0,0,0,0,0,0,0,0,0,0,0,0,2,2,2,2,0,0,0,0,0,0,0,0,0,0,0,0,0,0,0,0,0,0,2,0,0,0,0,0,0,0],[2,0,0,0,0,0,0,0,0,0,0,0,0,0,0,0,0,2,2,0,0,0,0,0,0,0,0,0,0,0,0,0,0,0,0,0,0,0,0,2,0,0,0,0,0,0,0],[2,0,0,0,0,0,0,0,0,0,0,0,0,0,0,0,0,2,2,0,0,0,0,0,0,0,0,0,0,0,0,0,0,0,0,0,0,0,0,2,0,0,0,0,0,0,0],[2,0,0,0,0,0,0,0,0,0,0,0,0,0,0,0,0,2,2,0,0,0,0,0,0,0,0,0,0,0,0,0,0,2,2,2,2,2,2,2,0,0,0,0,0,0,0],[2,0,0,0,0,0,0,2,2,0,0,0,0,0,0,0,0,2,2,0,0,0,0,0,0,0,0,0,0,0,0,0,0,2,2,2,2,2,2,2,0,0,0,0,0,0,0],[2,0,0,0,0,0,0,2,2,0,0,0,0,0,0,0,0,2,2,0,0,0,0,0,0,0,0,0,0,0,0,0,0,0,0,0,0,0,0,2,0,0,0,0,0,0,0],[2,0,0,0,0,0,0,2,2,0,0,0,0,0,0,0,0,0,0,0,0,0,0,0,0,0,0,0,0,0,0,0,0,0,0,0,0,0,0,2,0,0,0,0,0,0,0],[2,0,0,0,0,0,0,2,2,0,0,0,0,0,0,0,0,0,0,0,0,0,0,0,0,0,0,0,0,0,0,0,0,0,0,0,0,0,0,2,0,0,0,0,0,0,0],[2,0,0,0,0,0,0,2,2,0,0,0,0,0,0,0,0,0,0,0,0,0,0,0,0,0,0,0,0,0,0,0,0,0,0,0,0,0,0,2,0,0,0,0,0,0,0],[2,0,0,0,0,0,0,2,2,0,0,0,0,0,0,0,0,0,0,0,0,0,0,0,0,0,2,2,0,0,0,0,0,0,0,0,0,0,0,2,0,0,0,0,0,0,0],[2,0,0,0,0,0,0,2,2,0,0,0,0,0,0,0,0,0,0,0,0,0,0,0,0,0,2,2,0,0,0,0,0,0,0,0,0,0,0,2,0,0,0,0,0,0,0],[2,0,0,0,0,0,0,2,2,0,0,0,0,0,0,0,0,0,0,0,0,0,0,0,0,0,2,2,0,0,0,0,0,0,0,0,0,0,0,2,0,0,0,0,0,0,0],[2,0,0,0,0,0,0,2,2,0,0,0,0,0,0,0,0,0,0,0,0,0,0,0,0,0,2,2,0,0,0,0,0,0,0,0,0,0,0,2,0,0,0,0,0,0,0],[2,0,0,0,0,0,0,2,2,0,0,0,0,0,0,0,0,0,0,0,0,0,0,0,0,0,2,2,0,0,0,0,0,0,0,0,0,0,0,2,0,0,0,0,0,0,0],[2,0,0,0,0,0,0,2,2,0,0,0,0,0,0,0,0,0,0,0,0,0,0,0,0,0,2,2,0,0,0,0,0,0,0,0,0,0,0,2,0,0,0,0,0,0,0],[2,2,2,2,2,2,2,2,2,0,0,0,0,0,0,0,0,0,0,0,0,0,0,0,0,0,2,2,0,0,0,0,0,0,0,0,0,0,0,2,2,2,2,2,2,2,0],[0,0,0,0,0,0,2,2,2,0,0,0,0,0,0,0,0,0,0,0,0,0,0,0,0,0,2,2,0,0,0,0,0,0,0,0,0,0,0,0,0,0,0,0,0,2,0],[0,0,0,0,0,0,2,2,2,0,0,0,0,0,0,0,0,0,0,0,0,0,0,0,0,0,2,2,0,0,0,0,0,0,0,0,0,0,0,0,0,0,0,0,11,0,0],[0,0,0,0,0,0,2,2,2,0,0,0,0,0,0,0,0,0,0,0,0,0,0,0,0,0,2,2,0,0,0,0,0,0,0,0,0,0,0,0,0,0,0,11,0,0,0],[0,0,0,0,0,0,2,2,2,2,2,2,2,2,2,2,2,2,2,2,2,2,2,2,2,2,2,2,2,2,2,2,2,2,2,2,2,2,2,2,2,2,2,0,0,0,0],[0,0,0,0,0,0,0,0,0,0,0,0,0,0,0,0,0,0,0,0,0,0,0,0,0,0,0,0,0,0,0,0,0,0,0,0,0,0,0,0,0,0,0,0,0,0,0],[0,0,0,0,0,0,0,0,0,0,0,0,0,0,0,0,0,0,0,0,0,0,0,0,0,0,0,0,0,0,0,0,0,0,0,0,0,0,0,0,0,0,0,0,0,0,0]]},{"id":9,"type":"Navigation","name":"Nav","level":"0","width":47,"height":40,"visible":1,"tilesetName":"media\/map\/pathmap-tiles.png","repeat":false,"distance":"1","tilesize":16,"data":[[0,0,0,0,0,0,0,0,0,0,0,0,0,0,0,0,0,0,0,0,0,0,0,0,0,0,0,0,0,0,0,0,0,0,0,0,0,0,0,0,0,0,0,0,0,0,0],[0,0,0,0,0,0,0,0,0,0,0,0,0,0,0,0,0,0,0,0,0,0,0,0,0,0,0,0,0,0,0,0,0,0,0,0,0,0,0,0,0,0,0,0,0,0,0],[0,0,0,0,0,0,0,0,0,0,0,0,0,0,0,0,0,0,0,0,0,0,0,0,0,0,0,0,0,0,0,0,0,0,0,0,0,0,0,0,0,0,0,0,0,0,0],[0,0,0,0,0,0,0,0,0,0,0,0,0,0,0,0,0,0,0,0,0,0,0,0,0,0,0,0,0,0,0,0,0,0,0,0,0,0,0,0,0,0,0,0,0,0,0],[0,0,0,0,0,0,0,0,0,0,0,0,0,0,0,0,0,0,0,0,0,0,0,0,0,0,0,0,0,0,0,0,0,0,0,0,0,0,0,0,0,0,0,0,0,0,0],[0,0,0,0,0,0,0,0,0,0,0,0,0,0,0,0,0,0,0,0,0,0,0,0,0,0,0,0,0,0,0,0,0,0,0,0,0,0,0,0,0,0,0,0,0,0,0],[0,0,0,0,0,0,0,0,0,0,0,0,0,0,0,0,0,0,0,0,0,0,0,0,0,0,0,0,0,0,0,0,0,0,0,0,0,0,0,0,0,0,0,0,0,0,0],[0,0,0,0,0,0,0,0,0,0,0,0,0,0,0,0,0,0,0,0,0,0,0,0,0,0,0,0,0,0,0,0,0,0,0,0,0,0,0,0,0,0,0,0,0,0,0],[0,0,0,0,0,0,0,0,0,0,0,0,0,0,0,0,0,0,0,0,0,0,0,0,0,0,0,0,0,0,0,0,0,0,0,0,0,0,0,0,0,0,0,0,0,0,0],[0,0,2,2,2,2,2,2,2,2,2,2,2,2,2,2,2,0,0,0,0,3,3,3,3,3,3,3,3,3,3,3,3,3,3,3,3,3,0,0,0,0,0,0,0,0,0],[0,2,2,2,2,2,2,2,2,2,2,2,2,2,2,2,2,0,0,0,0,3,3,3,3,3,3,3,3,3,3,3,3,3,3,3,3,3,3,0,0,0,0,0,0,0,0],[0,2,2,2,2,2,2,2,2,2,2,2,2,2,2,2,2,0,0,0,0,3,3,3,3,3,3,3,3,3,3,3,3,3,3,3,3,3,3,0,0,0,0,0,0,0,0],[0,2,2,2,2,2,2,2,2,2,2,2,2,2,2,2,2,0,0,0,0,2,2,2,2,2,2,2,0,0,2,2,2,2,2,2,2,0,0,0,0,0,0,0,0,0,0],[0,2,2,2,2,2,2,2,2,2,2,2,2,2,2,2,2,0,0,0,0,2,2,2,2,2,2,2,0,0,2,2,2,2,2,2,2,0,0,0,0,0,0,0,0,0,0],[0,2,2,2,2,2,2,2,2,2,2,2,2,2,2,2,2,0,0,0,0,2,2,2,2,2,2,2,13,0,2,2,2,2,2,2,2,0,0,0,0,0,0,0,0,0,0],[0,2,2,2,2,2,2,2,2,2,2,2,2,2,2,2,2,0,0,0,0,2,2,2,2,2,2,2,13,0,2,2,2,2,2,2,2,0,0,0,0,0,0,0,0,0,0],[0,2,2,2,2,2,2,2,2,2,2,2,2,2,2,2,2,0,0,0,0,2,2,2,2,2,2,2,0,0,2,2,2,2,2,2,2,0,0,0,0,0,0,0,0,0,0],[0,2,2,2,2,2,2,2,2,2,2,2,2,2,2,2,2,0,0,0,0,3,3,3,3,3,3,3,3,3,3,3,3,3,3,3,3,3,3,0,0,0,0,0,0,0,0],[0,2,2,2,2,2,2,2,2,2,2,2,2,2,2,2,2,0,0,0,0,3,3,3,3,3,3,3,3,3,3,3,3,3,3,3,3,3,3,0,0,0,0,0,0,0,0],[0,2,2,2,2,2,2,2,2,2,2,2,2,2,2,2,2,0,0,2,2,3,3,3,3,3,3,3,3,3,3,3,3,3,3,3,3,3,3,0,0,0,0,0,0,0,0],[0,2,2,2,2,2,2,2,2,2,2,2,2,2,2,2,2,0,0,2,2,3,3,3,3,3,3,3,3,3,3,3,3,3,3,3,3,3,3,0,0,0,0,0,0,0,0],[0,2,2,2,2,2,2,2,2,2,2,2,2,2,2,2,2,0,0,2,2,1,1,1,1,1,2,2,1,1,1,1,1,0,0,0,0,0,0,0,0,0,0,0,0,0,0],[0,1,1,1,1,1,1,0,0,1,1,1,1,1,1,1,1,0,0,2,2,1,1,1,1,1,2,2,1,1,1,1,1,0,0,0,0,0,12,0,0,0,0,0,0,0,0],[0,1,1,1,1,1,1,0,0,1,1,1,1,1,1,1,1,0,0,2,2,1,1,1,1,1,2,2,3,3,3,3,3,3,3,3,3,3,3,0,0,0,0,0,0,0,0],[0,1,1,1,1,1,1,0,0,3,3,3,3,3,3,3,3,3,3,3,3,3,3,3,3,3,2,2,3,3,3,3,3,3,3,3,3,3,3,0,0,0,0,0,0,0,0],[0,1,1,1,1,1,1,0,0,3,3,3,3,3,3,3,3,3,3,3,3,3,3,3,3,3,2,2,3,3,3,3,3,3,3,3,3,3,3,0,0,0,0,0,0,0,0],[0,1,1,1,1,1,1,0,11,3,3,3,3,3,3,3,3,3,3,3,3,3,3,3,3,3,2,2,3,3,3,3,3,3,3,3,3,3,3,0,0,0,0,0,0,0,0],[0,1,1,1,1,1,1,0,11,3,3,3,3,3,3,3,3,3,3,3,3,3,3,3,3,3,0,0,4,4,4,0,0,2,0,0,4,4,4,0,0,0,0,0,0,0,0],[0,1,1,1,1,1,1,0,11,3,3,3,3,3,3,3,3,3,3,3,3,3,3,3,3,3,0,0,4,4,4,0,0,2,0,0,4,4,4,0,0,0,0,0,0,0,0],[0,1,1,1,1,1,1,0,0,3,3,3,3,3,3,3,3,3,3,3,3,3,3,3,3,3,0,0,4,4,4,0,0,1,1,1,4,4,4,0,0,0,0,0,0,0,0],[0,1,1,1,1,1,1,0,0,3,3,3,3,3,3,3,3,3,3,3,3,3,3,3,3,3,0,0,4,4,4,0,0,1,1,1,4,4,4,0,0,0,0,0,0,0,0],[0,1,1,1,1,1,1,0,0,3,3,3,3,3,3,3,3,3,3,3,3,3,3,3,3,3,0,0,3,3,3,3,3,3,3,3,3,3,3,0,0,0,0,0,0,0,0],[0,1,1,1,1,1,1,0,0,3,3,3,3,3,3,3,3,3,3,3,3,3,3,3,3,3,0,0,3,3,3,3,3,3,3,3,3,3,3,0,0,0,0,0,0,0,0],[0,0,0,0,0,0,0,0,0,3,3,3,3,3,3,3,3,3,3,3,3,3,3,3,3,3,0,0,3,3,3,3,3,3,3,3,3,3,3,0,0,0,0,0,0,0,0],[0,0,0,0,0,0,0,0,0,3,3,3,3,3,3,3,3,3,3,3,3,3,3,3,3,3,0,0,2,2,2,2,2,2,2,2,2,2,2,2,2,2,2,2,2,0,0],[0,0,0,0,0,0,0,0,0,0,0,1,1,1,1,1,1,0,0,1,1,1,1,1,0,0,0,0,2,2,2,2,2,2,2,2,2,2,2,2,2,2,2,2,2,0,0],[0,0,0,0,0,0,0,0,0,0,0,1,1,1,1,1,1,0,0,1,1,1,1,1,0,0,0,11,2,2,2,2,2,2,2,2,2,2,2,2,2,2,2,2,0,0,0],[0,0,0,0,0,0,0,0,0,0,0,0,0,0,0,0,0,0,0,0,0,0,0,0,0,0,0,0,0,0,0,0,0,0,0,0,0,0,0,0,0,0,0,0,0,0,0],[0,0,0,0,0,0,0,0,0,0,0,0,0,0,0,0,0,0,0,0,0,0,0,0,0,0,0,0,0,0,0,0,0,0,0,0,0,0,0,0,0,0,0,0,0,0,0],[0,0,0,0,0,0,0,0,0,0,0,0,0,0,0,0,0,0,0,0,0,0,0,0,0,0,0,0,0,0,0,0,0,0,0,0,0,0,0,0,0,0,0,0,0,0,0]]},{"id":2,"type":"Background","name":"upper1","level":"1","width":45,"height":40,"visible":1,"tilesetName":"media\/map\/cargo-ship-inner.png","repeat":false,"distance":"1","tilesize":16,"data":[[0,0,0,0,0,0,0,0,0,0,0,0,0,0,0,0,0,0,0,0,0,0,0,0,0,0,0,0,0,0,0,0,0,0,0,0,0,0,0,0,0,0,0,0,0],[0,0,0,0,0,0,0,0,0,0,0,0,0,0,0,0,0,0,0,0,0,0,0,0,0,0,0,0,0,0,0,0,0,0,0,0,0,0,0,0,0,0,0,0,0],[0,0,0,0,0,0,0,0,0,0,0,0,0,0,0,0,0,0,0,0,0,0,0,0,0,0,0,0,0,0,0,0,0,0,0,0,0,0,0,0,0,0,0,0,0],[0,0,0,0,0,0,0,0,0,0,0,0,0,0,0,0,0,0,0,0,0,0,0,0,0,0,0,0,0,0,0,0,0,0,0,0,0,0,0,0,0,0,0,0,0],[0,0,0,0,0,0,0,0,0,0,0,0,0,0,0,0,0,0,0,0,0,0,0,0,0,0,0,0,0,0,0,0,0,0,0,0,0,0,0,0,0,0,0,0,0],[0,0,0,0,0,0,0,0,0,0,0,0,0,0,0,0,0,0,0,0,0,0,0,0,0,0,0,0,0,0,0,0,0,0,0,0,0,0,0,0,0,0,0,0,0],[0,0,0,0,0,0,0,0,0,0,0,0,0,0,0,0,0,0,0,0,0,0,0,0,0,0,0,0,0,0,0,0,0,0,0,0,0,0,0,0,0,0,0,0,0],[0,0,0,0,0,0,0,0,0,0,0,0,0,0,0,0,0,0,0,367,368,0,0,0,0,0,0,0,0,0,0,0,0,0,0,0,0,0,0,0,0,0,0,0,0],[0,0,0,0,0,0,0,0,0,0,0,0,0,0,0,0,0,0,0,399,290,0,0,0,0,0,0,0,0,0,0,0,0,0,0,0,0,0,0,0,0,0,0,0,0],[0,0,0,0,0,0,0,0,0,0,0,0,0,0,0,0,0,0,0,431,322,0,0,0,0,0,0,0,0,0,0,0,0,0,0,0,0,0,0,0,0,0,0,0,0],[0,0,0,0,0,0,0,0,0,0,0,0,0,0,0,0,0,0,0,463,354,0,0,0,0,0,0,0,257,258,0,0,0,0,0,0,0,257,368,0,0,0,0,0,0],[0,0,0,0,0,0,0,0,0,0,0,0,0,0,0,0,0,0,0,495,386,0,0,0,0,0,0,0,289,290,0,0,0,0,0,0,0,289,400,0,0,0,0,0,0],[0,0,0,0,0,0,0,0,0,0,0,0,0,0,0,0,0,0,0,367,258,0,0,0,0,0,0,0,321,322,0,0,0,0,0,0,0,321,432,0,0,0,0,0,0],[0,0,0,0,0,0,0,0,0,0,0,0,0,0,0,0,0,0,0,399,290,0,0,0,0,0,0,0,353,354,0,0,0,0,0,0,0,353,464,0,0,0,0,0,0],[0,0,0,0,0,0,0,0,0,0,0,0,0,0,0,0,0,0,0,431,322,0,0,0,0,0,0,0,385,386,0,0,0,0,0,0,0,385,496,0,0,0,0,0,0],[0,0,0,0,0,0,0,0,0,0,0,0,0,0,0,0,0,0,0,463,354,0,0,0,0,0,0,0,0,0,0,0,0,0,0,0,0,0,0,0,0,0,0,0,0],[0,0,0,0,0,0,0,0,0,0,0,0,0,0,0,0,0,0,0,495,386,0,0,0,0,0,0,0,0,0,0,0,0,0,0,0,0,0,0,0,0,0,0,0,0],[0,0,0,0,0,0,0,0,0,0,0,0,0,0,0,0,0,0,0,0,0,0,0,0,0,0,0,0,0,0,0,0,0,0,0,0,0,0,0,0,0,0,0,0,0],[0,0,0,0,0,0,0,0,0,0,0,0,0,0,0,0,0,0,0,0,0,0,0,0,0,0,0,0,0,0,0,0,0,0,0,0,0,0,0,0,0,0,0,0,0],[0,0,0,0,0,0,0,0,0,0,0,0,0,0,0,0,0,0,0,0,0,0,0,0,0,0,0,0,0,0,0,0,0,355,356,357,358,359,304,0,0,0,0,0,0],[0,0,0,0,0,0,0,257,258,0,0,0,0,0,0,0,0,0,0,0,0,0,0,0,0,0,0,0,0,0,0,0,0,387,388,389,390,391,336,0,0,0,0,0,0],[0,0,0,0,0,0,0,289,290,0,0,0,0,0,0,0,0,0,0,0,0,0,0,0,0,0,0,0,0,0,0,0,0,0,0,0,0,0,0,0,0,0,0,0,0],[0,0,0,0,0,0,0,321,322,0,0,0,0,0,0,0,0,0,0,0,0,0,0,0,0,0,0,0,0,0,0,0,0,0,0,0,0,0,0,0,0,0,0,0,0],[0,0,0,0,0,0,0,353,354,0,0,0,0,0,0,0,0,0,0,0,0,0,0,0,0,0,0,0,0,0,0,0,0,0,0,0,0,0,0,0,0,0,0,0,0],[0,0,0,0,0,0,0,385,386,0,0,0,0,0,0,0,0,0,0,0,0,0,0,0,0,0,0,0,0,0,0,0,0,0,0,0,0,0,0,0,0,0,0,0,0],[0,0,0,0,0,0,0,257,258,0,0,0,0,0,0,0,0,0,0,0,0,0,0,0,0,0,257,258,0,0,0,0,0,0,0,0,0,0,0,0,0,0,0,0,0],[0,0,0,0,0,0,0,289,290,0,0,0,0,0,0,0,0,0,0,0,0,0,0,0,0,0,289,290,0,0,0,0,0,0,0,0,0,0,0,0,0,0,0,0,0],[0,0,0,0,0,0,0,321,322,0,0,0,0,0,0,0,0,0,0,0,0,0,0,0,0,0,321,322,0,0,0,0,0,0,0,0,0,0,0,0,0,0,0,0,0],[0,0,0,0,0,0,0,353,354,0,0,0,0,0,0,0,0,0,0,0,0,0,0,0,0,0,353,354,0,0,0,0,0,0,0,0,0,0,0,0,0,0,0,0,0],[0,0,0,0,0,0,0,385,386,0,0,0,0,0,0,0,0,0,0,0,0,0,0,0,0,0,385,386,0,0,0,0,0,0,0,0,0,0,0,0,0,0,0,0,0],[0,0,0,0,0,0,0,367,258,0,0,0,0,0,0,0,0,0,0,0,0,0,0,0,0,0,257,258,0,0,0,0,0,0,0,0,0,0,0,0,0,0,0,0,0],[0,0,0,0,0,0,0,399,290,0,0,0,0,0,0,0,0,0,0,0,0,0,0,0,0,0,289,290,0,0,0,0,0,0,0,0,0,0,0,0,0,0,0,0,0],[0,0,0,0,0,0,0,431,322,0,0,0,0,0,0,0,0,0,0,0,0,0,0,0,0,0,321,322,0,0,0,0,0,0,0,0,0,0,0,0,0,0,0,0,0],[0,0,0,0,0,0,0,463,354,0,0,0,0,0,0,0,0,0,0,0,0,0,0,0,0,0,353,354,0,0,0,0,0,0,0,0,0,0,0,0,0,0,0,0,0],[0,0,0,0,0,0,0,495,496,0,0,0,0,0,0,0,0,0,0,0,0,0,0,0,0,0,495,496,0,0,0,0,0,0,0,0,0,0,0,0,0,0,0,0,0],[0,0,0,0,0,0,0,0,0,0,0,0,0,0,0,0,0,0,0,0,0,0,0,0,0,0,0,0,0,0,0,0,0,0,0,0,0,0,0,0,0,0,0,0,0],[0,0,0,0,0,0,0,0,0,0,0,0,0,0,0,0,0,0,0,0,0,0,0,0,0,0,0,0,0,0,0,0,0,0,0,0,0,0,0,0,0,0,0,0,0],[0,0,0,0,0,0,0,0,0,0,0,0,0,0,0,0,0,0,0,0,0,0,0,0,0,0,0,0,0,0,0,0,0,0,0,0,0,0,0,0,0,0,0,0,0],[0,0,0,0,0,0,0,0,0,0,0,0,0,0,0,0,0,0,0,0,0,0,0,0,0,0,0,0,0,0,0,0,0,0,0,0,0,0,0,0,0,0,0,0,0],[0,0,0,0,0,0,0,0,0,0,0,0,0,0,0,0,0,0,0,0,0,0,0,0,0,0,0,0,0,0,0,0,0,0,0,0,0,0,0,0,0,0,0,0,0]]},{"id":3,"type":"Collision","name":"collision","level":"1","width":47,"height":40,"visible":1,"tilesetName":"media\/map\/collisiontiles-16x16.png","repeat":false,"distance":"1","tilesize":16,"data":[[0,0,0,0,0,0,0,0,0,0,0,0,0,0,0,0,0,0,0,0,0,0,0,0,0,0,0,0,0,0,0,0,0,0,0,0,0,0,0,0,0,0,0,0,0,0,0],[0,0,0,0,0,0,0,0,0,0,0,0,0,0,0,0,0,0,0,0,0,0,0,0,0,0,0,0,0,0,0,0,0,0,0,0,0,0,0,0,0,0,0,0,0,0,0],[0,0,0,0,0,0,0,0,0,0,0,0,0,0,0,0,0,0,0,0,0,0,0,0,0,0,0,0,0,0,0,0,0,0,0,0,0,0,0,0,0,0,0,0,0,0,0],[0,0,0,0,0,0,0,0,0,0,0,0,0,0,0,0,0,0,0,0,0,0,0,0,0,0,0,0,0,0,0,0,0,0,0,0,0,0,0,0,0,0,0,0,0,0,0],[0,0,0,0,0,0,0,0,0,0,0,0,0,0,0,0,0,0,0,0,0,0,0,0,0,0,0,0,0,0,0,0,0,0,0,0,0,0,0,0,0,0,0,0,0,0,0],[0,0,0,0,0,0,0,0,0,0,0,0,0,0,0,0,0,0,0,0,0,0,0,0,0,0,0,0,0,0,0,0,0,0,0,0,0,0,0,0,0,0,0,0,0,0,0],[0,0,0,2,2,2,2,2,2,2,2,2,2,2,2,2,2,2,2,2,2,2,2,2,2,2,2,2,2,2,2,2,2,2,2,2,2,0,0,0,0,0,0,0,0,0,0],[0,0,9,0,0,0,0,0,0,0,0,0,0,0,0,0,0,2,2,0,0,0,0,0,0,0,0,0,0,0,0,0,0,0,0,0,0,10,0,0,0,0,0,0,0,0,0],[0,9,0,0,0,0,0,0,0,0,0,0,0,0,0,0,0,2,2,0,0,0,0,0,0,0,0,0,0,0,0,0,0,0,0,0,0,0,10,0,0,0,0,0,0,0,0],[2,0,0,0,0,0,0,0,0,0,0,0,0,0,0,0,0,2,2,0,0,0,0,0,0,0,0,0,0,0,0,0,0,0,0,0,0,0,0,2,0,0,0,0,0,0,0],[2,0,0,0,0,0,0,0,0,0,0,0,0,0,0,0,0,2,2,0,0,0,0,0,0,0,0,0,0,0,0,0,0,0,0,0,0,0,0,2,0,0,0,0,0,0,0],[2,0,0,0,0,0,0,0,0,0,0,0,0,0,0,0,0,2,2,0,0,0,0,0,0,0,0,0,0,0,0,0,0,0,0,0,0,0,0,2,0,0,0,0,0,0,0],[2,0,0,0,0,0,0,0,0,0,0,0,0,0,0,0,0,2,2,0,0,0,0,0,0,0,0,0,0,0,0,0,0,0,0,0,0,0,0,2,0,0,0,0,0,0,0],[2,0,0,0,0,0,0,0,0,0,0,0,0,0,0,0,0,2,2,0,0,0,0,0,0,0,0,0,0,0,0,0,0,0,0,0,0,0,0,2,0,0,0,0,0,0,0],[2,0,0,0,0,0,0,0,0,0,0,0,0,0,0,0,0,2,2,0,0,0,0,0,0,0,0,0,0,0,0,0,0,0,0,0,0,0,0,2,0,0,0,0,0,0,0],[2,0,0,0,0,0,0,0,0,0,0,0,0,0,0,0,0,2,2,0,0,0,0,0,0,0,0,0,0,0,0,0,0,0,0,0,0,0,0,2,0,0,0,0,0,0,0],[2,0,0,0,0,0,0,0,0,0,0,0,0,0,0,0,0,2,2,0,0,0,0,0,0,0,0,0,0,0,0,0,0,0,0,0,0,0,0,2,0,0,0,0,0,0,0],[2,0,0,0,0,0,0,0,0,0,0,0,0,0,0,0,0,2,2,0,0,0,0,0,0,0,0,0,0,0,0,0,0,0,0,0,0,0,0,2,0,0,0,0,0,0,0],[2,0,0,0,0,0,0,0,0,0,0,0,0,0,0,0,0,2,2,0,0,0,0,0,0,0,0,0,0,0,0,0,0,0,0,0,0,0,0,2,0,0,0,0,0,0,0],[2,0,0,0,0,0,0,0,0,0,0,0,0,0,0,0,0,2,2,0,0,0,0,0,0,0,0,0,0,0,0,0,0,0,0,0,0,0,0,2,0,0,0,0,0,0,0],[2,0,0,0,0,0,0,0,0,0,0,0,0,0,0,0,0,2,2,0,0,0,0,0,0,0,0,0,0,0,0,0,0,0,0,0,0,0,0,2,0,0,0,0,0,0,0],[2,0,0,0,0,0,0,0,0,0,0,0,0,0,0,0,0,2,2,0,0,0,0,0,0,0,0,0,0,0,0,0,0,0,0,0,0,0,0,2,0,0,0,0,0,0,0],[2,0,0,0,0,0,0,0,0,0,0,0,0,0,0,0,0,0,0,0,0,0,0,0,0,0,0,0,0,0,0,0,0,0,0,0,0,0,0,2,0,0,0,0,0,0,0],[2,0,0,0,0,0,0,0,0,0,0,0,0,0,0,0,0,0,0,0,0,0,0,0,0,0,0,0,0,0,0,0,0,0,0,0,0,0,0,2,0,0,0,0,0,0,0],[2,0,0,0,0,0,0,0,0,0,0,0,0,0,0,0,0,0,0,0,0,0,0,0,0,0,0,0,0,0,0,0,0,0,0,0,0,0,0,2,0,0,0,0,0,0,0],[2,0,0,0,0,0,0,0,0,0,0,0,0,0,0,0,0,0,0,0,0,0,0,0,0,0,0,0,0,0,0,0,0,0,0,0,0,0,0,2,0,0,0,0,0,0,0],[2,0,0,0,0,0,0,0,0,0,0,0,0,0,0,0,0,0,0,0,0,0,0,0,0,0,0,0,0,0,0,0,0,0,0,0,0,0,0,2,0,0,0,0,0,0,0],[2,0,0,0,0,0,0,0,0,0,0,0,0,0,0,0,0,0,0,0,0,0,0,0,0,0,0,0,0,0,0,0,0,0,0,0,0,0,0,2,0,0,0,0,0,0,0],[2,0,0,0,0,0,0,0,0,0,0,0,0,0,0,0,0,0,0,0,0,0,0,0,0,0,0,0,0,0,0,0,0,0,0,0,0,0,0,2,0,0,0,0,0,0,0],[2,0,0,0,0,0,0,0,0,0,0,0,0,0,0,0,0,0,0,0,0,0,0,0,0,0,0,0,0,0,0,0,0,0,0,0,0,0,0,2,0,0,0,0,0,0,0],[2,0,0,0,0,0,0,0,0,0,0,0,0,0,0,0,0,0,0,0,0,0,0,0,0,0,0,0,0,0,0,0,0,0,0,0,0,0,0,2,0,0,0,0,0,0,0],[2,2,2,2,2,2,2,0,0,0,0,0,0,0,0,0,0,0,0,0,0,0,0,0,0,0,0,0,0,0,0,0,0,0,0,0,0,0,0,2,2,2,2,2,2,2,0],[0,0,0,0,0,0,2,0,0,0,0,0,0,0,0,0,0,0,0,0,0,0,0,0,0,0,0,0,0,0,0,0,0,0,0,0,0,0,0,0,0,0,0,0,0,2,0],[0,0,0,0,0,0,2,0,0,0,0,0,0,0,0,0,0,0,0,0,0,0,0,0,0,0,0,0,0,0,0,0,0,0,0,0,0,0,0,0,0,0,0,0,11,0,0],[0,0,0,0,0,0,2,0,0,0,0,0,0,0,0,0,0,0,0,0,0,0,0,0,0,0,0,0,0,0,0,0,0,0,0,0,0,0,0,0,0,0,0,11,0,0,0],[0,0,0,0,0,0,2,2,2,2,2,2,2,2,2,2,2,2,2,2,2,2,2,2,2,2,2,2,2,2,2,2,2,2,2,2,2,2,2,2,2,2,2,0,0,0,0],[0,0,0,0,0,0,0,0,0,0,0,0,0,0,0,0,0,0,0,0,0,0,0,0,0,0,0,0,0,0,0,0,0,0,0,0,0,0,0,0,0,0,0,0,0,0,0],[0,0,0,0,0,0,0,0,0,0,0,0,0,0,0,0,0,0,0,0,0,0,0,0,0,0,0,0,0,0,0,0,0,0,0,0,0,0,0,0,0,0,0,0,0,0,0],[0,0,0,0,0,0,0,0,0,0,0,0,0,0,0,0,0,0,0,0,0,0,0,0,0,0,0,0,0,0,0,0,0,0,0,0,0,0,0,0,0,0,0,0,0,0,0],[0,0,0,0,0,0,0,0,0,0,0,0,0,0,0,0,0,0,0,0,0,0,0,0,0,0,0,0,0,0,0,0,0,0,0,0,0,0,0,0,0,0,0,0,0,0,0]]},{"id":10,"type":"Navigation","name":"Nav","level":"1","width":47,"height":40,"visible":1,"tilesetName":"media\/map\/pathmap-tiles.png","repeat":false,"distance":"1","tilesize":16,"data":[[0,0,0,0,0,0,0,0,0,0,0,0,0,0,0,0,0,0,0,0,0,0,0,0,0,0,0,0,0,0,0,0,0,0,0,0,0,0,0,0,0,0,0,0,0,0,0],[0,0,0,0,0,0,0,0,0,0,0,0,0,0,0,0,0,0,0,0,0,0,0,0,0,0,0,0,0,0,0,0,0,0,0,0,0,0,0,0,0,0,0,0,0,0,0],[0,0,0,0,0,0,0,0,0,0,0,0,0,0,0,0,0,0,0,0,0,0,0,0,0,0,0,0,0,0,0,0,0,0,0,0,0,0,0,0,0,0,0,0,0,0,0],[0,0,0,0,0,0,0,0,0,0,0,0,0,0,0,0,0,0,0,0,0,0,0,0,0,0,0,0,0,0,0,0,0,0,0,0,0,0,0,0,0,0,0,0,0,0,0],[0,0,0,0,0,0,0,0,0,0,0,0,0,0,0,0,0,0,0,0,0,0,0,0,0,0,0,0,0,0,0,0,0,0,0,0,0,0,0,0,0,0,0,0,0,0,0],[0,0,0,0,0,0,0,0,0,0,0,0,0,0,0,0,0,0,0,0,0,0,0,0,0,0,0,0,0,0,0,0,0,0,0,0,0,0,0,0,0,0,0,0,0,0,0],[0,0,0,0,0,0,0,0,0,0,0,0,0,0,0,0,0,0,0,0,0,0,0,0,0,0,0,0,0,0,0,0,0,0,0,0,0,0,0,0,0,0,0,0,0,0,0],[0,0,0,0,0,0,0,0,0,0,0,0,0,0,0,0,0,0,0,1,1,0,0,0,0,0,0,0,0,0,0,0,0,0,0,0,0,0,0,0,0,0,0,0,0,0,0],[0,0,0,0,0,0,0,0,0,0,0,0,0,0,0,0,0,0,0,1,1,0,0,0,0,0,0,0,0,0,0,0,0,0,0,0,0,0,0,0,0,0,0,0,0,0,0],[0,0,0,0,0,0,0,0,0,0,0,0,0,0,0,0,0,0,0,1,1,0,0,0,0,0,0,0,0,0,0,0,0,0,0,0,0,0,0,0,0,0,0,0,0,0,0],[0,0,0,0,0,0,0,0,0,0,0,0,0,0,0,0,0,0,0,1,1,0,0,0,0,0,0,0,1,1,0,0,0,0,0,0,0,1,1,0,0,0,0,0,0,0,0],[0,0,0,0,0,0,0,0,0,0,0,0,0,0,0,0,0,0,0,1,1,0,0,0,0,0,0,0,1,1,0,0,0,0,0,0,0,1,1,0,0,0,0,0,0,0,0],[0,0,0,0,0,0,0,0,0,0,0,0,0,0,0,0,0,0,0,1,1,0,0,0,0,0,0,0,1,1,0,0,0,0,0,0,0,1,1,0,0,0,0,0,0,0,0],[0,0,0,0,0,0,0,0,0,0,0,0,0,0,0,0,0,0,0,1,1,0,0,0,0,0,0,0,1,1,0,0,0,0,0,0,0,1,1,0,0,0,0,0,0,0,0],[0,0,0,0,0,0,0,0,0,0,0,0,0,0,0,0,0,0,0,1,1,0,0,0,0,0,0,0,1,1,0,0,0,0,0,0,0,1,1,0,0,0,0,0,0,0,0],[0,0,0,0,0,0,0,0,0,0,0,0,0,0,0,0,0,0,0,1,1,0,0,0,0,0,0,0,0,0,0,0,0,0,0,0,0,0,0,0,0,0,0,0,0,0,0],[0,0,0,0,0,0,0,0,0,0,0,0,0,0,0,0,0,0,0,1,1,0,0,0,0,0,0,0,0,0,0,0,0,0,0,0,0,0,0,0,0,0,0,0,0,0,0],[0,0,0,0,0,0,0,0,0,0,0,0,0,0,0,0,0,0,0,0,0,0,0,0,0,0,0,0,0,0,0,0,0,0,0,0,0,0,0,0,0,0,0,0,0,0,0],[0,0,0,0,0,0,0,0,0,0,0,0,0,0,0,0,0,0,0,0,0,0,0,0,0,0,0,0,0,0,0,0,0,0,0,0,0,0,0,0,0,0,0,0,0,0,0],[0,0,0,0,0,0,0,0,0,0,0,0,0,0,0,0,0,0,0,0,0,0,0,0,0,0,0,0,0,0,0,0,0,1,1,1,1,1,1,0,0,0,0,0,0,0,0],[0,0,0,0,0,0,0,1,1,0,0,0,0,0,0,0,0,0,0,0,0,0,0,0,0,0,0,0,0,0,0,0,0,1,1,1,1,1,1,0,0,0,0,0,0,0,0],[0,0,0,0,0,0,0,1,1,0,0,0,0,0,0,0,0,0,0,0,0,0,0,0,0,0,0,0,0,0,0,0,0,0,0,0,0,0,0,0,0,0,0,0,0,0,0],[0,0,0,0,0,0,0,1,1,0,0,0,0,0,0,0,0,0,0,0,0,0,0,0,0,0,0,0,0,0,0,0,0,0,0,0,0,0,0,0,0,0,0,0,0,0,0],[0,0,0,0,0,0,0,1,1,0,0,0,0,0,0,0,0,0,0,0,0,0,0,0,0,0,0,0,0,0,0,0,0,0,0,0,0,0,0,0,0,0,0,0,0,0,0],[0,0,0,0,0,0,0,1,1,0,0,0,0,0,0,0,0,0,0,0,0,0,0,0,0,0,0,0,0,0,0,0,0,0,0,0,0,0,0,0,0,0,0,0,0,0,0],[0,0,0,0,0,0,0,1,1,0,0,0,0,0,0,0,0,0,0,0,0,0,0,0,0,0,1,1,0,0,0,0,0,0,0,0,0,0,0,0,0,0,0,0,0,0,0],[0,0,0,0,0,0,0,1,1,0,0,0,0,0,0,0,0,0,0,0,0,0,0,0,0,0,1,1,0,0,0,0,0,0,0,0,0,0,0,0,0,0,0,0,0,0,0],[0,0,0,0,0,0,0,1,1,0,0,0,0,0,0,0,0,0,0,0,0,0,0,0,0,0,1,1,0,0,0,0,0,0,0,0,0,0,0,0,0,0,0,0,0,0,0],[0,0,0,0,0,0,0,1,1,0,0,0,0,0,0,0,0,0,0,0,0,0,0,0,0,0,1,1,0,0,0,0,0,0,0,0,0,0,0,0,0,0,0,0,0,0,0],[0,0,0,0,0,0,0,1,1,0,0,0,0,0,0,0,0,0,0,0,0,0,0,0,0,0,1,1,0,0,0,0,0,0,0,0,0,0,0,0,0,0,0,0,0,0,0],[0,0,0,0,0,0,0,1,1,0,0,0,0,0,0,0,0,0,0,0,0,0,0,0,0,0,1,1,0,0,0,0,0,0,0,0,0,0,0,0,0,0,0,0,0,0,0],[0,0,0,0,0,0,0,1,1,0,0,0,0,0,0,0,0,0,0,0,0,0,0,0,0,0,1,1,0,0,0,0,0,0,0,0,0,0,0,0,0,0,0,0,0,0,0],[0,0,0,0,0,0,0,1,1,0,0,0,0,0,0,0,0,0,0,0,0,0,0,0,0,0,1,1,0,0,0,0,0,0,0,0,0,0,0,0,0,0,0,0,0,0,0],[0,0,0,0,0,0,0,1,1,0,0,0,0,0,0,0,0,0,0,0,0,0,0,0,0,0,1,1,0,0,0,0,0,0,0,0,0,0,0,0,0,0,0,0,0,0,0],[0,0,0,0,0,0,0,1,1,0,0,0,0,0,0,0,0,0,0,0,0,0,0,0,0,0,1,1,0,0,0,0,0,0,0,0,0,0,0,0,0,0,0,0,0,0,0],[0,0,0,0,0,0,0,0,0,0,0,0,0,0,0,0,0,0,0,0,0,0,0,0,0,0,0,0,0,0,0,0,0,0,0,0,0,0,0,0,0,0,0,0,0,0,0],[0,0,0,0,0,0,0,0,0,0,0,0,0,0,0,0,0,0,0,0,0,0,0,0,0,0,0,0,0,0,0,0,0,0,0,0,0,0,0,0,0,0,0,0,0,0,0],[0,0,0,0,0,0,0,0,0,0,0,0,0,0,0,0,0,0,0,0,0,0,0,0,0,0,0,0,0,0,0,0,0,0,0,0,0,0,0,0,0,0,0,0,0,0,0],[0,0,0,0,0,0,0,0,0,0,0,0,0,0,0,0,0,0,0,0,0,0,0,0,0,0,0,0,0,0,0,0,0,0,0,0,0,0,0,0,0,0,0,0,0,0,0],[0,0,0,0,0,0,0,0,0,0,0,0,0,0,0,0,0,0,0,0,0,0,0,0,0,0,0,0,0,0,0,0,0,0,0,0,0,0,0,0,0,0,0,0,0,0,0]]},{"id":4,"type":"Background","name":"upper2","level":"2","width":45,"height":40,"visible":1,"tilesetName":"media\/map\/cargo-ship-inner.png","repeat":false,"distance":"1","tilesize":16,"data":[[0,0,0,0,0,0,0,0,0,0,0,0,0,0,0,0,0,0,0,0,0,0,0,0,0,0,0,0,0,0,0,0,0,0,0,0,0,0,0,0,0,0,0,0,0],[0,0,0,0,0,0,0,0,0,0,0,0,0,0,0,0,0,0,0,0,0,0,0,0,0,0,0,0,0,0,0,0,0,0,0,0,0,0,0,0,0,0,0,0,0],[0,0,0,0,0,0,0,0,0,0,0,0,0,0,0,0,0,0,0,0,0,0,0,0,0,0,0,0,0,0,0,0,0,0,0,0,0,0,0,0,0,0,0,0,0],[0,0,0,0,0,0,0,0,0,0,0,0,0,0,0,0,0,0,0,0,0,0,0,0,0,0,0,0,0,0,0,0,0,0,0,0,0,0,0,0,0,0,0,0,0],[0,0,0,0,0,0,0,0,0,0,0,0,0,0,0,0,0,0,0,0,0,0,0,0,0,0,0,0,0,0,0,0,0,0,0,0,0,0,0,0,0,0,0,0,0],[0,0,0,0,0,0,0,0,0,0,0,0,0,0,0,0,0,0,0,0,0,0,0,0,0,0,0,0,0,0,0,0,0,0,0,0,0,0,0,0,0,0,0,0,0],[0,0,0,0,0,0,0,0,0,0,0,0,0,0,0,0,0,0,0,0,0,0,0,0,0,0,0,0,0,0,0,0,0,0,0,0,0,0,0,0,0,0,0,0,0],[0,0,0,0,0,0,0,0,0,0,0,0,0,0,0,0,0,0,0,0,0,0,0,0,0,0,0,0,0,0,0,0,0,0,0,0,0,0,0,0,0,0,0,0,0],[0,0,0,0,0,0,0,0,0,0,0,0,0,0,0,0,0,0,0,0,0,0,0,0,0,0,0,0,0,0,0,0,0,0,0,0,0,0,0,0,0,0,0,0,0],[0,0,0,0,0,0,0,0,0,0,0,0,0,0,0,0,0,0,0,0,0,0,0,0,0,0,0,0,0,0,0,0,0,0,0,0,0,0,0,0,0,0,0,0,0],[0,0,0,0,0,0,0,0,0,0,0,0,0,0,0,0,0,0,0,0,0,0,0,0,0,0,0,0,0,0,0,0,0,0,0,0,0,0,0,0,0,0,0,0,0],[0,0,0,0,0,0,0,0,0,0,0,0,0,0,0,0,0,0,0,0,0,0,0,0,0,0,0,0,0,0,0,0,0,0,0,0,0,0,0,0,0,0,0,0,0],[0,0,0,0,0,0,0,0,0,0,0,0,0,0,0,0,0,0,0,0,0,0,0,0,0,0,0,0,0,0,0,0,0,0,0,0,0,0,0,0,0,0,0,0,0],[0,0,0,0,0,0,0,0,0,0,0,0,0,0,0,0,0,0,0,0,0,0,0,0,0,0,0,0,0,0,0,0,0,0,0,0,0,0,0,0,0,0,0,0,0],[0,0,0,0,0,0,0,0,0,0,0,0,0,0,0,0,0,0,0,0,0,0,0,0,0,0,0,0,0,0,0,0,0,0,0,0,0,0,0,0,0,0,0,0,0],[0,0,0,0,0,0,0,0,0,0,0,0,0,0,0,0,0,0,0,0,0,0,0,0,0,0,0,0,0,0,0,0,0,0,0,0,0,0,0,0,0,0,0,0,0],[0,0,0,0,0,0,0,0,0,0,0,0,0,0,0,0,0,0,0,0,0,0,0,0,0,0,0,0,0,0,0,0,0,0,0,0,0,0,0,0,0,0,0,0,0],[0,0,0,0,0,0,0,0,0,0,0,0,0,0,0,0,0,0,0,0,0,0,0,0,0,0,0,0,0,0,0,0,0,0,0,0,0,0,0,0,0,0,0,0,0],[0,0,0,0,0,0,0,0,0,0,0,0,0,0,0,0,0,0,0,0,0,0,0,0,0,0,0,0,0,0,0,0,0,0,0,0,0,0,0,0,0,0,0,0,0],[0,0,0,0,0,0,0,0,0,0,0,0,0,0,0,0,0,0,0,0,0,0,0,0,0,0,0,0,0,0,0,0,0,0,0,0,0,0,0,0,0,0,0,0,0],[0,0,0,0,0,0,0,0,0,0,0,0,0,0,0,0,0,0,0,0,0,0,0,0,0,0,0,0,0,0,0,0,0,0,0,0,0,0,0,0,0,0,0,0,0],[0,0,0,0,0,0,0,0,0,0,0,0,0,0,0,0,0,0,0,0,0,0,0,0,0,0,0,0,0,0,0,0,0,0,0,0,0,0,0,0,0,0,0,0,0],[0,0,0,0,0,0,0,0,0,0,0,0,0,0,0,0,0,0,0,0,0,0,0,0,0,0,0,0,0,0,0,0,0,0,0,0,0,0,0,0,0,0,0,0,0],[0,0,0,0,0,0,0,0,0,0,0,0,0,0,0,0,0,0,0,0,0,0,0,0,0,0,0,0,0,0,0,0,0,0,0,0,0,0,0,0,0,0,0,0,0],[0,0,0,0,0,0,0,0,0,0,0,0,0,0,0,0,0,0,0,0,0,0,0,0,0,0,0,0,0,0,0,0,0,0,0,0,0,0,0,0,0,0,0,0,0],[0,0,0,0,0,0,0,0,0,0,0,0,0,0,0,0,0,0,0,0,0,0,0,0,0,0,0,0,0,0,0,0,0,0,0,0,0,0,0,0,0,0,0,0,0],[0,0,0,0,0,0,0,0,0,0,0,0,0,0,0,0,0,0,0,0,0,0,0,0,0,0,0,0,0,0,0,0,0,0,0,0,0,0,0,0,0,0,0,0,0],[0,0,0,0,0,0,0,0,0,0,0,0,0,0,0,0,0,0,0,0,0,0,0,0,0,0,0,0,0,0,0,0,0,0,0,0,0,0,0,0,0,0,0,0,0],[0,0,0,0,0,0,0,0,0,0,0,0,0,0,0,0,0,0,0,0,0,0,0,0,0,0,0,0,0,0,0,0,0,0,0,0,0,0,0,0,0,0,0,0,0],[0,0,0,0,0,0,0,0,0,0,0,0,0,0,0,0,0,0,0,0,0,0,0,0,0,0,0,0,0,0,0,0,0,0,0,0,0,0,0,0,0,0,0,0,0],[0,0,0,0,0,0,0,0,0,0,0,0,0,0,0,0,0,0,0,0,0,0,0,0,0,0,0,0,0,0,0,0,0,0,0,0,0,0,0,0,0,0,0,0,0],[0,0,0,0,0,0,0,0,0,0,0,0,0,0,0,0,0,0,0,0,0,0,0,0,0,0,0,0,0,0,0,0,0,0,0,0,0,0,0,0,0,0,0,0,0],[0,0,0,0,0,0,0,0,0,0,0,0,0,0,0,0,0,0,0,0,0,0,0,0,0,0,0,0,0,0,0,0,0,0,0,0,0,0,0,0,0,0,0,0,0],[0,0,0,0,0,0,0,0,0,0,0,0,0,0,0,0,0,0,0,0,0,0,0,0,0,0,0,0,0,0,0,0,0,0,0,0,0,0,0,0,0,0,0,0,0],[0,0,0,0,0,0,0,0,0,0,0,0,0,0,0,0,0,0,0,0,0,0,0,0,0,0,0,0,0,0,0,0,0,0,0,0,0,0,0,0,0,0,0,0,0],[0,0,0,0,0,0,0,0,0,0,0,0,0,0,0,0,0,0,0,0,0,0,0,0,0,0,0,0,0,0,0,0,0,0,0,0,0,0,0,0,0,0,0,0,0],[0,0,0,0,0,0,0,0,0,0,0,0,0,0,0,0,0,0,0,0,0,0,0,0,0,0,0,0,0,0,0,0,0,0,0,0,0,0,0,0,0,0,0,0,0],[0,0,0,0,0,0,0,0,0,0,0,0,0,0,0,0,0,0,0,0,0,0,0,0,0,0,0,0,0,0,0,0,0,0,0,0,0,0,0,0,0,0,0,0,0],[0,0,0,0,0,0,0,0,0,0,0,0,0,0,0,0,0,0,0,0,0,0,0,0,0,0,0,0,0,0,0,0,0,0,0,0,0,0,0,0,0,0,0,0,0],[0,0,0,0,0,0,0,0,0,0,0,0,0,0,0,0,0,0,0,0,0,0,0,0,0,0,0,0,0,0,0,0,0,0,0,0,0,0,0,0,0,0,0,0,0]]},{"id":5,"type":"Collision","name":"collision","level":"2","width":47,"height":40,"visible":1,"tilesetName":"media\/map\/collisiontiles-16x16.png","repeat":false,"distance":"1","tilesize":16,"data":[[0,0,0,0,0,0,0,0,0,0,0,0,0,0,0,0,0,0,0,0,0,0,0,0,0,0,0,0,0,0,0,0,0,0,0,0,0,0,0,0,0,0,0,0,0,0,0],[0,0,0,0,0,0,0,0,0,0,0,0,0,0,0,0,0,0,0,0,0,0,0,0,0,0,0,0,0,0,0,0,0,0,0,0,0,0,0,0,0,0,0,0,0,0,0],[0,0,0,0,0,0,0,0,0,0,0,0,0,0,0,0,0,0,0,0,0,0,0,0,0,0,0,0,0,0,0,0,0,0,0,0,0,0,0,0,0,0,0,0,0,0,0],[0,0,0,0,0,0,0,0,0,0,0,0,0,0,0,0,0,0,0,0,0,0,0,0,0,0,0,0,0,0,0,0,0,0,0,0,0,0,0,0,0,0,0,0,0,0,0],[0,0,0,2,2,2,2,2,2,2,2,2,2,2,2,2,2,2,2,2,2,2,2,2,2,2,2,2,2,2,2,2,2,2,2,2,2,0,0,0,0,0,0,0,0,0,0],[0,0,9,0,0,0,0,0,0,0,0,0,0,0,0,0,0,0,0,0,0,0,0,0,0,0,0,0,0,0,0,0,0,0,0,0,0,10,0,0,0,0,0,0,0,0,0],[0,9,0,0,0,0,0,0,0,0,0,0,0,0,0,0,0,0,0,0,0,0,0,0,0,0,0,0,0,0,0,0,0,0,0,0,0,0,10,0,0,0,0,0,0,0,0],[2,0,0,0,0,0,0,0,0,0,0,0,0,0,0,0,0,0,0,0,0,0,0,0,0,0,0,0,0,0,0,0,0,0,0,0,0,0,0,2,0,0,0,0,0,0,0],[2,0,0,0,0,0,0,0,0,0,0,0,0,0,0,0,0,0,0,0,0,0,0,0,0,0,0,0,0,0,0,0,0,0,0,0,0,0,0,2,0,0,0,0,0,0,0],[2,0,0,0,0,0,0,0,0,0,0,0,0,0,0,0,0,0,0,0,0,0,0,0,0,0,0,0,0,0,0,0,0,0,0,0,0,0,0,2,0,0,0,0,0,0,0],[2,0,0,0,0,0,0,0,0,0,0,0,0,0,0,0,0,0,0,0,0,0,0,0,0,0,0,0,0,0,0,0,0,0,0,0,0,0,0,2,0,0,0,0,0,0,0],[2,0,0,0,0,0,0,0,0,0,0,0,0,0,0,0,0,0,0,0,0,0,0,0,0,0,0,0,0,0,0,0,0,0,0,0,0,0,0,2,0,0,0,0,0,0,0],[2,0,0,0,0,0,0,0,0,0,0,0,0,0,0,0,0,0,0,0,0,0,0,0,0,0,0,0,0,0,0,0,0,0,0,0,0,0,0,2,0,0,0,0,0,0,0],[2,0,0,0,0,0,0,0,0,0,0,0,0,0,0,0,0,0,0,0,0,0,0,0,0,0,0,0,0,0,0,0,0,0,0,0,0,0,0,2,0,0,0,0,0,0,0],[2,0,0,0,0,0,0,0,0,0,0,0,0,0,0,0,0,0,0,0,0,0,0,0,0,0,0,0,0,0,0,0,0,0,0,0,0,0,0,2,0,0,0,0,0,0,0],[2,0,0,0,0,0,0,0,0,0,0,0,0,0,0,0,0,0,0,0,0,0,0,0,0,0,0,0,0,0,0,0,0,0,0,0,0,0,0,2,0,0,0,0,0,0,0],[2,0,0,0,0,0,0,0,0,0,0,0,0,0,0,0,0,0,0,0,0,0,0,0,0,0,0,0,0,0,0,0,0,0,0,0,0,0,0,2,0,0,0,0,0,0,0],[2,0,0,0,0,0,0,0,0,0,0,0,0,0,0,0,0,0,0,0,0,0,0,0,0,0,0,0,0,0,0,0,0,0,0,0,0,0,0,2,0,0,0,0,0,0,0],[2,0,0,0,0,0,0,0,0,0,0,0,0,0,0,0,0,0,0,0,0,0,0,0,0,0,0,0,0,0,0,0,0,0,0,0,0,0,0,2,0,0,0,0,0,0,0],[2,0,0,0,0,0,0,0,0,0,0,0,0,0,0,0,0,0,0,0,0,0,0,0,0,0,0,0,0,0,0,0,0,0,0,0,0,0,0,2,0,0,0,0,0,0,0],[2,0,0,0,0,0,0,0,0,0,0,0,0,0,0,0,0,0,0,0,0,0,0,0,0,0,0,0,0,0,0,0,0,0,0,0,0,0,0,2,0,0,0,0,0,0,0],[2,0,0,0,0,0,0,0,0,0,0,0,0,0,0,0,0,0,0,0,0,0,0,0,0,0,0,0,0,0,0,0,0,0,0,0,0,0,0,2,0,0,0,0,0,0,0],[2,0,0,0,0,0,0,0,0,0,0,0,0,0,0,0,0,0,0,0,0,0,0,0,0,0,0,0,0,0,0,0,0,0,0,0,0,0,0,2,0,0,0,0,0,0,0],[2,0,0,0,0,0,0,0,0,0,0,0,0,0,0,0,0,0,0,0,0,0,0,0,0,0,0,0,0,0,0,0,0,0,0,0,0,0,0,2,0,0,0,0,0,0,0],[2,0,0,0,0,0,0,0,0,0,0,0,0,0,0,0,0,0,0,0,0,0,0,0,0,0,0,0,0,0,0,0,0,0,0,0,0,0,0,2,0,0,0,0,0,0,0],[2,0,0,0,0,0,0,0,0,0,0,0,0,0,0,0,0,0,0,0,0,0,0,0,0,0,0,0,0,0,0,0,0,0,0,0,0,0,0,2,0,0,0,0,0,0,0],[2,0,0,0,0,0,0,0,0,0,0,0,0,0,0,0,0,0,0,0,0,0,0,0,0,0,0,0,0,0,0,0,0,0,0,0,0,0,0,2,0,0,0,0,0,0,0],[2,0,0,0,0,0,0,0,0,0,0,0,0,0,0,0,0,0,0,0,0,0,0,0,0,0,0,0,0,0,0,0,0,0,0,0,0,0,0,2,0,0,0,0,0,0,0],[2,0,0,0,0,0,0,0,0,0,0,0,0,0,0,0,0,0,0,0,0,0,0,0,0,0,0,0,0,0,0,0,0,0,0,0,0,0,0,2,0,0,0,0,0,0,0],[2,2,2,2,2,2,2,0,0,0,0,0,0,0,0,0,0,0,0,0,0,0,0,0,0,0,0,0,0,0,0,0,0,0,0,0,0,0,0,2,2,2,2,2,2,2,0],[0,0,0,0,0,0,2,0,0,0,0,0,0,0,0,0,0,0,0,0,0,0,0,0,0,0,0,0,0,0,0,0,0,0,0,0,0,0,0,0,0,0,0,0,0,2,0],[0,0,0,0,0,0,2,0,0,0,0,0,0,0,0,0,0,0,0,0,0,0,0,0,0,0,0,0,0,0,0,0,0,0,0,0,0,0,0,0,0,0,0,0,11,0,0],[0,0,0,0,0,0,2,0,0,0,0,0,0,0,0,0,0,0,0,0,0,0,0,0,0,0,0,0,0,0,0,0,0,0,0,0,0,0,0,0,0,0,0,11,0,0,0],[0,0,0,0,0,0,2,2,2,2,2,2,2,2,2,2,2,2,2,2,2,2,2,2,2,2,2,2,2,2,2,2,2,2,2,2,2,2,2,2,2,2,2,0,0,0,0],[0,0,0,0,0,0,0,0,0,0,0,0,0,0,0,0,0,0,0,0,0,0,0,0,0,0,0,0,0,0,0,0,0,0,0,0,0,0,0,0,0,0,0,0,0,0,0],[0,0,0,0,0,0,0,0,0,0,0,0,0,0,0,0,0,0,0,0,0,0,0,0,0,0,0,0,0,0,0,0,0,0,0,0,0,0,0,0,0,0,0,0,0,0,0],[0,0,0,0,0,0,0,0,0,0,0,0,0,0,0,0,0,0,0,0,0,0,0,0,0,0,0,0,0,0,0,0,0,0,0,0,0,0,0,0,0,0,0,0,0,0,0],[0,0,0,0,0,0,0,0,0,0,0,0,0,0,0,0,0,0,0,0,0,0,0,0,0,0,0,0,0,0,0,0,0,0,0,0,0,0,0,0,0,0,0,0,0,0,0],[0,0,0,0,0,0,0,0,0,0,0,0,0,0,0,0,0,0,0,0,0,0,0,0,0,0,0,0,0,0,0,0,0,0,0,0,0,0,0,0,0,0,0,0,0,0,0],[0,0,0,0,0,0,0,0,0,0,0,0,0,0,0,0,0,0,0,0,0,0,0,0,0,0,0,0,0,0,0,0,0,0,0,0,0,0,0,0,0,0,0,0,0,0,0]]},{"id":6,"type":"Background","name":"ceiling","level":"3","width":45,"height":40,"visible":1,"tilesetName":"media\/map\/cargo-ship-inner.png","repeat":false,"distance":"1","tilesize":16,"data":[[0,0,0,0,0,0,0,0,0,0,0,0,0,0,0,0,0,0,0,0,0,0,0,0,0,0,0,0,0,0,0,0,0,0,0,0,0,0,0,0,0,0,0,0,0],[0,0,0,0,0,0,0,0,0,0,0,0,0,0,0,0,0,0,0,0,0,0,0,0,0,0,0,0,0,0,0,0,0,0,0,0,0,0,0,0,0,0,0,0,0],[0,0,0,0,0,0,0,0,0,0,0,0,0,0,0,0,0,0,0,0,0,0,0,0,0,0,0,0,0,0,0,0,0,0,0,0,0,0,0,0,0,0,0,0,0],[0,0,0,0,0,0,0,0,0,0,0,0,0,0,0,0,0,0,0,0,0,0,0,0,0,0,0,0,0,0,0,0,0,0,0,0,0,0,0,0,0,0,0,0,0],[0,0,0,0,0,0,0,0,17,18,19,0,0,0,0,0,17,18,19,0,0,0,0,0,17,18,19,0,0,0,0,0,0,0,0,0,0,0,0,0,0,0,0,0,0],[0,0,0,0,0,0,0,0,49,50,51,0,0,0,0,0,49,50,51,0,0,0,0,0,49,50,51,0,0,0,0,0,0,0,0,0,0,0,0,0,0,0,0,0,0],[0,0,0,17,18,19,0,0,81,82,83,0,0,0,0,0,81,82,83,0,0,0,0,0,81,82,83,0,0,0,0,0,0,0,17,18,19,0,0,0,0,0,0,0,0],[0,0,0,49,50,51,0,0,113,114,115,0,0,0,0,0,113,114,115,0,0,0,0,0,113,114,115,0,0,0,0,0,0,0,49,50,51,0,0,0,0,0,0,0,0],[0,0,0,81,82,83,0,0,145,146,147,0,0,0,0,0,145,146,147,0,0,0,0,0,145,146,147,0,0,0,0,0,0,0,81,82,83,0,0,0,0,0,0,0,0],[0,0,0,113,114,115,0,0,177,178,179,0,0,0,0,0,177,178,179,0,0,0,0,0,177,178,179,0,0,0,0,0,0,0,113,114,115,0,0,0,0,0,0,0,0],[0,0,0,145,146,147,0,0,0,0,0,0,0,0,0,0,0,0,0,0,0,0,0,0,0,0,0,0,0,0,0,0,0,0,145,146,147,0,0,0,0,0,0,0,0],[0,0,0,177,178,179,0,0,0,0,0,0,0,0,0,0,0,0,0,0,0,0,0,0,0,0,0,0,0,0,0,0,0,0,177,178,179,0,0,0,0,0,0,0,0],[0,0,0,0,0,0,0,0,0,0,0,0,0,0,0,0,0,0,0,0,0,0,0,0,0,0,0,0,0,0,0,0,0,0,0,0,0,0,0,0,0,0,0,0,0],[0,0,0,0,0,0,0,0,0,0,0,0,0,0,0,0,0,0,0,0,0,0,0,0,0,0,0,0,0,0,0,0,0,0,0,0,0,0,0,0,0,0,0,0,0],[0,0,0,0,0,0,0,0,0,0,0,0,0,0,0,0,0,0,0,0,0,0,0,0,0,0,0,0,0,0,0,0,0,0,0,0,0,0,0,0,0,0,0,0,0],[0,0,0,0,0,0,0,0,0,0,0,0,0,0,0,0,0,0,0,0,178,0,0,0,0,0,0,0,0,0,0,0,0,0,0,0,0,0,0,0,0,0,0,0,0],[0,0,0,0,0,0,0,0,0,0,0,0,0,0,0,0,0,0,0,0,0,0,0,0,0,0,0,0,0,0,0,0,0,0,0,0,0,0,0,0,0,0,0,0,0],[0,0,0,0,0,0,0,0,0,0,0,0,0,0,0,0,0,0,0,0,0,0,0,0,0,0,0,0,0,0,0,0,0,0,0,0,0,0,0,0,0,0,0,0,0],[0,0,0,0,0,0,0,0,0,0,0,0,0,0,0,0,0,0,0,0,0,0,0,0,0,0,0,0,0,0,0,0,0,0,0,0,0,0,0,0,0,0,0,0,0],[0,0,0,0,0,0,0,0,0,0,0,0,0,0,0,0,0,0,0,0,0,0,0,0,0,0,0,0,0,0,0,0,0,0,0,0,0,0,0,0,0,0,0,0,0],[0,0,0,0,0,0,0,0,0,0,0,0,0,0,0,0,0,0,0,0,0,0,0,0,0,0,0,0,0,0,0,0,0,0,0,0,0,0,0,0,0,0,0,0,0],[0,0,0,0,0,0,0,0,0,0,0,0,0,0,0,0,0,0,0,0,0,0,0,0,0,0,0,0,0,0,0,0,0,0,0,0,0,0,0,0,0,0,0,0,0],[0,0,0,0,0,0,0,0,0,0,0,0,0,0,0,0,0,0,0,0,0,0,0,0,0,0,0,0,0,0,0,0,0,0,0,0,0,0,0,0,0,0,0,0,0],[0,0,0,0,0,0,0,0,0,0,0,0,0,0,0,0,0,0,0,0,0,0,0,0,0,0,0,0,0,0,0,0,0,0,0,0,0,0,0,0,0,0,0,0,0],[0,0,0,0,0,0,0,0,0,0,0,0,0,0,0,0,0,0,0,0,0,0,0,0,0,0,0,0,0,0,0,0,0,0,0,0,0,0,0,0,0,0,0,0,0],[0,0,0,0,0,0,0,0,0,0,0,0,0,0,0,0,0,0,0,0,0,0,0,0,0,0,0,0,0,0,0,0,0,0,0,0,0,0,0,0,0,0,0,0,0],[0,0,0,0,0,0,0,0,0,0,0,0,0,0,0,0,0,0,0,0,0,0,0,0,0,0,0,0,0,0,0,0,0,0,0,0,0,0,0,0,0,0,0,0,0],[0,0,17,18,18,19,0,0,0,0,0,0,0,0,0,0,0,0,0,0,0,0,0,0,0,0,0,0,0,0,0,0,0,0,0,0,0,0,0,0,0,0,0,0,0],[0,0,49,50,50,51,0,0,0,0,0,0,0,0,0,0,0,0,0,0,0,0,0,0,0,0,0,0,0,0,0,0,0,0,0,0,0,0,0,0,0,0,0,0,0],[0,0,81,82,82,83,0,0,0,0,0,0,0,0,0,0,0,0,0,0,0,0,0,0,0,0,0,0,0,0,0,0,0,0,0,0,0,0,0,0,17,18,18,19,0],[0,0,113,114,114,115,0,0,0,0,0,0,0,0,0,0,0,0,0,0,0,0,0,0,0,0,0,0,0,0,0,0,0,0,0,0,0,0,0,0,49,50,50,51,0],[0,0,145,146,146,147,0,0,0,17,18,19,0,0,0,0,0,17,18,19,0,0,0,0,17,18,19,0,0,0,0,0,0,17,18,19,0,0,0,0,81,82,82,83,0],[0,0,177,178,178,179,0,0,0,0,0,0,0,0,0,0,0,49,50,51,0,0,0,0,49,50,51,0,0,0,0,0,0,49,50,51,0,0,0,0,113,114,114,115,0],[0,0,0,0,0,0,0,0,0,0,0,0,0,0,0,0,0,81,82,83,0,0,0,0,81,82,83,0,0,0,0,0,0,81,82,83,0,0,0,0,145,146,146,147,0],[0,0,0,0,0,0,0,0,0,0,0,0,0,0,0,0,0,113,114,115,0,0,0,0,113,114,115,0,0,0,0,0,0,113,114,115,0,0,0,0,177,178,178,179,0],[0,0,0,0,0,0,0,0,0,0,0,0,0,0,0,0,0,145,146,147,0,0,0,0,145,146,147,0,0,0,0,0,0,145,146,147,0,0,0,0,0,0,0,0,0],[0,0,0,0,0,0,0,0,0,0,0,0,0,0,0,0,0,177,178,179,0,0,0,0,177,178,179,0,0,0,0,0,0,177,178,179,0,0,0,0,0,0,0,0,0],[0,0,0,0,0,0,0,0,0,0,0,0,0,0,0,0,0,0,0,0,0,0,0,0,0,0,0,0,0,0,0,0,0,0,0,0,0,0,0,0,0,0,0,0,0],[0,0,0,0,0,0,0,0,0,0,0,0,0,0,0,0,0,0,0,0,0,0,0,0,0,0,0,0,0,0,0,0,0,0,0,0,0,0,0,0,0,0,0,0,0],[0,0,0,0,0,0,0,0,0,0,0,0,0,0,0,0,0,0,0,0,0,0,0,0,0,0,0,0,0,0,0,0,0,0,0,0,0,0,0,0,0,0,0,0,0]]},{"id":7,"type":"Background","name":"ironbars","level":"3","width":45,"height":40,"visible":1,"tilesetName":"media\/map\/cargo-ship-inner.png","repeat":false,"distance":"1","tilesize":16,"data":[[0,0,0,0,0,0,0,0,0,0,0,0,0,0,0,0,0,0,0,0,0,0,0,0,0,0,0,0,0,0,0,0,0,0,0,0,0,0,0,0,0,0,0,0,0],[0,0,0,0,0,0,0,0,0,0,0,0,0,0,0,0,0,0,0,0,0,0,0,0,0,0,0,0,0,0,0,0,0,0,0,0,0,0,0,0,0,0,0,0,0],[0,0,0,0,0,0,0,0,0,0,0,0,0,0,0,0,0,0,0,0,0,0,0,0,0,0,0,0,0,0,0,0,0,0,0,0,0,0,0,0,0,0,0,0,0],[0,0,218,0,153,0,152,184,0,0,0,0,0,0,0,0,0,0,0,0,0,0,0,0,0,0,0,0,0,0,0,0,183,151,0,153,0,217,0,0,0,0,0,0,0],[0,0,183,151,150,152,184,216,0,0,0,0,0,0,0,0,0,0,0,0,0,0,0,0,0,0,0,0,0,0,0,0,215,183,151,150,152,184,0,0,0,0,0,0,0],[0,0,215,183,156,184,216,0,0,0,0,0,0,0,0,0,0,0,0,0,0,0,0,0,0,0,0,0,0,0,0,0,0,215,183,156,184,216,0,0,0,0,0,0,0],[0,149,149,149,155,149,149,149,149,149,149,149,149,149,149,149,149,149,149,149,149,149,149,149,149,149,149,149,149,149,149,149,149,149,149,155,149,149,149,0,0,0,0,0,0],[0,0,0,0,0,0,0,0,0,0,0,0,0,0,0,0,0,0,0,0,0,0,0,0,0,0,0,0,0,0,0,0,0,0,0,0,0,0,0,0,0,0,0,0,0],[0,0,0,0,0,0,0,0,0,0,0,0,0,0,0,0,0,0,0,0,0,0,0,0,0,0,0,0,0,0,0,0,0,0,0,0,0,0,0,0,0,0,0,0,0],[0,0,0,0,0,0,0,0,0,0,0,0,0,0,0,0,0,0,0,0,0,0,0,0,0,0,0,0,0,0,0,0,0,0,0,0,0,0,0,0,0,0,0,0,0],[0,0,0,0,0,0,0,0,0,0,0,0,0,0,0,0,0,0,0,0,0,0,0,0,0,0,0,0,0,0,0,0,0,0,0,0,0,0,0,0,0,0,0,0,0],[0,0,0,0,0,0,0,0,0,0,0,0,0,0,0,0,0,0,0,0,0,0,0,0,0,0,0,0,0,0,0,0,0,0,0,0,0,0,0,0,0,0,0,0,0],[0,0,0,0,0,0,0,0,0,0,0,0,0,0,0,0,0,0,0,0,0,0,0,0,0,0,0,0,0,0,0,0,0,0,0,0,0,0,0,0,0,0,0,0,0],[0,0,0,0,0,0,0,0,0,0,0,0,0,0,0,0,0,0,0,0,0,0,0,0,0,0,0,0,0,0,0,0,0,0,0,0,0,0,0,0,0,0,0,0,0],[0,0,0,0,0,0,0,0,0,0,0,0,0,0,0,0,0,0,0,0,0,0,0,0,0,0,0,0,0,0,0,0,0,0,0,0,0,0,0,0,0,0,0,0,0],[0,0,0,0,0,0,0,0,0,0,0,0,0,0,0,0,0,0,0,0,0,0,0,0,0,0,0,0,0,0,0,0,0,0,0,0,0,0,0,0,0,0,0,0,0],[0,0,0,0,0,0,0,0,0,0,0,0,0,0,0,0,0,0,0,0,0,0,0,0,0,0,0,0,0,0,0,0,0,0,0,0,0,0,0,0,0,0,0,0,0],[0,0,0,0,0,0,0,0,0,0,0,0,0,0,0,0,0,0,0,0,0,0,0,0,0,0,0,0,0,0,0,0,0,0,0,0,0,0,0,0,0,0,0,0,0],[0,0,0,0,0,0,0,0,0,0,0,0,0,0,0,0,0,0,0,0,0,0,0,0,0,0,0,0,0,0,0,0,0,0,0,0,0,0,0,0,0,0,0,0,0],[0,0,0,0,0,0,0,0,0,0,0,0,0,0,0,0,0,0,0,0,0,0,0,0,0,0,0,0,0,0,0,0,0,0,0,0,0,0,0,0,0,0,0,0,0],[0,0,0,0,0,0,0,0,0,0,0,0,0,0,0,0,0,0,0,0,0,0,0,0,0,0,0,0,0,0,0,0,0,0,0,0,0,0,0,0,0,0,0,0,0],[0,0,0,0,0,0,0,0,0,0,0,0,0,0,0,0,0,0,0,0,0,0,0,0,0,0,0,0,0,0,0,0,0,0,0,0,0,0,0,0,0,0,0,0,0],[0,0,0,0,0,0,0,0,0,0,0,0,0,0,0,0,0,0,0,0,0,0,0,0,0,0,0,0,0,0,0,0,0,0,0,0,0,0,0,0,0,0,0,0,0],[0,0,0,0,0,0,0,0,0,0,0,0,0,0,0,0,0,0,0,0,0,0,0,0,0,0,0,0,0,0,0,0,0,0,0,0,0,0,0,0,0,0,0,0,0],[0,0,0,0,0,0,0,0,0,0,0,0,0,0,0,0,0,0,0,0,0,0,0,0,0,0,0,0,0,0,0,0,0,0,0,0,0,0,0,0,0,0,0,0,0],[0,0,0,0,0,0,0,0,0,0,0,0,0,0,0,0,0,0,0,0,0,0,0,0,0,0,0,0,0,0,0,0,0,0,0,0,0,0,0,0,0,0,0,0,0],[0,0,0,0,0,0,0,0,0,0,0,0,0,0,0,0,0,0,0,0,0,0,0,0,0,0,0,0,0,0,0,0,0,0,0,0,0,0,0,0,0,0,0,0,0],[0,149,149,149,155,149,149,182,0,0,0,0,0,0,0,0,0,0,0,0,0,0,0,0,0,0,0,0,0,0,0,0,0,0,0,0,0,0,0,0,0,0,0,0,0],[0,0,0,0,0,0,0,150,0,0,0,0,0,0,0,0,0,0,0,0,0,0,0,0,0,0,0,0,0,0,0,0,0,0,0,0,0,0,0,0,0,0,0,0,0],[0,0,0,0,0,0,0,150,0,0,0,0,0,0,0,0,0,0,0,0,0,0,0,0,0,0,0,0,0,0,0,0,0,0,0,0,0,0,0,0,0,0,0,0,152],[0,0,0,0,0,0,0,150,0,0,0,0,0,0,0,0,0,0,0,0,0,0,0,0,0,0,0,0,0,0,0,0,0,0,0,0,0,0,0,0,0,0,0,152,184],[0,0,0,0,0,0,0,213,149,149,149,149,149,149,149,149,149,149,149,149,155,149,149,149,149,149,149,149,149,149,149,149,149,149,149,149,149,149,149,149,149,149,149,123,216],[0,0,0,0,0,0,0,0,0,0,0,0,0,0,0,0,0,0,0,0,0,0,0,0,0,0,0,0,0,0,0,0,0,0,0,0,0,0,0,0,0,0,0,0,0],[0,0,0,0,0,0,0,0,0,0,0,0,0,0,0,0,0,0,0,0,0,0,0,0,0,0,0,0,0,0,0,0,0,0,0,0,0,0,0,0,0,0,0,0,0],[0,0,0,0,0,0,0,0,0,0,0,0,0,0,0,0,0,0,0,0,0,0,0,0,0,0,0,0,0,0,0,0,0,0,0,0,0,0,0,0,0,0,0,0,0],[0,0,0,0,0,0,0,0,0,0,0,0,0,0,0,0,0,0,0,0,0,0,0,0,0,0,0,0,0,0,0,0,0,0,0,0,0,0,0,0,0,0,0,0,0],[0,0,0,0,0,0,0,0,0,0,0,0,0,0,0,0,0,0,0,0,0,0,0,0,0,0,0,0,0,0,0,0,0,0,0,0,0,0,0,0,0,0,0,0,0],[0,0,0,0,0,0,0,0,0,0,0,0,0,0,0,0,0,0,0,0,0,0,0,0,0,0,0,0,0,0,0,0,0,0,0,0,0,0,0,0,0,0,0,0,0],[0,0,0,0,0,0,0,0,0,0,0,0,0,0,0,0,0,0,0,0,0,0,0,0,0,0,0,0,0,0,0,0,0,0,0,0,0,0,0,0,0,0,0,0,0],[0,0,0,0,0,0,0,0,0,0,0,0,0,0,0,0,0,0,0,0,0,0,0,0,0,0,0,0,0,0,0,0,0,0,0,0,0,0,0,0,0,0,0,0,0]]},{"id":8,"type":"Light","name":"lightmap","level":"last","width":47,"height":40,"visible":1,"tilesetName":"media\/map\/lightmap-tiles.png","repeat":false,"distance":"1","tilesize":16,"data":[[0,0,0,0,0,0,0,0,0,0,0,0,0,0,0,0,0,0,0,0,0,0,0,0,0,0,0,0,0,0,0,0,0,0,0,0,0,0,0,0,0,0,0,0,0,0,0],[0,0,0,0,0,0,0,0,0,0,0,0,0,0,0,0,0,0,0,0,0,0,0,0,0,0,0,0,0,0,0,0,0,0,0,0,0,0,0,0,0,0,0,0,0,0,0],[0,0,0,0,0,0,0,0,0,0,0,0,0,0,0,0,0,0,0,0,0,0,0,0,0,0,0,0,0,0,0,0,0,0,0,0,0,0,0,0,0,0,0,0,0,0,0],[0,0,0,0,0,0,0,0,0,0,0,0,0,0,0,0,0,0,0,0,0,0,0,0,0,0,0,0,0,0,0,0,0,0,0,0,0,0,0,0,0,0,0,0,0,0,0],[0,0,0,0,0,0,0,0,0,0,0,0,0,0,0,0,0,0,0,0,0,0,0,0,0,0,0,0,0,0,0,0,0,0,0,0,0,0,0,0,0,0,0,0,0,0,0],[0,0,0,0,0,0,0,0,0,5,0,0,0,0,0,0,0,5,0,0,0,0,0,0,0,5,0,0,0,0,0,0,0,0,0,0,0,0,0,0,0,0,0,0,0,0,0],[0,0,0,0,0,0,0,0,0,0,0,0,0,0,0,0,0,0,0,0,0,0,0,0,0,0,0,0,0,0,0,0,0,0,0,0,0,0,0,0,0,0,0,0,0,0,0],[0,0,0,0,5,0,0,0,0,0,0,0,0,0,0,0,0,0,0,0,0,0,0,0,0,0,0,0,0,0,0,0,0,0,0,5,0,0,0,0,0,0,0,0,0,0,0],[0,0,0,0,0,0,0,0,0,0,0,0,0,0,0,0,0,0,0,0,0,0,0,0,0,0,0,0,0,0,0,0,0,0,0,0,0,0,0,0,0,0,0,0,0,0,0],[0,0,0,0,0,0,0,0,0,0,0,0,0,0,0,0,0,0,0,0,0,0,0,0,0,0,0,0,0,0,0,0,0,0,0,0,0,0,0,0,0,0,0,0,0,0,0],[0,0,0,0,0,0,0,0,0,2,0,0,0,0,0,0,0,0,0,0,0,0,0,0,0,2,0,0,0,0,0,0,0,0,0,0,0,0,0,0,0,0,0,0,0,0,0],[0,0,0,0,0,0,0,0,0,0,0,0,0,0,0,0,0,0,0,0,0,0,0,0,0,0,0,0,0,0,0,0,0,0,0,0,0,0,0,0,0,0,0,0,0,0,0],[0,0,0,0,0,0,0,0,0,0,0,0,0,0,0,0,0,0,0,0,0,0,0,0,0,0,0,0,0,0,0,0,0,0,0,0,0,0,0,0,0,0,0,0,0,0,0],[0,0,0,0,0,0,0,0,0,0,0,0,0,0,0,0,0,0,0,0,0,0,0,0,0,0,0,0,0,0,0,0,0,0,0,0,0,0,0,0,0,0,0,0,0,0,0],[0,0,0,0,2,0,0,0,0,0,0,0,0,0,0,0,0,0,0,0,0,0,0,0,0,0,0,0,0,0,0,0,0,0,0,2,0,0,0,0,0,0,0,0,0,0,0],[0,0,0,0,0,0,0,0,0,0,0,0,0,0,0,0,0,0,0,0,0,0,0,0,0,0,0,0,0,0,0,0,0,0,0,0,0,0,0,0,0,0,0,0,0,0,0],[0,0,0,0,0,0,0,0,0,0,0,0,0,0,0,0,0,0,0,0,0,0,0,0,0,0,0,0,0,0,0,0,0,0,0,0,0,0,0,0,0,0,0,0,0,0,0],[0,0,0,0,0,0,0,0,0,0,0,0,0,0,0,0,0,0,0,0,0,0,0,0,2,0,0,0,0,0,0,0,0,0,0,0,0,0,0,0,0,0,0,0,0,0,0],[0,0,0,0,0,0,0,0,0,0,0,0,0,0,0,0,0,0,0,0,0,0,0,0,0,0,0,0,0,0,0,0,0,0,0,0,0,0,0,0,0,0,0,0,0,0,0],[0,0,0,0,0,0,0,0,0,0,0,0,0,0,0,0,0,0,0,0,0,0,0,0,0,0,0,0,0,0,0,0,0,0,0,0,0,0,0,0,0,0,0,0,0,0,0],[0,0,0,0,0,0,0,0,0,0,0,2,0,0,0,0,0,0,0,0,0,0,0,0,0,0,0,0,0,0,0,0,0,0,0,0,0,0,0,0,0,0,0,0,0,0,0],[0,0,0,0,0,0,0,0,0,0,0,0,0,0,0,0,0,0,0,0,0,0,0,0,0,0,0,0,0,0,0,0,0,0,0,0,0,0,0,0,0,0,0,0,0,0,0],[0,0,0,0,0,0,0,0,0,0,0,0,0,0,0,0,0,0,0,0,0,0,0,0,0,0,0,0,0,0,0,0,0,0,0,0,0,0,0,0,0,0,0,0,0,0,0],[0,0,0,0,0,0,0,0,0,0,0,0,0,0,0,0,0,0,0,0,0,0,0,0,0,0,0,0,0,0,2,0,0,0,0,0,0,0,0,0,0,0,0,0,0,0,0],[0,0,0,0,0,0,0,0,0,0,0,0,0,0,0,0,0,0,2,0,0,0,0,0,0,0,0,0,0,0,0,0,0,0,0,0,0,0,0,0,0,0,0,0,0,0,0],[0,0,0,0,0,0,0,0,0,0,0,0,0,0,0,0,0,0,0,0,0,0,0,0,0,0,0,0,0,0,0,0,0,0,0,0,0,0,0,0,0,0,0,0,0,0,0],[0,0,0,0,0,0,0,0,0,0,0,0,0,0,0,0,0,0,0,0,0,0,0,0,0,0,0,0,0,0,0,0,0,0,0,0,0,0,0,0,0,0,0,0,0,0,0],[0,0,0,0,0,0,0,0,0,0,0,0,0,0,0,0,0,0,0,0,0,0,0,0,0,0,0,0,0,0,0,0,0,0,0,0,0,0,0,0,0,0,0,0,0,0,0],[0,0,0,0,5,0,0,0,0,0,0,0,0,0,0,0,0,0,0,0,0,0,0,0,0,0,0,0,0,0,0,0,0,0,0,0,0,0,0,0,0,0,0,0,0,0,0],[0,0,0,0,2,0,0,0,0,0,0,0,0,0,0,0,0,0,0,0,0,0,0,0,0,0,0,0,0,0,0,0,0,0,0,0,0,0,0,0,0,0,0,0,0,0,0],[0,0,0,0,0,0,0,0,0,0,0,0,0,0,0,0,0,0,0,0,0,0,0,0,0,0,0,0,0,0,0,0,0,0,0,0,0,0,0,0,0,5,5,0,0,0,0],[0,0,0,0,0,0,0,0,0,0,0,0,0,0,0,0,0,0,0,0,0,0,0,0,0,0,0,0,0,0,0,0,0,0,0,0,0,0,0,0,0,0,0,0,0,0,0],[0,0,0,0,0,0,0,0,0,0,5,0,0,0,0,0,0,0,5,0,0,0,0,0,0,5,0,0,0,0,0,0,0,0,5,0,0,0,0,0,0,0,0,0,0,0,0],[0,0,0,0,0,0,0,0,0,0,2,0,0,0,0,0,0,0,2,0,0,0,0,0,0,2,0,0,0,0,0,0,0,0,2,0,0,0,0,0,0,0,0,0,0,0,0],[0,0,0,0,0,0,0,0,0,0,0,0,0,0,0,0,0,0,0,0,0,0,0,0,0,0,0,0,0,0,0,0,0,0,0,0,0,0,0,0,0,2,2,0,0,0,0],[0,0,0,0,0,0,0,0,0,0,0,0,0,0,0,0,0,0,0,0,0,0,0,0,0,0,0,0,0,0,0,0,0,0,0,0,0,0,0,0,0,0,0,0,0,0,0],[0,0,0,0,0,0,0,0,0,0,0,0,0,0,0,0,0,0,0,0,0,0,0,0,0,0,0,0,0,0,0,0,0,0,0,0,0,0,0,0,0,0,0,0,0,0,0],[0,0,0,0,0,0,0,0,0,0,0,0,0,0,0,0,0,0,0,0,0,0,0,0,0,0,0,0,0,0,0,0,0,0,0,0,0,0,0,0,0,0,0,0,0,0,0],[0,0,0,0,0,0,0,0,0,0,0,0,0,0,0,0,0,0,0,0,0,0,0,0,0,0,0,0,0,0,0,0,0,0,0,0,0,0,0,0,0,0,0,0,0,0,0],[0,0,0,0,0,0,0,0,0,0,0,0,0,0,0,0,0,0,0,0,0,0,0,0,0,0,0,0,0,0,0,0,0,0,0,0,0,0,0,0,0,0,0,0,0,0,0]]}],"attributes":{"saveMode":"ENABLED","map-sounds":"CARGO_SHIP_AMBIENT_C","bgm":"cargoShip","cameraInBounds":false,"mapStyle":"cargo-hold","weather":"CARGO_HOLD","area":"cargo-ship"},"screen":{"x":-135,"y":199}}