{"name":"hideout\/inner-1","levels":[{"height":0}],"mapWidth":60,"mapHeight":60,"masterLevel":0,"entities":[{"type":"ObjectLayerView","x":560,"y":360,"level":0,"settings":{"name":"","size":{"x":16,"y":8},"layer":"object1","collType":"NONE","zHeight":64,"hideCondition":"","wallY":0,"mapId":107}},{"type":"ObjectLayerView","x":384,"y":360,"level":0,"settings":{"name":"","size":{"x":16,"y":8},"layer":"object1","collType":"NONE","zHeight":64,"wallY":0,"terrain":"","heightShape":"NONE","blockNavMap":false,"hideCondition":"","mapId":108}},{"type":"Door","x":464,"y":848,"level":0,"settings":{"name":"bottom","doorType":"DEFAULT","dir":"NORTH","blockEvent":[{"side":"LEFT","order":0,"clearSide":false,"type":"ADD_MSG_PERSON","person":{"person":"main.sergey","expression":"SERIOUS"}},{"side":"RIGHT","order":0,"clearSide":false,"type":"ADD_MSG_PERSON","person":{"person":"main.lea","expression":"NERVOUS"}},{"message":{"en_US":"Please, Lea. Now is not a time to leave.","langUid":32,"ja_JP":"\u983c\u3080\u3001\u30ec\u30a2\u3002\u4eca\u306f\u3053\u3053\u304b\u3089\n\u96e2\u308c\u306a\u3044\u3067\u304f\u308c\u3002<<A<<[CHANGED 2018\/05\/01]","ko_KR":"\uc81c\ubc1c, \ub808\uc544. \uc9c0\uae08\uc740 \ub5a0\ub0a0 \ub54c\uac00 \uc544\ub2c8\uc57c.<<A<<[CHANGED 2018\/05\/01]","zh_CN":"Lütfen, Lea. Şimdi gitme zamanı değil.","de_DE":"Bitte, Lea. Jetzt ist nicht die Zeit zu gehen.","zh_TW":"\u8389\u4e9e\uff0c\u73fe\u5728\u9084\u4e0d\u662f\u96e2\u958b\u7684\u6642\u5019\u3002<<A<<[CHANGED 2018\/05\/01]"},"autoContinue":false,"type":"SHOW_MSG","person":{"person":"main.sergey","expression":"SERIOUS"}},{"message":{"en_US":"Let's follow Satoshi into the room to the \\c[3]west\\c[0].","langUid":33,"ja_JP":"\u30b5\u30c8\u30b7\u3092\u8ffd\u3063\u3066\n\\c[3]\u897f\u5074\\c[0]\u306e\u90e8\u5c4b\u306b\u5411\u304b\u304a\u3046\u3002<<A<<[CHANGED 2018\/05\/01]","ko_KR":"\uc0ac\ud1a0\uc2dc\ub97c \ub530\ub77c \\c[3]\uc11c\ucabd\\c[0]\uc5d0 \uc788\ub294 \ubc29\uc73c\ub85c \ub4e4\uc5b4\uac00\uc790.<<A<<[CHANGED 2018\/05\/01]","zh_CN":"Satoshi'nin peşinden \\c[3]batıdaki\\c[0] odaya gidelim.","de_DE":"Lass uns Satoshi in den \\c[3]westlichen\\c[0] Raum folgen.","zh_TW":"\u8ddf\u8457\u667a\u53f2\u524d\u5f80\\c[3]\u897f\u908a\\c[0]\u7684\u623f\u9593\u3002<<A<<[CHANGED 2018\/05\/01]"},"autoContinue":false,"type":"SHOW_MSG","person":{"person":"main.sergey","expression":"NOTIFYING"}},{"side":"ALL","type":"CLEAR_MSG"},{"entity":{"player":true},"action":[{"value":0.5,"type":"SET_RELATIVE_SPEED"},{"target":{"x":480,"y":768,"lvl":"0"},"precise":false,"forceTime":false,"type":"MOVE_TO_POINT"}],"repeating":false,"wait":true,"keepState":false,"immediately":false,"type":"DO_ACTION"}],"transitionType":"REGULAR","condition":null,"map":"hideout.path-3","marker":"top","hideCondition":"","blockEventCondition":"plot.line >= 20600 && plot.line < 20680","mapId":110,"variation":""}},{"type":"Prop","x":256,"y":456,"level":0,"settings":{"name":"","propType":{"sheet":"forest-interior","name":"bar3"},"propAnim":"","spawnCondition":null,"mapId":111,"condAnims":[]}},{"type":"Prop","x":400,"y":456,"level":0,"settings":{"name":"","propType":{"sheet":"forest-interior","name":"bar2"},"propAnim":"","spawnCondition":null,"mapId":112,"condAnims":[]}},{"type":"Prop","x":544,"y":456,"level":0,"settings":{"name":"","propType":{"sheet":"forest-interior","name":"bar3"},"propAnim":"","spawnCondition":"","mapId":113,"condAnims":[]}},{"type":"Prop","x":688,"y":456,"level":0,"settings":{"name":"","propType":{"sheet":"forest-interior","name":"bar1"},"propAnim":"","spawnCondition":null,"mapId":114,"condAnims":[]}},{"type":"Prop","x":432,"y":360,"level":0,"settings":{"name":"","propType":{"sheet":"forest-interior","name":"bar3"},"propAnim":null,"spawnCondition":null,"mapId":116}},{"type":"Prop","x":512,"y":360,"level":0,"settings":{"name":"","propType":{"sheet":"forest-interior","name":"bar1"},"propAnim":null,"spawnCondition":null,"mapId":117}},{"type":"Prop","x":432,"y":744,"level":0,"settings":{"name":"","propType":{"sheet":"forest-interior","name":"bar3"},"propAnim":"","spawnCondition":null,"mapId":118,"condAnims":[]}},{"type":"Prop","x":512,"y":744,"level":0,"settings":{"name":"","propType":{"sheet":"forest-interior","name":"bar1"},"propAnim":"","spawnCondition":null,"mapId":119,"condAnims":[]}},{"type":"Prop","x":432,"y":264,"level":0,"settings":{"name":"","propType":{"sheet":"forest-interior","name":"bar1"},"propAnim":"","spawnCondition":null,"mapId":120,"condAnims":[]}},{"type":"Prop","x":512,"y":264,"level":0,"settings":{"name":"","propType":{"sheet":"forest-interior","name":"bar2"},"propAnim":"","spawnCondition":null,"mapId":121,"condAnims":[]}},{"type":"Prop","x":432,"y":648,"level":0,"settings":{"name":"","propType":{"sheet":"forest-interior","name":"bar2"},"propAnim":"","spawnCondition":null,"mapId":122,"condAnims":[]}},{"type":"Prop","x":512,"y":648,"level":0,"settings":{"name":"","propType":{"sheet":"forest-interior","name":"bar1"},"propAnim":"","spawnCondition":null,"mapId":123,"condAnims":[]}},{"type":"Prop","x":432,"y":552,"level":0,"settings":{"name":"","propType":{"sheet":"forest-interior","name":"bar1"},"propAnim":"","spawnCondition":null,"mapId":124,"condAnims":[]}},{"type":"Prop","x":512,"y":552,"level":0,"settings":{"name":"","propType":{"sheet":"forest-interior","name":"bar3"},"propAnim":"","spawnCondition":null,"mapId":125,"condAnims":[]}},{"type":"Prop","x":368,"y":368,"level":0,"settings":{"name":"","propType":{"sheet":"forest-interior","name":"inner-lamp1"},"propAnim":"","spawnCondition":null,"mapId":134,"condAnims":[]}},{"type":"Prop","x":576,"y":368,"level":0,"settings":{"name":"","propType":{"sheet":"forest-interior","name":"inner-lamp1"},"propAnim":"","spawnCondition":null,"mapId":135,"condAnims":[]}},{"type":"Prop","x":432,"y":80,"level":0,"settings":{"name":"","propType":{"sheet":"forest-interior","name":"inner-lamp1"},"propAnim":"","spawnCondition":null,"mapId":136,"condAnims":[]}},{"type":"Prop","x":512,"y":80,"level":0,"settings":{"name":"","propType":{"sheet":"forest-interior","name":"inner-lamp1"},"propAnim":"","spawnCondition":null,"mapId":137,"condAnims":[]}},{"type":"Prop","x":576,"y":544,"level":0,"settings":{"name":"","propType":{"sheet":"forest-interior","name":"inner-lamp1"},"propAnim":"","spawnCondition":null,"mapId":142,"condAnims":[]}},{"type":"Prop","x":368,"y":544,"level":0,"settings":{"name":"","propType":{"sheet":"forest-interior","name":"inner-lamp1"},"propAnim":"","spawnCondition":null,"mapId":143,"condAnims":[]}},{"type":"Door","x":464,"y":64,"level":0,"settings":{"name":"top","doorType":"DEFAULT","dir":"SOUTH","blockEvent":[{"side":"RIGHT","order":0,"clearSide":false,"type":"ADD_MSG_PERSON","person":{"person":"main.lea","expression":"NERVOUS"}},{"message":{"en_US":"...","langUid":27,"ja_JP":"...<<A<<[CHANGED 2018\/05\/01]","ko_KR":"...<<A<<[CHANGED 2018\/05\/01]","zh_CN":"...<<A<<[CHANGED 2018\/05\/01]","de_DE":"...","zh_TW":"...<<A<<[CHANGED 2018\/05\/01]"},"autoContinue":false,"type":"SHOW_MSG","person":{"person":"main.lea","expression":"NERVOUS"}},{"side":"LEFT","order":0,"clearSide":false,"type":"ADD_MSG_PERSON","person":{"person":"main.sergey","expression":"THINKING"}},{"message":{"en_US":"Uhm, did you not want to go outside with Shizuka?","langUid":28,"ja_JP":"\u3048\u3063\u3068\u3001\u30b7\u30ba\u30ab\u3068\n\u5916\u306b\u51fa\u305f\u304f\u306a\u3044\u306e\u304b\u3044\uff1f<<A<<[CHANGED 2018\/05\/01]","ko_KR":"\uc74c, \uc2dc\uc988\uce74\uc640 \ud568\uaed8 \ubc16\uc5d0 \ub098\uac00\uace0 \uc2f6\uc5b4 \ud558\ub358 \uac70 \uc544\ub2c8\uc5c8\uc5b4?<<A<<[CHANGED 2018\/05\/01]","zh_CN":"Şey, Shizuka'yla dışarı çıkmak istemedin mi?","de_DE":"\u00d6hm, wolltest du nicht mit Shizuka rausgehen?","zh_TW":"\u54e6\uff0c\u4f60\u4e0d\u60f3\u548c\u975c\u51fa\u53bb\u55ce\uff1f<<A<<[CHANGED 2018\/05\/01]"},"autoContinue":false,"type":"SHOW_MSG","person":{"person":"main.sergey","expression":"THINKING"}},{"message":{"en_US":"I am pretty sure our technical talk will not be all that interesting for you.","langUid":29,"ja_JP":"\u50d5\u305f\u3061\u306e\u6280\u8853\u7684\u306a\u8a71\u306f\u3001\n\u805e\u3044\u3066\u3066\u3082\u9762\u767d\u304f\u306a\u3044\u3068\u601d\u3046\u3088\u3002<<A<<[CHANGED 2018\/05\/01]","ko_KR":"\uc6b0\ub9ac\uc758 \uae30\uc220\uc801\uc778 \ub300\ud654\uac00 \ub124\uac8c \uadf8\ub2e4\uc9c0 \ud765\ubbf8\ub86d\uc9c0 \uc54a\uc744 \uac70\ub77c\uace0 \uc0dd\uac01\ud558\ub294\ub370.<<A<<[CHANGED 2018\/05\/01]","zh_CN":"Teknik konuşmamızın senin için o kadar da ilginç olmayacağına oldukça eminim.","de_DE":"Unser Gespr\u00e4ch wird sehr technisch, was f\u00fcr dich sicher weniger spannend sein wird.","zh_TW":"\u6211\u60f3\u6211\u5011\u7684\u6280\u8853\u8a0e\u8ad6\u4f60\u61c9\u8a72\u4e0d\u6703\u60f3\u807d\u7684\u3002<<A<<[CHANGED 2018\/05\/01]"},"autoContinue":false,"type":"SHOW_MSG","person":{"person":"main.sergey","expression":"WHISTLING"}},{"side":"ALL","type":"CLEAR_MSG"},{"entity":{"player":true},"action":[{"value":0.5,"type":"SET_RELATIVE_SPEED"},{"target":{"x":480,"y":168,"lvl":"0"},"precise":false,"forceTime":false,"type":"MOVE_TO_POINT"}],"repeating":false,"wait":true,"keepState":false,"immediately":false,"type":"DO_ACTION"}],"transitionType":"REGULAR","condition":null,"map":"hideout.inner-office","marker":"south","hideCondition":"","blockEventCondition":"plot.line >= 20670 && plot.line < 20750","mapId":147,"variation":""}},{"type":"EventTrigger","x":624,"y":240,"level":0,"settings":{"name":"enterIntro","eventType":"CUTSCENE","endCondition":"plot.intro >= 350 || plot.line >= 20000","event":[{"bgm":"silence","volume":1,"mode":"SLOW_OUT","type":"PLAY_BGM"},{"alpha":1,"time":0,"lighter":false,"color":"black","type":"SET_OVERLAY"},{"pos":{"x":480,"y":84},"speed":"IMMEDIATELY","transition":"EASE","wait":true,"waitSkip":0,"zoom":1,"type":"SET_CAMERA_POS"},{"alpha":0,"time":1,"lighter":false,"color":"black","type":"SET_OVERLAY"},{"ignoreSlowDown":false,"time":0.5,"type":"WAIT"},{"speed":"FAST","transition":"EASE_IN_OUT","wait":true,"waitSkip":0.5,"type":"RESET_CAMERA"},{"entity":{"player":true},"action":[{"value":1,"type":"SET_RELATIVE_SPEED"},{"time":0.5,"type":"MOVE_FORWARD"}],"repeating":false,"wait":true,"keepState":false,"immediately":false,"type":"DO_ACTION"},{"changeType":"set","varName":"plot.intro","value":350,"type":"CHANGE_VAR_NUMBER"}],"triggerType":"ALWAYS","startCondition":null,"mapId":148}},{"type":"Door","x":288,"y":352,"level":0,"settings":{"name":"top-2","doorType":"DEFAULT","dir":"SOUTH","blockEvent":[{"side":"RIGHT","order":0,"clearSide":false,"type":"ADD_MSG_PERSON","person":{"person":"main.shizuka","expression":"DENYING"}},{"message":{"en_US":"Doesn't seem like he is in there.","langUid":25,"ja_JP":"\u5144\u3055\u3093\u306f\u305d\u3053\u306b\u306f\n\u3044\u306a\u3044\u3068\u601d\u3046\u3051\u3069\u3002<<A<<[CHANGED 2018\/05\/01]","ko_KR":"\uc800 \uc548\uc5d0 \uc5c6\ub294 \uac83 \uac19\uc544.<<A<<[CHANGED 2018\/05\/01]","zh_CN":"İçeride gibi görünmüyor.","de_DE":"Sieht nicht so aus, als w\u00e4re er dort drin.","zh_TW":"\u4ed6\u597d\u50cf\u4e0d\u5728\u9019\u88e1\u3002<<A<<[CHANGED 2018\/05\/01]"},"autoContinue":false,"type":"SHOW_MSG","person":{"person":"main.shizuka","expression":"DENYING"}},{"side":"ALL","type":"CLEAR_MSG"}],"transitionType":"REGULAR","mapId":150,"map":"hideout.inner-garden","marker":"south","variation":"dark","condition":"","blockEventCondition":"plot.line < 20000"}},{"type":"Door","x":640,"y":352,"level":0,"settings":{"name":"","doorType":"DEFAULT","dir":"SOUTH","transitionType":"REGULAR","mapId":151,"map":"","marker":false,"variation":"dark","condition":"false"}},{"type":"Door","x":288,"y":560,"level":0,"settings":{"name":"","doorType":"DEFAULT","dir":"NORTH","transitionType":"REGULAR","mapId":157,"map":"","marker":false,"variation":"","condition":"false"}},{"type":"Door","x":640,"y":560,"level":0,"settings":{"name":"","doorType":"DEFAULT","dir":"NORTH","transitionType":"REGULAR","mapId":158,"map":"","marker":false,"variation":"","condition":"false"}},{"type":"Prop","x":512,"y":832,"level":0,"settings":{"name":"","propType":{"sheet":"forest-interior","name":"inner-lamp1"},"propAnim":"","spawnCondition":null,"mapId":162,"condAnims":[]}},{"type":"Prop","x":432,"y":832,"level":0,"settings":{"name":"","propType":{"sheet":"forest-interior","name":"inner-lamp1"},"propAnim":"","spawnCondition":null,"mapId":163,"condAnims":[]}},{"type":"Prop","x":512,"y":168,"level":0,"settings":{"name":"","propType":{"sheet":"forest-interior","name":"bar1"},"propAnim":"","spawnCondition":null,"mapId":164,"condAnims":[]}},{"type":"Prop","x":432,"y":168,"level":0,"settings":{"name":"","propType":{"sheet":"forest-interior","name":"bar2"},"propAnim":"","spawnCondition":null,"mapId":165,"condAnims":[]}},{"type":"ObjectLayerView","x":760,"y":448,"level":0,"settings":{"name":"","size":{"x":48,"y":32},"layer":"object1","collType":"BLOCK","zHeight":8,"wallY":0,"terrain":"","heightShape":"NONE","blockNavMap":false,"mapId":166}},{"type":"ObjectLayerView","x":112,"y":400,"level":0,"settings":{"name":"","size":{"x":8,"y":128},"layer":"object1","collType":"BLOCK","zHeight":16,"wallY":1,"terrain":"","heightShape":"NONE","blockNavMap":false,"mapId":168,"spawnCondition":"","hideCondition":""}},{"type":"ObjectLayerView","x":120,"y":520,"level":0,"settings":{"name":"","size":{"x":56,"y":8},"layer":"object1","collType":"BLOCK","zHeight":16,"wallY":1,"terrain":"","heightShape":"NONE","blockNavMap":false,"mapId":169,"spawnCondition":"","hideCondition":""}},{"type":"ObjectLayerView","x":120,"y":408,"level":0,"settings":{"name":"","size":{"x":56,"y":8},"layer":"object1","collType":"NPBLOCK","zHeight":6,"wallY":1,"terrain":"","heightShape":"NONE","blockNavMap":false,"mapId":170,"spawnCondition":"","hideCondition":""}},{"type":"ObjectLayerView","x":120,"y":400,"level":0,"settings":{"name":"","size":{"x":56,"y":8},"layer":"object1","collType":"BLOCK","zHeight":16,"wallY":1,"terrain":"","heightShape":"NONE","blockNavMap":false,"mapId":171,"spawnCondition":"","hideCondition":""}},{"type":"ObjectLayerView","x":120,"y":512,"level":0,"settings":{"name":"","size":{"x":56,"y":8},"layer":"object1","collType":"NPBLOCK","zHeight":6,"wallY":1,"terrain":"","heightShape":"NONE","blockNavMap":false,"mapId":172,"spawnCondition":"","hideCondition":""}},{"type":"ObjectLayerView","x":120,"y":416,"level":0,"settings":{"name":"","size":{"x":8,"y":96},"layer":"object1","collType":"NPBLOCK","zHeight":6,"wallY":1,"terrain":"","heightShape":"NONE","blockNavMap":false,"mapId":173,"spawnCondition":"","hideCondition":""}},{"type":"Prop","x":148,"y":448,"level":0,"settings":{"name":"","propType":{"sheet":"forest-interior","name":"groundProjector"},"propAnim":"","spawnCondition":null,"mapId":174,"condAnims":[]}},{"type":"ObjectLayerView","x":112,"y":364,"level":0,"settings":{"name":"","size":{"x":64,"y":12},"layer":"object1","collType":"BLOCK","zHeight":40,"wallY":1,"terrain":"","heightShape":"NONE","blockNavMap":false,"mapId":176,"spawnCondition":"","hideCondition":""}},{"type":"Prop","x":124,"y":536,"level":0,"settings":{"name":"","propType":{"sheet":"forest-interior","name":"plant2"},"propAnim":"","spawnCondition":null,"mapId":177,"condAnims":[]}},{"type":"Prop","x":816,"y":544,"level":0,"settings":{"name":"","propType":{"sheet":"forest-interior","name":"inner-lamp1"},"propAnim":"","spawnCondition":null,"mapId":178,"condAnims":[]}},{"type":"Prop","x":816,"y":376,"level":0,"settings":{"name":"","propType":{"sheet":"forest-interior","name":"plant2"},"propAnim":"","spawnCondition":null,"mapId":179,"condAnims":[]}},{"type":"ObjectLayerView","x":752,"y":364,"level":0,"settings":{"name":"","size":{"x":48,"y":12},"layer":"object1","collType":"BLOCK","zHeight":12,"wallY":1,"terrain":"","heightShape":"NONE","blockNavMap":false,"mapId":180,"spawnCondition":"","hideCondition":""}},{"type":"NPC","x":472,"y":640,"level":0,"settings":{"name":"shizuka","characterName":"main.shizuka","mapId":181,"npcStates":[{"reactType":"FIXED_POS","face":"SOUTH","action":[],"hidden":false,"condition":"plot.line >= 20300","config":"normal","event":[]},{"position":{"x":456,"y":88,"lvl":"0"},"reactType":"FIXED_POS","face":"SOUTH","action":[],"hidden":false,"condition":"plot.line >= 20400","config":"normal","event":[{"side":"LEFT","order":0,"clearSide":false,"type":"ADD_MSG_PERSON","person":{"person":"main.shizuka","expression":"DENYING"}},{"side":"RIGHT","order":0,"clearSide":false,"type":"ADD_MSG_PERSON","person":{"person":"main.lea","expression":"NERVOUS"}},{"message":{"en_US":"He's waiting inside.","langUid":3,"ja_JP":"\u5144\u3055\u3093\u306f\u4e2d\u3067\u5f85\u3063\u3066\u308b\u308f\u3002<<A<<[CHANGED 2018\/05\/01]","ko_KR":"\uc548\uc5d0\uc11c \uae30\ub2e4\ub9ac\uace0 \uc788\uc5b4.<<A<<[CHANGED 2018\/05\/01]","zh_CN":"İçeride bekliyor.","de_DE":"Er wartet drinnen auf dich.","zh_TW":"\u4ed6\u5728\u88e1\u9762\u7b49\u8457\u3002<<A<<[CHANGED 2018\/05\/01]"},"autoContinue":false,"type":"SHOW_MSG","person":{"person":"main.shizuka","expression":"DENYING"}}]},{"position":{"x":496,"y":392,"lvl":"0"},"reactType":"FIXED_POS","face":"NORTH","action":[],"hidden":false,"condition":"plot.line >= 20590","config":"normal","event":[]},{"position":{"x":304,"y":376,"lvl":"0"},"reactType":"FIXED_POS","face":"NORTH","hidden":true,"door":{"global":true,"name":"top-2"},"condition":"plot.line >= 20600","config":"normal","event":[]},{"reactType":"FIXED_POS","face":"NORTH","hidden":false,"condition":"plot.line >= 20670","config":"normal","event":[]},{"position":{"x":480,"y":840,"lvl":"0"},"reactType":"FIXED_POS","face":"NORTH","hidden":true,"door":{"global":true,"name":"bottom"},"condition":"plot.line >= 20680","config":"running","event":[]}]}},{"type":"EventTrigger","x":616,"y":652,"level":0,"settings":{"name":"ShizukaLeadingTheWay","eventType":"CUTSCENE","endCondition":"plot.line >= 20400","event":[{"entity":{"player":true},"action":[{"value":0.5,"type":"SET_RELATIVE_SPEED"},{"target":{"x":480,"y":760,"lvl":"0"},"precise":true,"forceTime":false,"type":"MOVE_TO_POINT"}],"repeating":false,"wait":false,"keepState":false,"immediately":false,"type":"DO_ACTION"},{"pos":{"x":480,"y":672},"speed":"NORMAL","transition":"EASE_OUT","wait":true,"waitSkip":0.3,"zoom":1,"type":"SET_CAMERA_POS"},{"side":"RIGHT","order":0,"clearSide":false,"type":"ADD_MSG_PERSON","person":{"person":"main.shizuka","expression":"ANNOYED"}},{"message":{"en_US":"This way...","langUid":2,"ja_JP":"\u3053\u3063\u3061\u3088...<<A<<[CHANGED 2018\/05\/01]","ko_KR":"\uc774\ucabd\uc774\uc57c...<<A<<[CHANGED 2018\/05\/01]","zh_CN":"Bu taraftan...","de_DE":"Hier lang...","zh_TW":"\u8d70\u9019\u908a...<<A<<[CHANGED 2018\/05\/01]"},"autoContinue":false,"type":"SHOW_MSG","person":{"person":"main.shizuka","expression":"ANNOYED"}},{"side":"ALL","type":"CLEAR_MSG"},{"changeType":"set","type":"CHANGE_VAR_NUMBER","varName":"plot.line","value":20400},{"entity":{"global":true,"name":"shizuka"},"action":[{"value":0.5,"type":"SET_RELATIVE_SPEED"},{"target":{"x":480,"y":104,"lvl":"0"},"precise":false,"forceTime":false,"type":"MOVE_TO_POINT"},{"type":"RESET_NPC"}],"repeating":false,"wait":false,"keepState":false,"immediately":false,"type":"DO_ACTION"},{"speed":"NORMAL","transition":"EASE_IN_OUT","wait":true,"waitSkip":0.4,"type":"RESET_CAMERA"}],"triggerType":"ALWAYS","mapId":182,"startCondition":"plot.line >= 20300"}},{"type":"NPC","x":456,"y":384,"level":0,"settings":{"name":"genius","characterName":"main.genius","mapId":183,"npcStates":[{"reactType":"FIXED_POS","face":"NORTH","hidden":false,"condition":"plot.line >= 20590","config":"normal","event":[]},{"position":{"x":304,"y":376,"lvl":"0"},"reactType":"FIXED_POS","face":"NORTH","hidden":true,"door":{"global":true,"name":"top-2"},"condition":"plot.line >= 20600","config":"normal","event":[]},{"reactType":"FIXED_POS","face":"NORTH","hidden":false,"condition":"plot.line >= 20670","config":"normal","event":[]},{"position":{"x":480,"y":88,"lvl":"0"},"reactType":"FIXED_POS","face":"NORTH","hidden":true,"door":{"global":true,"name":"top"},"condition":"plot.line >= 20680","config":"normal","event":[]}]}},{"type":"EventTrigger","x":368,"y":192,"level":0,"settings":{"name":"Moving on","eventType":"CUTSCENE","endCondition":"plot.line >= 20600","event":[{"alpha":1,"time":0,"lighter":false,"color":"black","type":"SET_OVERLAY"},{"pos":{"x":480,"y":80},"speed":"IMMEDIATELY","transition":"EASE","wait":true,"waitSkip":0,"zoom":1,"type":"SET_CAMERA_POS"},{"entity":{"player":true},"position":{"x":480,"y":152,"lvl":"0"},"type":"SET_ENTITY_POS"},{"alpha":0,"time":1,"lighter":false,"color":"black","type":"SET_OVERLAY"},{"entity":{"global":true,"name":"genius"},"action":[{"newPos":{"x":464,"y":240,"lvl":"0"},"type":"SET_POS"},{"target":{"x":464,"y":392,"lvl":"0"},"precise":false,"forceTime":false,"type":"MOVE_TO_POINT"},{"type":"RESET_NPC"}],"repeating":false,"wait":false,"keepState":false,"immediately":false,"type":"DO_ACTION"},{"entity":{"global":true,"name":"shizuka"},"action":[{"newPos":{"x":496,"y":216,"lvl":"0"},"type":"SET_POS"},{"target":{"x":496,"y":392,"lvl":"0"},"precise":false,"forceTime":false,"type":"MOVE_TO_POINT"},{"type":"RESET_NPC"}],"repeating":false,"wait":false,"keepState":false,"immediately":false,"type":"DO_ACTION"},{"entity":{"player":true},"action":[{"value":0.5,"type":"SET_RELATIVE_SPEED"},{"target":{"x":480,"y":360,"lvl":"0"},"precise":false,"forceTime":false,"type":"MOVE_TO_POINT"}],"repeating":false,"wait":false,"keepState":false,"immediately":false,"type":"DO_ACTION"},{"pos":{"x":480,"y":384},"speed":"SLOW","transition":"EASE_OUT","wait":false,"waitSkip":0.5,"zoom":1,"type":"SET_CAMERA_POS"},{"ignoreSlowDown":false,"type":"WAIT","time":0.5},{"changeType":"set","type":"CHANGE_VAR_NUMBER","varName":"plot.line","value":20600},{"message":{"en_US":"A system to extract information from players...\\. this is unbelievable!","langUid":5,"ja_JP":"\u30d7\u30ec\u30a4\u30e4\u30fc\u304b\u3089\u60c5\u5831\u3092\n\u53d6\u308a\u51fa\u3059\u30b7\u30b9\u30c6\u30e0\u3060\u306a\u3093\u3066...\\.\n\u4fe1\u3058\u3089\u308c\u306a\u3044\u3088\uff01<<A<<[CHANGED 2018\/05\/01]","ko_KR":"\ud50c\ub808\uc774\uc5b4\ub85c\ubd80\ud130 \uc815\ubcf4\ub97c \ucd94\ucd9c\ud558\ub294 \uc2dc\uc2a4\ud15c\uc774\ub77c\ub2c8...\\. \ubbff\uc744 \uc218\uac00 \uc5c6\uc5b4!<<A<<[CHANGED 2018\/05\/01]","zh_CN":"Oyunculardan bilgi almak için bir sistem...\\. bu inanılmaz!","de_DE":"Ein System zum Extrahieren von Informationen aus Spielern...\\. Das ist ungeheuerlich!","zh_TW":"\u5f9e\u73a9\u5bb6\u8eab\u4e0a\u63d0\u53d6\u4fe1\u606f\u7684\u7cfb\u7d71...\\.\u96e3\u4ee5\u7f6e\u4fe1\uff01<<A<<[CHANGED 2018\/05\/01]"},"type":"SHOW_SIDE_MSG","person":{"person":"main.sergey","expression":"WORRIED"}},{"entity":{"player":true},"type":"WAIT_UNTIL_ACTION_DONE"},{"speed":"NORMAL","transition":"EASE_IN_OUT","wait":false,"waitSkip":0,"type":"RESET_CAMERA"}],"triggerType":"ALWAYS","mapId":186,"startCondition":"plot.line >= 20590"}},{"type":"EventTrigger","x":368,"y":240,"level":0,"settings":{"name":"Moving on2","eventType":"CUTSCENE","endCondition":"plot.line >= 20680","event":[{"alpha":1,"time":0,"lighter":false,"color":"black","type":"SET_OVERLAY"},{"pos":{"x":304,"y":368},"speed":"IMMEDIATELY","transition":"EASE","wait":true,"waitSkip":0,"zoom":1,"type":"SET_CAMERA_POS"},{"alpha":0,"time":1,"lighter":false,"color":"black","type":"SET_OVERLAY"},{"entity":{"global":true,"name":"genius"},"action":[{"newPos":{"x":376,"y":392,"lvl":"0"},"type":"SET_POS"},{"target":{"x":468,"y":392,"lvl":"0"},"precise":false,"forceTime":false,"type":"MOVE_TO_POINT"},{"target":{"x":480,"y":360,"lvl":"0"},"precise":true,"forceTime":false,"type":"MOVE_TO_POINT"},{"face":"SOUTH","rotate":true,"rotateSpeed":3,"type":"SET_FACE"}],"repeating":false,"wait":false,"keepState":false,"immediately":false,"type":"DO_ACTION"},{"entity":{"global":true,"name":"shizuka"},"action":[{"newPos":{"x":328,"y":400,"lvl":"0"},"type":"SET_POS"},{"target":{"x":496,"y":392,"lvl":"0"},"precise":false,"forceTime":false,"type":"MOVE_TO_POINT"},{"face":"NORTH","rotate":true,"rotateSpeed":3,"type":"SET_FACE"}],"repeating":false,"wait":false,"keepState":false,"immediately":false,"type":"DO_ACTION"},{"entity":{"player":true},"action":[{"newPos":{"x":304,"y":376,"lvl":"0"},"type":"SET_POS"},{"type":"WAIT","time":0.1},{"value":0.5,"type":"SET_RELATIVE_SPEED"},{"target":{"x":368,"y":396,"lvl":"0"},"precise":false,"forceTime":false,"type":"MOVE_TO_POINT"},{"target":{"x":464,"y":392,"lvl":"0"},"precise":true,"forceTime":false,"type":"MOVE_TO_POINT"},{"face":"NORTH","rotate":true,"rotateSpeed":3,"type":"SET_FACE"}],"repeating":false,"wait":false,"keepState":false,"immediately":false,"type":"DO_ACTION"},{"pos":{"x":480,"y":368},"speed":"SLOW","transition":"EASE_OUT","wait":false,"waitSkip":0.5,"zoom":1,"type":"SET_CAMERA_POS"},{"entity":{"global":true,"name":"genius"},"type":"WAIT_UNTIL_ACTION_DONE"},{"ignoreSlowDown":false,"type":"WAIT","time":0.5},{"mode":"VERY_SLOW","type":"PAUSE_BGM"},{"side":"LEFT","order":0,"clearSide":false,"type":"ADD_MSG_PERSON","person":{"person":"main.genius","expression":"DEFAULT"}},{"message":{"en_US":"From here on out Sergey and I will dive into the technical details.","langUid":7,"ja_JP":"\u3053\u308c\u304b\u3089\u3001\u50d5\u3068\u30bb\u30eb\u30b2\u30a4\u306f\n\u6280\u8853\u7684\u306a\u554f\u984c\u3092\u7a81\u304d\u3064\u3081\u308b\u306e\u306b\u96c6\u4e2d\u3059\u308b\u3002<<A<<[CHANGED 2018\/05\/01]","ko_KR":"\uc9c0\uae08\ubd80\ud130 \uc138\ub974\uac8c\uc774\uc640 \ub098\ub294 \uae30\uc220\uc801\uc778 \uc138\ubd80 \uc0ac\ud56d\ub4e4\uc744 \uc790\uc138\ud788 \uc0b4\ud3b4\ubcfc \uac70\uc57c.<<A<<[CHANGED 2018\/05\/01]","zh_CN":"Buradan sonra Sergey ve ben teknik detaylara gireceğiz.","de_DE":"Sergey und ich werden nun die technischen Details besprechen.","zh_TW":"\u5728\u9019\u4e4b\u5f8c\u6211\u548c\u8b1d\u723e\u84cb\u5c31\u8981\u8a0e\u8ad6\u6280\u8853\u7d30\u7bc0\u4e86\u3002<<A<<[CHANGED 2018\/05\/01]"},"autoContinue":false,"type":"SHOW_MSG","person":{"person":"main.genius","expression":"DEFAULT"}},{"message":{"en_US":"You two probably don't want to stick around for that.","langUid":8,"ja_JP":"\u305f\u3076\u3093\u30012\u4eba\u306f\u8a71\u306b\n\u52a0\u308f\u308a\u305f\u304f\u306a\u3044\u3060\u308d\u3046\u3002<<A<<[CHANGED 2018\/05\/01]","ko_KR":"\ub108\ud76c \ub458\uc740 \uadf8\ub7ec\uace0 \uc2f6\uc9c0 \uc54a\uaca0\uc9c0?<<A<<[CHANGED 2018\/05\/01]","zh_CN":"Siz ikiniz muhtemelen bunun için kalmak istemezsiniz.","de_DE":"Das wollt ihr euch wahrscheinlich nicht unbedingt anh\u00f6ren.","zh_TW":"\u4f60\u5011\u5169\u500b\u5728\u9019\u5446\u5728\u9019\u88e1\u4e5f\u6c92\u7528\u3002<<A<<[CHANGED 2018\/05\/01]"},"autoContinue":false,"type":"SHOW_MSG","person":{"person":"main.genius","expression":"DOWN"}},{"message":{"en_US":"Maybe spend some time together as well? Talk it out?","langUid":9,"ja_JP":"\u4e00\u7dd2\u306b\u3069\u3053\u304b\u3067\u6642\u9593\u3092\u3064\u3076\u3057\u3066\u304d\u305f\u307b\u3046\u304c\n\u3044\u3044\u3093\u3058\u3083\u306a\u3044\u304b\uff1f\n\u304a\u3057\u3083\u3079\u308a\u3059\u308b\u3068\u304b\u3057\u3066\u3002<<A<<[CHANGED 2018\/05\/01]","ko_KR":"\ub458\uc774 \ud568\uaed8 \uc2dc\uac04\uc744 \ubcf4\ub0b4\ubcf4\ub294 \uac74 \uc5b4\ub54c? \ubc16\uc5d0\uc11c \uc598\uae30\ub3c4 \uc880 \ud558\uace0.<<A<<[CHANGED 2018\/05\/01]","zh_CN":"Belki biraz birlikte vakit geçirirsiniz? Konuşup halledersiniz?","de_DE":"Wie w\u00e4re es, wenn ihr auch etwas Zeit miteinander verbringt? Euch aussprecht?","zh_TW":"\u8981\u4e0d\u7136\u4f60\u5011\u53bb\u804a\u804a\uff1f<<A<<[CHANGED 2018\/05\/01]"},"autoContinue":false,"type":"SHOW_MSG","person":{"person":"main.genius","expression":"AWAY"}},{"side":"RIGHT","order":5,"clearSide":false,"type":"ADD_MSG_PERSON","person":{"person":"main.shizuka","expression":"SARCASTIC"}},{"message":{"en_US":"She can't talk.","langUid":10,"ja_JP":"\u3053\u3044\u3064\u306f\u8a71\u305b\u306a\u3044\u308f\u3088\u3002<<A<<[CHANGED 2018\/05\/01]","ko_KR":"\uc598\ub294 \ub9d0\ud560 \uc904 \ubaa8\ub974\uc796\uc544.<<A<<[CHANGED 2018\/05\/01]","zh_CN":"O konuşamıyor.","de_DE":"Sie kann nicht sprechen.","zh_TW":"\u5979\u4e0d\u6703\u8aaa\u8a71\u3002<<A<<[CHANGED 2018\/05\/01]"},"autoContinue":false,"type":"SHOW_MSG","person":{"person":"main.shizuka","expression":"SARCASTIC"}},{"side":"RIGHT","order":0,"clearSide":false,"type":"ADD_MSG_PERSON","person":{"person":"main.lea","expression":"NERVOUS"}},{"message":{"en_US":"...","langUid":11,"ja_JP":"...<<A<<[CHANGED 2018\/05\/01]","ko_KR":"...<<A<<[CHANGED 2018\/05\/01]","zh_CN":"...<<A<<[CHANGED 2018\/05\/01]","de_DE":"...","zh_TW":"...<<A<<[CHANGED 2018\/05\/01]"},"autoContinue":false,"type":"SHOW_MSG","person":{"person":"main.lea","expression":"NERVOUS"}},{"message":{"en_US":"Come on, you know what I mean.","langUid":12,"ja_JP":"\u306a\u3042\u3001\u50d5\u304c\u8a00\u3044\u305f\u3044\u3053\u3068\u306f\n\u308f\u304b\u308b\u3060\u308d\u3046\u3002<<A<<[CHANGED 2018\/05\/01]","ko_KR":"\uc5d0\uc774, \ub0b4\uac00 \ubb34\uc2a8 \ub9d0 \ud558\ub294\uc9c0 \uc54c\uc796\uc544.<<A<<[CHANGED 2018\/05\/01]","zh_CN":"Hadi ama, ne demek istediğimi biliyorsun.","de_DE":"Komm schon, du wei\u00dft, wie ich das meine.","zh_TW":"\u597d\u4e86\uff0c\u4f60\u77e5\u9053\u6211\u662f\u4ec0\u9ebc\u610f\u601d\u3002<<A<<[CHANGED 2018\/05\/01]"},"autoContinue":false,"type":"SHOW_MSG","person":{"person":"main.genius","expression":"EXHAUSTED"}},{"message":{"en_US":"Do I really have to?","langUid":13,"ja_JP":"\u3069\u3046\u3057\u3066\u3082\u305d\u3046\u3057\u306a\u304d\u3083\u30c0\u30e1\uff1f<<A<<[CHANGED 2018\/05\/01]","ko_KR":"\uc815\ub9d0 \uadf8\ub807\uac8c \ud574\uc57c \ud574?<<A<<[CHANGED 2018\/05\/01]","zh_CN":"Gerçekten zorunda mıyım?","de_DE":"Muss das sein?","zh_TW":"\u6211\u975e\u804a\u4e0d\u53ef\u55ce\uff1f<<A<<[CHANGED 2018\/05\/01]"},"autoContinue":false,"type":"SHOW_MSG","person":{"person":"main.shizuka","expression":"DENYING"}},{"message":{"en_US":"Please, dear sister.","langUid":14,"ja_JP":"\u304a\u9858\u3044\u3060\u3001\u983c\u3080\u3088\u30b7\u30ba\u30ab\u3002<<A<<[CHANGED 2018\/05\/01]","ko_KR":"\uc880 \uadf8\ub798 \uc8fc\ub834, \ub3d9\uc0dd\uc544.<<A<<[CHANGED 2018\/05\/01]","zh_CN":"Lütfen, sevgili kardeşim.","de_DE":"Bitte, Schwesterchen.","zh_TW":"\u5c31\u7576\u7d66\u6211\u500b\u9762\u5b50\u5427\u3002<<A<<[CHANGED 2018\/05\/01]"},"autoContinue":false,"type":"SHOW_MSG","person":{"person":"main.genius","expression":"SMILE"}},{"message":{"en_US":"Fine.","langUid":15,"ja_JP":"\u3044\u3044\u308f\u3002<<A<<[CHANGED 2018\/05\/01]","ko_KR":"\uc54c\uaca0\uc5b4.<<A<<[CHANGED 2018\/05\/01]","zh_CN":"Peki.","de_DE":"Na sch\u00f6n.","zh_TW":"\u5509\u3002<<A<<[CHANGED 2018\/05\/01]"},"autoContinue":false,"type":"SHOW_MSG","person":{"person":"main.shizuka","expression":"CONFLICTED"}},{"side":"ALL","type":"CLEAR_MSG"},{"changeType":"set","type":"CHANGE_VAR_NUMBER","varName":"plot.line","value":20680},{"type":"RESET_NPC","npc":{"global":true,"name":"genius"}},{"pos":{"x":480,"y":456},"speed":"SLOW","transition":"EASE_OUT","wait":false,"waitSkip":0.2,"zoom":1,"type":"SET_CAMERA_POS"},{"entity":{"player":true},"action":[{"type":"WAIT","time":0.2},{"face":"SOUTH","rotate":true,"rotateSpeed":3,"type":"SET_FACE"},{"value":0.4,"type":"SET_RELATIVE_SPEED"},{"target":{"x":464,"y":464,"lvl":"0"},"precise":true,"forceTime":false,"type":"MOVE_TO_POINT"},{"face":"EAST","rotate":true,"rotateSpeed":3,"type":"SET_FACE"}],"repeating":false,"wait":false,"keepState":false,"immediately":false,"type":"DO_ACTION"},{"entity":{"global":true,"name":"shizuka"},"action":[{"face":"SOUTH","rotate":true,"rotateSpeed":3,"type":"SET_FACE"},{"value":0.4,"type":"SET_RELATIVE_SPEED"},{"target":{"x":496,"y":464,"lvl":"0"},"precise":true,"forceTime":false,"type":"MOVE_TO_POINT"},{"face":"WEST","rotate":true,"rotateSpeed":3,"type":"SET_FACE"}],"repeating":false,"wait":true,"keepState":false,"immediately":false,"type":"DO_ACTION"},{"side":"RIGHT","order":0,"clearSide":false,"type":"ADD_MSG_PERSON","person":{"person":"main.shizuka","expression":"DEFAULT"}},{"side":"LEFT","order":0,"clearSide":false,"type":"ADD_MSG_PERSON","person":{"person":"main.lea","expression":"NERVOUS"}},{"message":{"en_US":"Alright...","langUid":16,"ja_JP":"\u3055\u3066...<<A<<[CHANGED 2018\/05\/01]","ko_KR":"\uc88b\uc544...<<A<<[CHANGED 2018\/05\/01]","zh_CN":"Pekala...","de_DE":"Also...","zh_TW":"\u597d\u5427...<<A<<[CHANGED 2018\/05\/01]"},"autoContinue":false,"type":"SHOW_MSG","person":{"person":"main.shizuka","expression":"DENYING"}},{"message":{"en_US":"What should we do?","langUid":17,"ja_JP":"\u3053\u308c\u304b\u3089\u3069\u3046\u3059\u308b\uff1f<<A<<[CHANGED 2018\/05\/01]","ko_KR":"\uc6b0\ub9ac \ubb50 \ud560\uae4c?<<A<<[CHANGED 2018\/05\/01]","zh_CN":"Ne yapalım?","de_DE":"Was sollen wir machen?","zh_TW":"\u90a3\u6211\u5011\u8981\u53bb\u5e79\u561b\uff1f<<A<<[CHANGED 2018\/05\/01]"},"autoContinue":false,"type":"SHOW_MSG","person":{"person":"main.shizuka","expression":"CONFLICTED"}},{"message":{"en_US":"...","langUid":18,"ja_JP":"...<<A<<[CHANGED 2018\/05\/01]","ko_KR":"...<<A<<[CHANGED 2018\/05\/01]","zh_CN":"...<<A<<[CHANGED 2018\/05\/01]","de_DE":"...","zh_TW":"...<<A<<[CHANGED 2018\/05\/01]"},"autoContinue":false,"type":"SHOW_MSG","person":{"person":"main.lea","expression":"NERVOUS"}},{"message":{"en_US":"Honestly, there is nothing interesting to see in this building and anyway... I hate it in here.","langUid":19,"ja_JP":"\u6b63\u76f4\u3001\u3053\u306e\u5efa\u7269\u306e\u4e2d\u306b\u9762\u767d\u3044\u3082\u306e\u306f\n\u306a\u3044\u306e\u3088\u306d...\u79c1\u3001\u3053\u3053\u5acc\u3044\u3060\u3057\u3002<<A<<[CHANGED 2021\/05\/22]","ko_KR":"\uc194\uc9c1\ud788 \uc774 \uac74\ubb3c\uc5d0\ub294 \ud765\ubbf8\ub85c\uc6b4 \uac83\uc774 \ud558\ub098\ub3c4 \uc5c6\uc5b4... \ub09c \uc5ec\uae30\uac00 \uc2eb\uc5b4.<<A<<[CHANGED 2018\/05\/01]","zh_CN":"Açıkçası, bu binada görülecek ilginç hiçbir şey yok ve zaten... buradan nefret ediyorum.","de_DE":"Ehrlich gesagt gibt es in diesem Geb\u00e4ude nichts Interessantes zu sehen und au\u00dferdem... hasse ich es.<<A<<[CHANGED 2021\/05\/22]","zh_TW":"\u8aaa\u771f\u7684\u9019\u88e1\u6c92\u4ec0\u9ebc\u53ef\u4ee5\u770b\u7684\u3002\u6211\u4e0d\u559c\u6b61\u5446\u5728\u9019\u88e1\u3002<<A<<[CHANGED 2021\/05\/22]"},"autoContinue":false,"type":"SHOW_MSG","person":{"person":"main.shizuka","expression":"DENYING"}},{"message":{"en_US":"Let's just head outside.","langUid":20,"ja_JP":"\u5916\u306b\u51fa\u307e\u3057\u3087\u3046\u3002<<A<<[CHANGED 2018\/05\/01]","ko_KR":"\uadf8\ub0e5 \ubc16\uc73c\ub85c \ub098\uac00\uc790.<<A<<[CHANGED 2018\/05\/01]","zh_CN":"Hadi dışarı çıkalım.","de_DE":"Lass uns einfach rausgehen.","zh_TW":"\u6211\u5011\u53bb\u5916\u9762\u5427\u3002<<A<<[CHANGED 2018\/05\/01]"},"autoContinue":false,"type":"SHOW_MSG","person":{"person":"main.shizuka","expression":"DEFAULT"}},{"message":{"en_US":"[nods]","langUid":21,"ja_JP":"[\u3046\u306a\u305a\u304f]<<A<<[CHANGED 2018\/05\/01]","ko_KR":"[\ub044\ub355]<<A<<[CHANGED 2018\/05\/01]","zh_CN":"[başını sallar]","de_DE":"[nickt]","zh_TW":"[\u9ede\u982d]<<A<<[CHANGED 2018\/05\/01]"},"autoContinue":false,"type":"SHOW_MSG","person":{"person":"main.lea","expression":"NOD"}},{"side":"ALL","type":"CLEAR_MSG"},{"mode":"IMMEDIATELY","delayed":false,"type":"RESUME_DEFAULT_BGM"},{"type":"RESET_NPC","npc":{"global":true,"name":"shizuka"}},{"speed":"NORMAL","transition":"EASE_IN_OUT","wait":false,"waitSkip":0,"type":"RESET_CAMERA"}],"triggerType":"ALWAYS","mapId":187,"startCondition":"plot.line >= 20670"}}],"layer":[{"id":0,"type":"Background","name":"Ground","level":"0","width":60,"height":60,"visible":1,"tilesetName":"media\/map\/old-hideout-inner.png","repeat":false,"distance":"1","tilesize":16,"moveSpeed":{"x":0,"y":0},"data":[[0,0,0,0,0,0,0,0,0,0,0,0,0,0,0,0,0,0,0,0,0,0,0,0,9,10,10,10,10,10,10,10,10,10,10,11,0,0,0,0,0,0,0,0,0,0,0,0,0,0,0,0,0,0,0,0,0,0,0,0],[0,0,0,0,0,0,0,0,0,0,0,0,0,0,0,0,0,0,0,0,0,0,0,0,41,17,15,27,28,28,28,28,29,17,15,43,0,0,0,0,0,0,0,0,0,0,0,0,0,0,0,0,0,0,0,0,0,0,0,0],[0,0,0,0,0,0,0,0,0,0,0,0,0,0,0,0,0,0,0,0,0,0,0,0,41,19,21,60,61,80,80,61,62,19,21,43,0,0,0,0,0,0,0,0,0,0,0,0,0,0,0,0,0,0,0,0,0,0,0,0],[0,0,0,0,0,0,0,0,0,0,0,0,0,0,0,0,0,0,0,0,0,0,0,0,41,81,79,92,93,80,80,93,94,81,79,43,0,0,0,0,0,0,0,0,0,0,0,0,0,0,0,0,0,0,0,0,0,0,0,0],[0,0,0,0,0,0,0,0,0,0,0,0,0,0,0,0,0,0,0,0,0,0,0,0,41,113,111,124,125,112,112,125,126,113,111,43,0,0,0,0,0,0,0,0,0,0,0,0,0,0,0,0,0,0,0,0,0,0,0,0],[0,0,0,0,0,0,0,0,0,0,0,0,0,0,0,0,0,0,0,0,0,0,0,0,73,131,132,1,2,1,2,3,4,131,132,75,0,0,0,0,0,0,0,0,0,0,0,0,0,0,0,0,0,0,0,0,0,0,0,0],[0,0,0,0,0,0,0,0,0,0,0,0,0,0,0,0,0,0,0,0,0,0,0,0,0,163,164,1,2,1,2,3,4,163,164,0,0,0,0,0,0,0,0,0,0,0,0,0,0,0,0,0,0,0,0,0,0,0,0,0],[0,0,0,0,0,0,0,0,0,0,0,0,0,0,0,0,0,0,0,0,0,0,0,0,0,195,196,1,2,1,2,3,4,195,196,0,0,0,0,0,0,0,0,0,0,0,0,0,0,0,0,0,0,0,0,0,0,0,0,0],[0,0,0,0,0,0,0,0,0,0,0,0,0,0,0,0,0,0,0,0,0,0,0,0,0,227,228,1,2,1,2,3,4,227,228,0,0,0,0,0,0,0,0,0,0,0,0,0,0,0,0,0,0,0,0,0,0,0,0,0],[0,0,0,0,0,0,0,0,0,0,0,0,0,0,0,0,0,0,0,0,0,0,0,0,0,131,132,1,2,1,2,3,4,131,132,0,0,0,0,0,0,0,0,0,0,0,0,0,0,0,0,0,0,0,0,0,0,0,0,0],[0,0,0,0,0,0,0,0,0,0,0,0,0,0,0,0,0,0,0,0,0,0,0,0,0,163,164,1,2,1,2,3,4,163,164,0,0,0,0,0,0,0,0,0,0,0,0,0,0,0,0,0,0,0,0,0,0,0,0,0],[0,0,0,0,0,0,0,0,0,0,0,0,0,0,0,0,0,0,0,0,0,0,0,0,0,195,196,1,2,1,2,3,4,195,196,0,0,0,0,0,0,0,0,0,0,0,0,0,0,0,0,0,0,0,0,0,0,0,0,0],[0,0,0,0,0,0,0,0,0,0,0,0,0,0,0,0,0,0,0,0,0,0,0,0,0,227,228,1,2,1,2,3,4,227,228,0,0,0,0,0,0,0,0,0,0,0,0,0,0,0,0,0,0,0,0,0,0,0,0,0],[0,0,0,0,0,0,0,0,0,0,0,0,0,0,0,0,0,0,0,0,0,0,0,0,0,131,132,1,2,1,2,3,4,131,132,0,0,0,0,0,0,0,0,0,0,0,0,0,0,0,0,0,0,0,0,0,0,0,0,0],[0,0,0,0,0,0,0,0,0,0,0,0,0,0,0,0,0,0,0,0,0,0,0,0,0,163,164,1,2,1,2,3,4,163,164,0,0,0,0,0,0,0,0,0,0,0,0,0,0,0,0,0,0,0,0,0,0,0,0,0],[0,0,0,0,0,0,0,0,0,0,0,0,0,0,0,0,0,0,0,0,0,0,0,0,0,195,196,1,2,1,2,3,4,195,196,0,0,0,0,0,0,0,0,0,0,0,0,0,0,0,0,0,0,0,0,0,0,0,0,0],[0,0,0,0,0,0,0,0,0,0,0,0,0,0,0,0,0,0,0,0,0,0,0,0,0,227,228,1,2,1,2,3,4,227,228,0,0,0,0,0,0,0,0,0,0,0,0,0,0,0,0,0,0,0,0,0,0,0,0,0],[0,0,0,0,0,0,0,0,0,0,0,0,0,0,0,0,0,0,0,0,0,0,0,0,0,131,132,1,2,1,2,3,4,131,132,0,0,0,0,0,0,0,0,0,0,0,0,0,0,0,0,0,0,0,0,0,0,0,0,0],[0,0,0,0,0,0,0,10,10,10,10,10,10,10,10,10,10,10,10,10,10,10,10,10,10,163,164,1,2,1,2,3,4,163,164,10,10,10,10,10,10,10,10,10,10,10,10,10,10,10,10,10,10,11,0,0,0,0,0,0],[0,0,0,0,0,0,0,17,14,14,14,14,15,24,24,24,24,24,24,24,24,24,24,25,45,195,196,1,2,1,2,3,4,195,196,45,23,24,24,24,24,24,24,24,24,24,24,17,14,14,14,14,15,43,0,0,0,0,0,0],[0,0,0,0,0,0,0,19,20,20,20,20,21,55,58,56,58,57,80,80,55,56,56,57,22,227,228,1,2,1,2,3,4,227,228,22,55,56,56,57,80,80,55,58,56,58,57,19,20,20,20,20,21,43,0,0,0,0,0,0],[0,0,0,0,0,0,0,81,78,78,78,78,79,87,90,88,90,89,80,80,87,88,88,89,109,131,132,1,2,1,2,3,4,131,132,109,87,88,88,89,80,80,87,90,88,90,89,81,78,78,78,78,79,43,0,0,0,0,0,0],[0,0,0,0,0,0,0,113,110,110,110,110,111,119,122,120,122,121,112,112,119,120,120,121,141,163,164,1,2,1,2,3,4,163,164,141,119,120,120,121,112,112,119,122,120,122,121,113,110,110,110,110,111,43,0,0,0,0,0,0],[0,0,0,0,0,0,0,67,68,69,70,131,132,67,68,69,70,33,33,33,33,67,68,69,70,195,196,1,2,1,2,3,4,195,196,67,68,69,70,33,33,33,33,67,68,69,70,131,132,67,68,69,70,75,0,0,0,0,0,0],[0,0,0,0,0,0,0,99,100,101,102,163,164,99,100,101,102,65,65,65,65,99,100,101,102,227,228,1,2,1,2,3,4,227,228,99,100,101,102,65,65,65,65,99,100,101,102,163,164,99,100,101,102,0,0,0,0,0,0,0],[0,0,0,0,0,0,0,67,68,69,70,195,196,131,132,3,4,3,4,33,33,1,2,3,4,33,33,1,2,1,2,3,4,33,33,1,2,3,4,33,33,3,4,1,2,131,132,195,196,67,68,69,70,0,0,0,0,0,0,0],[0,0,0,0,0,0,0,99,100,101,102,227,228,163,164,3,4,3,4,65,65,1,2,3,4,65,65,1,2,1,2,3,4,65,65,1,2,3,4,65,65,3,4,1,2,163,164,227,228,99,100,101,102,0,0,0,0,0,0,0],[0,0,0,0,0,0,0,131,132,67,68,69,70,195,196,3,4,3,4,97,97,1,2,3,4,97,97,1,2,1,2,3,4,97,97,1,2,3,4,97,97,3,4,1,2,195,196,67,68,69,70,131,132,0,0,0,0,0,0,0],[0,0,0,0,0,0,0,163,164,99,100,101,102,227,228,3,4,3,4,129,129,1,2,3,4,129,129,1,2,1,2,3,4,129,129,1,2,3,4,129,129,3,4,1,2,227,228,99,100,101,102,163,164,0,0,0,0,0,0,0],[0,0,0,0,0,0,0,195,196,67,68,69,70,131,132,3,4,3,4,33,33,1,2,3,4,33,33,1,2,1,2,3,4,33,33,1,2,3,4,33,33,3,4,1,2,131,132,67,68,69,70,195,196,0,0,0,0,0,0,0],[0,0,0,0,0,0,0,227,228,99,100,101,102,163,164,3,4,3,4,65,65,1,2,3,4,65,65,1,2,1,2,3,4,65,65,1,2,3,4,65,65,3,4,1,2,163,164,99,100,101,102,227,228,0,0,0,0,0,0,0],[0,0,0,0,0,0,0,67,68,69,70,131,132,195,196,3,4,3,4,97,97,1,2,3,4,97,97,1,2,1,2,3,4,97,97,1,2,3,4,97,97,3,4,1,2,195,196,131,132,67,68,69,70,0,0,0,0,0,0,0],[0,0,0,0,0,0,0,99,100,101,102,163,164,227,228,3,4,3,4,129,129,1,2,3,4,129,129,1,2,1,2,3,4,129,129,1,2,3,4,129,129,3,4,1,2,227,228,163,164,99,100,101,102,0,0,0,0,0,0,0],[0,0,0,0,0,0,0,67,68,69,70,195,196,67,68,69,70,97,97,3,4,67,68,69,70,131,132,1,2,1,2,3,4,131,132,67,68,69,70,97,97,3,4,67,68,69,70,195,196,67,68,69,70,0,0,0,0,0,0,0],[0,0,0,0,0,0,0,99,100,101,102,227,228,99,100,101,102,129,129,3,4,99,100,101,102,163,164,1,2,1,2,3,4,163,164,99,100,101,102,129,129,3,4,99,100,101,102,227,228,99,100,101,102,0,0,0,0,0,0,0],[0,0,0,0,0,0,0,74,74,74,74,74,74,74,74,74,74,74,74,74,74,74,74,74,74,195,196,1,2,1,2,3,4,195,196,74,74,74,74,74,74,74,74,74,74,74,74,74,74,74,74,74,74,0,0,0,0,0,0,0],[0,0,0,0,0,0,0,0,0,0,0,0,0,0,0,0,0,0,0,0,0,0,0,0,0,227,228,1,2,1,2,3,4,227,228,0,0,0,0,0,0,0,0,0,0,0,0,0,0,0,0,0,0,0,0,0,0,0,0,0],[0,0,0,0,0,0,0,0,0,0,0,0,0,0,0,0,0,0,0,0,0,0,0,0,0,131,132,1,2,1,2,3,4,131,132,0,0,0,0,0,0,0,0,0,0,0,0,0,0,0,0,0,0,0,0,0,0,0,0,0],[0,0,0,0,0,0,0,0,0,0,0,0,0,0,0,0,0,0,0,0,0,0,0,0,0,163,164,1,2,1,2,3,4,163,164,0,0,0,0,0,0,0,0,0,0,0,0,0,0,0,0,0,0,0,0,0,0,0,0,0],[0,0,0,0,0,0,0,0,0,0,0,0,0,0,0,0,0,0,0,0,0,0,0,0,0,195,196,1,2,1,2,3,4,195,196,0,0,0,0,0,0,0,0,0,0,0,0,0,0,0,0,0,0,0,0,0,0,0,0,0],[0,0,0,0,0,0,0,0,0,0,0,0,0,0,0,0,0,0,0,0,0,0,0,0,0,227,228,1,2,1,2,3,4,227,228,0,0,0,0,0,0,0,0,0,0,0,0,0,0,0,0,0,0,0,0,0,0,0,0,0],[0,0,0,0,0,0,0,0,0,0,0,0,0,0,0,0,0,0,0,0,0,0,0,0,0,131,132,1,2,1,2,3,4,131,132,0,0,0,0,0,0,0,0,0,0,0,0,0,0,0,0,0,0,0,0,0,0,0,0,0],[0,0,0,0,0,0,0,0,0,0,0,0,0,0,0,0,0,0,0,0,0,0,0,0,0,163,164,1,2,1,2,3,4,163,164,0,0,0,0,0,0,0,0,0,0,0,0,0,0,0,0,0,0,0,0,0,0,0,0,0],[0,0,0,0,0,0,0,0,0,0,0,0,0,0,0,0,0,0,0,0,0,0,0,0,0,195,196,1,2,1,2,3,4,195,196,0,0,0,0,0,0,0,0,0,0,0,0,0,0,0,0,0,0,0,0,0,0,0,0,0],[0,0,0,0,0,0,0,0,0,0,0,0,0,0,0,0,0,0,0,0,0,0,0,0,0,227,228,1,2,1,2,3,4,227,228,0,0,0,0,0,0,0,0,0,0,0,0,0,0,0,0,0,0,0,0,0,0,0,0,0],[0,0,0,0,0,0,0,0,0,0,0,0,0,0,0,0,0,0,0,0,0,0,0,0,0,131,132,1,2,1,2,3,4,131,132,0,0,0,0,0,0,0,0,0,0,0,0,0,0,0,0,0,0,0,0,0,0,0,0,0],[0,0,0,0,0,0,0,0,0,0,0,0,0,0,0,0,0,0,0,0,0,0,0,0,0,163,164,1,2,1,2,3,4,163,164,0,0,0,0,0,0,0,0,0,0,0,0,0,0,0,0,0,0,0,0,0,0,0,0,0],[0,0,0,0,0,0,0,0,0,0,0,0,0,0,0,0,0,0,0,0,0,0,0,0,0,195,196,1,2,1,2,3,4,195,196,0,0,0,0,0,0,0,0,0,0,0,0,0,0,0,0,0,0,0,0,0,0,0,0,0],[0,0,0,0,0,0,0,0,0,0,0,0,0,0,0,0,0,0,0,0,0,0,0,0,0,227,228,1,2,1,2,3,4,227,228,0,0,0,0,0,0,0,0,0,0,0,0,0,0,0,0,0,0,0,0,0,0,0,0,0],[0,0,0,0,0,0,0,0,0,0,0,0,0,0,0,0,0,0,0,0,0,0,0,0,0,131,132,1,2,1,2,3,4,131,132,0,0,0,0,0,0,0,0,0,0,0,0,0,0,0,0,0,0,0,0,0,0,0,0,0],[0,0,0,0,0,0,0,0,0,0,0,0,0,0,0,0,0,0,0,0,0,0,0,0,0,163,164,1,2,1,2,3,4,163,164,0,0,0,0,0,0,0,0,0,0,0,0,0,0,0,0,0,0,0,0,0,0,0,0,0],[0,0,0,0,0,0,0,0,0,0,0,0,0,0,0,0,0,0,0,0,0,0,0,0,0,195,196,1,2,1,2,3,4,195,196,0,0,0,0,0,0,0,0,0,0,0,0,0,0,0,0,0,0,0,0,0,0,0,0,0],[0,0,0,0,0,0,0,0,0,0,0,0,0,0,0,0,0,0,0,0,0,0,0,0,0,227,228,1,2,1,2,3,4,227,228,0,0,0,0,0,0,0,0,0,0,0,0,0,0,0,0,0,0,0,0,0,0,0,0,0],[0,0,0,0,0,0,0,0,0,0,0,0,0,0,0,0,0,0,0,0,0,0,0,0,0,74,74,74,74,74,74,74,74,74,74,0,0,0,0,0,0,0,0,0,0,0,0,0,0,0,0,0,0,0,0,0,0,0,0,0],[0,0,0,0,0,0,0,0,0,0,0,0,0,0,0,0,0,0,0,0,0,0,0,0,0,0,0,0,0,0,0,0,0,0,0,0,0,0,0,0,0,0,0,0,0,0,0,0,0,0,0,0,0,0,0,0,0,0,0,0],[0,0,0,0,0,0,0,0,0,0,0,0,0,0,0,0,0,0,0,0,0,0,0,0,0,0,0,0,0,0,0,0,0,0,0,0,0,0,0,0,0,0,0,0,0,0,0,0,0,0,0,0,0,0,0,0,0,0,0,0],[0,0,0,0,0,0,0,0,0,0,0,0,0,0,0,0,0,0,0,0,0,0,0,0,0,0,0,0,0,0,0,0,0,0,0,0,0,0,0,0,0,0,0,0,0,0,0,0,0,0,0,0,0,0,0,0,0,0,0,0],[0,0,0,0,0,0,0,0,0,0,0,0,0,0,0,0,0,0,0,0,0,0,0,0,0,0,0,0,0,0,0,0,0,0,0,0,0,0,0,0,0,0,0,0,0,0,0,0,0,0,0,0,0,0,0,0,0,0,0,0],[0,0,0,0,0,0,0,0,0,0,0,0,0,0,0,0,0,0,0,0,0,0,0,0,0,0,0,0,0,0,0,0,0,0,0,0,0,0,0,0,0,0,0,0,0,0,0,0,0,0,0,0,0,0,0,0,0,0,0,0],[0,0,0,0,0,0,0,0,0,0,0,0,0,0,0,0,0,0,0,0,0,0,0,0,0,0,0,0,0,0,0,0,0,0,0,0,0,0,0,0,0,0,0,0,0,0,0,0,0,0,0,0,0,0,0,0,0,0,0,0]]},{"id":5,"type":"Background","name":"GroundUpper","level":"0","width":60,"height":60,"visible":1,"tilesetName":"media\/map\/old-hideout-inner.png","repeat":false,"distance":"1","tilesize":16,"moveSpeed":{"x":0,"y":0},"data":[[0,0,0,0,0,0,0,0,0,0,0,0,0,0,0,0,0,0,0,0,0,0,0,0,0,0,0,0,0,0,0,0,0,0,0,0,0,0,0,0,0,0,0,0,0,0,0,0,0,0,0,0,0,0,0,0,0,0,0,0],[0,0,0,0,0,0,0,0,0,0,0,0,0,0,0,0,0,0,0,0,0,0,0,0,0,0,0,0,0,0,0,0,0,0,0,0,0,0,0,0,0,0,0,0,0,0,0,0,0,0,0,0,0,0,0,0,0,0,0,0],[0,0,0,0,0,0,0,0,0,0,0,0,0,0,0,0,0,0,0,0,0,0,0,0,0,0,0,0,0,0,0,0,0,0,0,0,0,0,0,0,0,0,0,0,0,0,0,0,0,0,0,0,0,0,0,0,0,0,0,0],[0,0,0,0,0,0,0,0,0,0,0,0,0,0,0,0,0,0,0,0,0,0,0,0,0,0,0,0,0,0,0,0,0,0,0,0,0,0,0,0,0,0,0,0,0,0,0,0,0,0,0,0,0,0,0,0,0,0,0,0],[0,0,0,0,0,0,0,0,0,0,0,0,0,0,0,0,0,0,0,0,0,0,0,0,0,0,0,0,0,0,0,0,0,0,0,0,0,0,0,0,0,0,0,0,0,0,0,0,0,0,0,0,0,0,0,0,0,0,0,0],[0,0,0,0,0,0,0,0,0,0,0,0,0,0,0,0,0,0,0,0,0,0,0,0,0,0,0,0,0,0,0,0,0,0,0,0,0,0,0,0,0,0,0,0,0,0,0,0,0,0,0,0,0,0,0,0,0,0,0,0],[0,0,0,0,0,0,0,0,0,0,0,0,0,0,0,0,0,0,0,0,0,0,0,0,0,0,0,0,0,0,0,0,0,0,0,0,0,0,0,0,0,0,0,0,0,0,0,0,0,0,0,0,0,0,0,0,0,0,0,0],[0,0,0,0,0,0,0,0,0,0,0,0,0,0,0,0,0,0,0,0,0,0,0,0,0,0,0,0,0,0,0,0,0,0,0,0,0,0,0,0,0,0,0,0,0,0,0,0,0,0,0,0,0,0,0,0,0,0,0,0],[0,0,0,0,0,0,0,0,0,0,0,0,0,0,0,0,0,0,0,0,0,0,0,0,0,0,0,0,0,0,133,135,135,135,135,0,0,0,0,0,0,0,0,0,0,0,0,0,0,0,0,0,0,0,0,0,0,0,0,0],[0,0,0,0,0,0,0,0,0,0,0,0,0,0,0,0,0,0,0,0,0,0,0,0,0,0,0,0,0,0,199,0,0,0,0,0,0,0,0,0,0,0,0,0,0,0,0,0,0,0,0,0,0,0,0,0,0,0,0,0],[0,0,0,0,0,0,0,0,0,0,0,0,0,0,0,0,0,0,0,0,0,0,0,0,0,0,0,0,0,0,167,0,0,0,0,0,0,0,0,0,0,0,0,0,0,0,0,0,0,0,0,0,0,0,0,0,0,0,0,0],[0,0,0,0,0,0,0,0,0,0,0,0,0,0,0,0,0,0,0,0,0,0,0,0,0,0,0,0,0,0,167,0,0,0,232,0,0,0,0,0,0,0,0,0,0,0,0,0,0,0,0,0,0,0,0,0,0,0,0,0],[0,0,0,0,0,0,0,0,0,0,0,0,0,0,0,0,0,0,0,0,0,0,0,0,0,0,0,0,0,0,167,0,0,0,167,0,0,0,0,0,0,0,0,0,0,0,0,0,0,0,0,0,0,0,0,0,0,0,0,0],[0,0,0,0,0,0,0,0,0,0,0,0,0,0,0,0,0,0,0,0,0,0,0,0,0,133,135,135,135,229,167,0,0,0,167,0,0,0,0,0,0,0,0,0,0,0,0,0,0,0,0,0,0,0,0,0,0,0,0,0],[0,0,0,0,0,0,0,0,0,0,0,0,0,0,0,0,0,0,0,0,0,0,0,0,0,199,0,0,0,0,168,135,135,136,200,0,0,0,0,0,0,0,0,0,0,0,0,0,0,0,0,0,0,0,0,0,0,0,0,0],[0,0,0,0,0,0,0,0,0,0,0,0,0,0,0,0,0,0,0,0,0,0,0,0,0,199,0,0,0,0,167,0,0,0,167,0,0,0,0,0,0,0,0,0,0,0,0,0,0,0,0,0,0,0,0,0,0,0,0,0],[0,0,0,0,0,0,0,0,0,0,0,0,0,0,0,0,0,0,0,0,0,0,0,0,0,199,0,0,0,0,167,0,0,0,167,0,0,0,0,0,0,0,0,0,0,0,0,0,0,0,0,0,0,0,0,0,0,0,0,0],[0,0,0,0,0,0,0,0,0,0,0,0,0,0,0,0,0,0,0,0,0,0,0,0,0,168,135,135,136,135,166,0,0,0,167,0,0,0,0,0,0,0,0,0,0,0,0,0,0,0,0,0,0,0,0,0,0,0,0,0],[0,0,0,0,0,0,0,0,0,0,0,0,0,0,0,0,0,0,0,0,0,0,0,0,0,167,0,0,0,0,0,0,0,0,167,0,0,0,0,0,0,0,0,0,0,0,0,0,0,0,0,0,0,0,0,0,0,0,0,0],[0,0,0,0,0,0,0,0,0,0,0,0,0,0,0,0,0,0,0,0,0,0,0,0,0,167,0,0,0,0,0,0,0,0,167,0,0,0,0,0,0,0,0,0,0,0,0,0,0,0,0,0,0,0,0,0,0,0,0,0],[0,0,0,0,0,0,0,0,0,0,0,0,0,0,0,0,0,0,0,0,0,0,0,0,0,167,0,0,0,0,0,0,0,0,167,0,0,0,0,0,0,0,0,0,0,0,0,0,0,0,0,0,0,0,0,0,0,0,0,0],[0,0,0,0,0,0,0,0,0,0,0,0,0,0,0,0,0,0,0,0,0,0,0,0,0,167,0,0,0,0,0,0,0,0,167,0,0,0,0,0,0,0,0,0,0,0,0,0,0,0,0,0,0,0,0,0,0,0,0,0],[0,0,0,0,0,0,0,0,0,0,0,0,0,0,0,0,0,0,0,0,0,0,0,0,0,167,0,0,0,0,0,0,0,0,167,0,0,0,0,0,0,0,0,0,0,0,0,0,0,0,0,0,0,0,0,0,0,0,0,0],[0,0,0,0,0,0,0,0,0,0,0,0,0,0,0,0,167,0,0,0,0,0,0,0,0,199,0,0,0,0,0,0,0,0,167,0,0,0,0,0,167,0,0,0,0,0,0,0,167,0,0,0,0,0,0,0,0,0,0,0],[0,0,0,0,0,0,0,0,0,0,0,0,0,0,0,0,165,136,135,135,135,136,135,135,135,200,0,0,0,0,0,0,0,0,165,135,136,135,135,136,169,136,135,201,135,135,135,135,169,201,135,135,135,0,0,0,0,0,0,0],[0,0,0,0,0,0,0,0,0,0,0,0,0,0,0,0,0,0,0,0,0,0,0,0,0,167,0,0,0,0,0,0,0,0,0,0,0,0,0,0,0,0,0,167,0,0,0,0,0,199,0,0,0,0,0,0,0,0,0,0],[0,0,0,0,0,0,0,0,0,0,0,0,0,0,0,0,0,0,0,0,0,0,0,0,0,167,0,0,0,0,0,0,0,0,0,0,0,0,0,0,0,0,0,199,0,0,0,0,0,199,0,0,0,0,0,0,0,0,0,0],[0,0,0,0,0,0,0,0,0,0,0,0,0,0,0,0,0,230,136,136,135,201,135,135,135,169,135,134,0,0,0,0,0,0,0,0,232,0,0,0,0,0,0,199,0,0,0,0,682,199,0,0,0,0,0,0,0,0,0,0],[0,0,0,0,0,0,0,0,0,0,135,135,135,134,0,0,0,0,0,0,0,199,0,0,0,0,0,167,0,0,0,0,0,0,0,0,199,0,0,0,0,0,0,231,0,0,682,0,0,199,0,682,0,0,0,0,0,0,0,0],[0,0,0,0,0,0,0,0,0,0,0,0,0,167,0,0,0,0,0,0,0,199,0,0,0,0,0,165,135,201,135,135,135,135,135,135,166,0,0,0,0,0,0,0,0,0,0,0,199,0,0,0,0,0,0,0,0,0,0,0],[0,0,0,0,0,0,0,0,0,0,0,0,0,167,0,0,0,0,0,0,0,199,0,0,0,0,0,0,0,167,0,0,0,0,0,0,0,0,0,0,0,0,0,0,0,0,0,682,199,682,0,0,0,0,0,0,0,0,0,0],[0,0,0,0,0,0,0,0,0,0,0,0,0,168,135,135,135,135,135,135,135,166,0,0,0,0,0,0,0,167,0,0,0,0,0,0,0,0,0,0,0,0,0,0,133,135,135,135,166,0,0,0,0,0,0,0,0,0,0,0],[0,0,0,0,0,0,0,0,0,0,0,0,0,167,0,0,0,0,0,0,0,0,0,0,0,0,0,0,0,167,0,0,0,0,0,0,0,0,0,0,0,0,0,0,167,0,0,0,0,0,0,0,0,0,0,0,0,0,0,0],[0,0,0,0,0,0,0,0,0,0,0,0,0,167,0,0,0,0,0,0,0,0,0,0,0,0,0,0,0,167,0,0,0,0,0,0,0,0,0,0,0,0,0,0,167,0,0,0,0,0,0,0,0,0,0,0,0,0,0,0],[0,0,0,0,0,0,0,0,0,0,0,0,0,167,0,0,0,0,0,0,0,0,0,0,0,0,0,0,0,167,0,0,0,0,0,0,0,0,0,0,0,0,0,0,167,0,0,0,0,0,0,0,0,0,0,0,0,0,0,0],[0,0,0,0,0,0,0,0,0,0,0,0,0,0,0,0,0,0,0,0,0,0,0,0,0,0,0,0,0,167,0,0,0,0,0,0,0,0,0,0,0,0,0,0,0,0,0,0,0,0,0,0,0,0,0,0,0,0,0,0],[0,0,0,0,0,0,0,0,0,0,0,0,0,0,0,0,0,0,0,0,0,0,0,0,0,0,0,0,0,167,0,0,0,0,0,0,0,0,0,0,0,0,0,0,0,0,0,0,0,0,0,0,0,0,0,0,0,0,0,0],[0,0,0,0,0,0,0,0,0,0,0,0,0,0,0,0,0,0,0,0,0,0,0,0,0,0,0,0,0,167,0,0,0,0,0,0,0,0,0,0,0,0,0,0,0,0,0,0,0,0,0,0,0,0,0,0,0,0,0,0],[0,0,0,0,0,0,0,0,0,0,0,0,0,0,0,0,0,0,0,0,0,0,0,0,0,0,0,0,0,167,0,0,0,0,0,0,0,0,0,0,0,0,0,0,0,0,0,0,0,0,0,0,0,0,0,0,0,0,0,0],[0,0,0,0,0,0,0,0,0,0,0,0,0,0,0,0,0,0,0,0,0,0,0,0,0,0,0,0,0,167,0,0,0,0,0,0,0,0,0,0,0,0,0,0,0,0,0,0,0,0,0,0,0,0,0,0,0,0,0,0],[0,0,0,0,0,0,0,0,0,0,0,0,0,0,0,0,0,0,0,0,0,0,0,0,0,0,0,0,0,167,0,0,0,0,0,0,0,0,0,0,0,0,0,0,0,0,0,0,0,0,0,0,0,0,0,0,0,0,0,0],[0,0,0,0,0,0,0,0,0,0,0,0,0,0,0,0,0,0,0,0,0,0,0,0,0,0,0,0,0,165,135,229,0,0,0,0,0,0,0,0,0,0,0,0,0,0,0,0,0,0,0,0,0,0,0,0,0,0,0,0],[0,0,0,0,0,0,0,0,0,0,0,0,0,0,0,0,0,0,0,0,0,0,0,0,0,0,0,0,0,0,0,0,0,0,0,0,0,0,0,0,0,0,0,0,0,0,0,0,0,0,0,0,0,0,0,0,0,0,0,0],[0,0,0,0,0,0,0,0,0,0,0,0,0,0,0,0,0,0,0,0,0,0,0,0,0,0,0,0,0,0,0,0,0,0,0,0,0,0,0,0,0,0,0,0,0,0,0,0,0,0,0,0,0,0,0,0,0,0,0,0],[0,0,0,0,0,0,0,0,0,0,0,0,0,0,0,0,0,0,0,0,0,0,0,0,0,0,0,0,230,136,136,201,136,136,136,0,0,0,0,0,0,0,0,0,0,0,0,0,0,0,0,0,0,0,0,0,0,0,0,0],[0,0,0,0,0,0,0,0,0,0,0,0,0,0,0,0,0,0,0,0,0,0,0,0,0,0,0,0,0,0,0,167,0,0,0,0,0,0,0,0,0,0,0,0,0,0,0,0,0,0,0,0,0,0,0,0,0,0,0,0],[0,0,0,0,0,0,0,0,0,0,0,0,0,0,0,0,0,0,0,0,0,0,0,0,0,0,0,0,0,0,0,167,0,0,0,0,0,0,0,0,0,0,0,0,0,0,0,0,0,0,0,0,0,0,0,0,0,0,0,0],[0,0,0,0,0,0,0,0,0,0,0,0,0,0,0,0,0,0,0,0,0,0,0,0,0,0,0,0,0,0,0,167,0,0,0,0,0,0,0,0,0,0,0,0,0,0,0,0,0,0,0,0,0,0,0,0,0,0,0,0],[0,0,0,0,0,0,0,0,0,0,0,0,0,0,0,0,0,0,0,0,0,0,0,0,0,133,136,136,136,136,136,166,0,0,0,0,0,0,0,0,0,0,0,0,0,0,0,0,0,0,0,0,0,0,0,0,0,0,0,0],[0,0,0,0,0,0,0,0,0,0,0,0,0,0,0,0,0,0,0,0,0,0,0,0,0,167,0,0,0,0,0,0,0,0,0,0,0,0,0,0,0,0,0,0,0,0,0,0,0,0,0,0,0,0,0,0,0,0,0,0],[0,0,0,0,0,0,0,0,0,0,0,0,0,0,0,0,0,0,0,0,0,0,0,0,0,166,0,0,0,0,0,0,0,0,0,0,0,0,0,0,0,0,0,0,0,0,0,0,0,0,0,0,0,0,0,0,0,0,0,0],[0,0,0,0,0,0,0,0,0,0,0,0,0,0,0,0,0,0,0,0,0,0,0,0,0,0,0,0,0,0,0,0,0,0,0,0,0,0,0,0,0,0,0,0,0,0,0,0,0,0,0,0,0,0,0,0,0,0,0,0],[0,0,0,0,0,0,0,0,0,0,0,0,0,0,0,0,0,0,0,0,0,0,0,0,0,0,0,0,0,0,0,0,0,0,0,0,0,0,0,0,0,0,0,0,0,0,0,0,0,0,0,0,0,0,0,0,0,0,0,0],[0,0,0,0,0,0,0,0,0,0,0,0,0,0,0,0,0,0,0,0,0,0,0,0,0,0,0,0,0,0,0,0,0,0,0,0,0,0,0,0,0,0,0,0,0,0,0,0,0,0,0,0,0,0,0,0,0,0,0,0],[0,0,0,0,0,0,0,0,0,0,0,0,0,0,0,0,0,0,0,0,0,0,0,0,0,0,0,0,0,0,0,0,0,0,0,0,0,0,0,0,0,0,0,0,0,0,0,0,0,0,0,0,0,0,0,0,0,0,0,0],[0,0,0,0,0,0,0,0,0,0,0,0,0,0,0,0,0,0,0,0,0,0,0,0,0,0,0,0,0,0,0,0,0,0,0,0,0,0,0,0,0,0,0,0,0,0,0,0,0,0,0,0,0,0,0,0,0,0,0,0],[0,0,0,0,0,0,0,0,0,0,0,0,0,0,0,0,0,0,0,0,0,0,0,0,0,0,0,0,0,0,0,0,0,0,0,0,0,0,0,0,0,0,0,0,0,0,0,0,0,0,0,0,0,0,0,0,0,0,0,0],[0,0,0,0,0,0,0,0,0,0,0,0,0,0,0,0,0,0,0,0,0,0,0,0,0,0,0,0,0,0,0,0,0,0,0,0,0,0,0,0,0,0,0,0,0,0,0,0,0,0,0,0,0,0,0,0,0,0,0,0],[0,0,0,0,0,0,0,0,0,0,0,0,0,0,0,0,0,0,0,0,0,0,0,0,0,0,0,0,0,0,0,0,0,0,0,0,0,0,0,0,0,0,0,0,0,0,0,0,0,0,0,0,0,0,0,0,0,0,0,0],[0,0,0,0,0,0,0,0,0,0,0,0,0,0,0,0,0,0,0,0,0,0,0,0,0,0,0,0,0,0,0,0,0,0,0,0,0,0,0,0,0,0,0,0,0,0,0,0,0,0,0,0,0,0,0,0,0,0,0,0]]},{"id":7,"type":"Background","name":"ShadowNew","level":"0","width":60,"height":60,"visible":1,"tilesetName":"media\/map\/old-hideout-shadows2.png","repeat":false,"distance":1,"yDistance":0,"tilesize":16,"moveSpeed":{"x":0,"y":0},"data":[[0,0,0,0,0,0,0,0,0,0,0,0,0,0,0,0,0,0,0,0,0,0,0,0,0,0,0,0,0,0,0,0,0,0,0,0,0,0,0,0,0,0,0,0,0,0,0,0,0,0,0,0,0,0,0,0,0,0,0,0],[0,0,0,0,0,0,0,0,0,0,0,0,0,0,0,0,0,0,0,0,0,0,0,0,0,0,0,0,0,0,0,0,0,0,0,0,0,0,0,0,0,0,0,0,0,0,0,0,0,0,0,0,0,0,0,0,0,0,0,0],[0,0,0,0,0,0,0,0,0,0,0,0,0,0,0,0,0,0,0,0,0,0,0,0,0,0,0,0,0,0,0,0,0,0,0,0,0,0,0,0,0,0,0,0,0,0,0,0,0,0,0,0,0,0,0,0,0,0,0,0],[0,0,0,0,0,0,0,0,0,0,0,0,0,0,0,0,0,0,0,0,0,0,0,0,0,0,0,0,0,0,0,0,0,0,0,0,0,0,0,0,0,0,0,0,0,0,0,0,0,0,0,0,0,0,0,0,0,0,0,0],[0,0,0,0,0,0,0,0,0,0,0,0,0,0,0,0,0,0,0,0,0,0,0,0,16,16,16,16,16,16,16,16,16,16,16,16,16,0,0,0,0,0,0,0,0,0,0,0,0,0,0,0,0,0,0,0,0,0,0,0],[0,0,0,0,0,0,0,0,0,0,0,0,0,0,0,0,0,0,0,0,0,0,0,0,16,182,187,132,153,0,0,154,149,186,181,16,0,0,0,0,0,0,0,0,0,0,0,0,0,0,0,0,0,0,0,0,0,0,0,0],[0,0,0,0,0,0,0,0,0,0,0,0,0,0,0,0,0,0,0,0,0,0,0,0,16,185,132,150,155,0,0,0,154,149,169,16,0,0,0,0,0,0,0,0,0,0,0,0,0,0,0,0,0,0,0,0,0,0,0,0],[0,0,0,0,0,0,0,0,0,0,0,0,0,0,0,0,0,0,0,0,0,0,0,0,16,185,150,155,0,0,0,0,0,137,169,16,0,0,0,0,0,0,0,0,0,0,0,0,0,0,0,0,0,0,0,0,0,0,0,0],[0,0,0,0,0,0,0,0,0,0,0,0,0,0,0,0,0,0,0,0,0,0,0,0,16,185,153,0,0,0,0,0,0,137,169,16,0,0,0,0,0,0,0,0,0,0,0,0,0,0,0,0,0,0,0,0,0,0,0,0],[0,0,0,0,0,0,0,0,0,0,0,0,0,0,0,0,0,0,0,0,0,0,0,0,16,185,134,139,0,0,0,0,0,137,169,16,0,0,0,0,0,0,0,0,0,0,0,0,0,0,0,0,0,0,0,0,0,0,0,0],[0,0,0,0,0,0,0,0,0,0,0,0,0,0,0,0,0,0,0,0,0,0,0,0,16,166,171,134,139,0,0,138,136,170,165,16,0,0,0,0,0,0,0,0,0,0,0,0,0,0,0,0,0,0,0,0,0,0,0,0],[0,0,0,0,0,0,0,0,0,0,0,0,0,0,0,0,0,0,0,0,0,0,0,0,16,182,187,152,155,0,0,154,152,186,181,16,0,0,0,0,0,0,0,0,0,0,0,0,0,0,0,0,0,0,0,0,0,0,0,0],[0,0,0,0,0,0,0,0,0,0,0,0,0,0,0,0,0,0,0,0,0,0,0,0,16,185,153,0,0,0,0,0,0,137,169,16,0,0,0,0,0,0,0,0,0,0,0,0,0,0,0,0,0,0,0,0,0,0,0,0],[0,0,0,0,0,0,0,0,0,0,0,0,0,0,0,0,0,0,0,0,0,0,0,0,16,185,134,139,0,0,0,0,0,137,169,16,0,0,0,0,0,0,0,0,0,0,0,0,0,0,0,0,0,0,0,0,0,0,0,0],[0,0,0,0,0,0,0,0,0,0,0,0,0,0,0,0,0,0,0,0,0,0,0,0,16,166,171,134,139,0,0,138,136,170,165,16,0,0,0,0,0,0,0,0,0,0,0,0,0,0,0,0,0,0,0,0,0,0,0,0],[0,0,0,0,0,0,0,0,0,0,0,0,0,0,0,0,0,0,0,0,0,0,0,0,16,182,187,132,153,0,0,137,132,186,181,16,0,0,0,0,0,0,0,0,0,0,0,0,0,0,0,0,0,0,0,0,0,0,0,0],[0,0,0,0,0,0,0,0,0,0,0,0,0,0,0,0,0,0,0,0,0,0,0,0,16,185,150,152,155,0,0,154,152,149,186,16,0,0,0,0,0,0,0,0,0,0,0,0,0,0,0,0,0,0,0,0,0,0,0,0],[0,0,0,0,0,0,0,0,0,0,0,0,0,0,0,0,0,0,0,0,0,0,0,0,16,187,153,0,0,0,0,0,0,137,132,16,0,0,0,0,0,0,0,0,0,0,0,0,0,0,0,0,0,0,0,0,0,0,0,0],[0,0,0,0,0,0,0,0,0,0,0,0,0,0,0,0,0,0,0,0,0,0,0,0,16,132,153,0,0,0,0,0,0,137,132,16,0,0,0,0,0,0,0,0,0,0,0,0,0,0,0,0,0,0,0,0,0,0,0,0],[0,0,0,0,0,0,0,0,0,0,0,0,0,0,0,0,0,0,0,0,0,0,0,0,16,132,153,0,0,0,0,0,0,137,132,16,0,0,0,0,0,0,0,0,0,0,0,0,0,0,0,0,0,0,0,0,0,0,0,0],[0,0,0,0,0,0,0,0,0,0,0,0,0,0,0,0,0,0,0,0,0,0,0,0,16,132,153,0,0,0,0,0,0,137,132,16,0,0,0,0,0,0,0,0,0,0,0,0,0,0,0,0,0,0,0,0,0,0,0,0],[0,0,0,0,0,0,0,0,0,0,0,0,0,0,0,0,0,0,0,0,0,0,0,0,16,132,134,136,139,0,0,138,136,133,132,16,0,0,0,0,0,0,0,0,0,0,0,0,0,0,0,0,0,0,0,0,0,0,0,0],[0,0,0,0,0,0,16,16,16,16,16,16,16,16,16,16,16,16,16,16,16,16,16,16,16,132,132,132,153,0,0,137,132,132,132,16,16,16,16,16,16,16,16,16,16,16,16,16,16,16,16,16,16,16,16,0,0,0,0,0],[0,0,0,0,0,0,16,164,182,184,187,150,152,152,152,152,152,155,0,0,154,152,152,149,132,150,152,152,155,0,0,154,152,149,132,150,152,152,152,155,0,0,154,152,152,149,132,132,132,186,184,181,164,16,16,0,0,0,0,0],[0,0,0,0,0,0,16,164,185,150,152,155,0,0,0,148,0,0,0,0,0,0,0,154,152,155,0,0,0,0,0,0,0,154,152,155,0,0,0,0,0,0,0,0,0,154,152,152,149,132,132,169,164,16,16,0,0,0,0,0],[0,0,0,0,0,0,16,182,187,153,0,0,0,0,0,0,0,0,0,0,0,0,0,0,0,0,0,0,0,0,0,0,0,0,0,0,0,0,0,0,0,0,0,0,0,0,0,0,154,149,132,169,164,16,16,0,0,0,0,0],[0,0,0,0,0,0,16,185,150,155,0,0,0,0,0,0,0,0,0,0,0,0,0,0,0,0,0,0,0,0,0,0,0,0,0,0,0,0,0,0,0,0,0,0,0,0,0,0,0,154,149,169,164,16,16,0,0,0,0,0],[0,0,0,0,0,0,16,185,153,0,0,0,0,0,0,0,0,0,0,0,0,0,0,0,0,0,0,0,0,0,0,0,0,0,0,0,0,0,0,0,0,0,0,0,0,0,0,0,0,0,137,186,181,16,16,0,0,0,0,0],[0,0,0,0,0,0,16,185,153,0,0,0,0,16,16,16,16,16,0,0,0,0,0,16,0,0,16,0,0,0,0,0,0,0,148,0,0,0,0,0,0,0,0,0,0,0,0,0,0,0,137,132,169,16,16,0,0,0,0,0],[0,0,0,0,0,0,16,185,134,139,0,0,0,16,16,16,16,16,16,16,16,0,0,0,16,0,16,16,16,0,0,0,0,0,0,0,0,0,0,0,0,0,0,0,0,0,0,0,0,0,137,132,169,16,16,0,0,0,0,0],[0,0,0,0,0,0,16,185,132,153,0,0,0,16,16,16,16,16,16,16,16,16,16,16,0,0,0,0,0,0,0,0,0,0,0,0,0,16,16,16,16,16,16,16,16,16,0,0,0,0,137,132,169,16,16,0,0,0,0,0],[0,0,0,0,0,0,16,166,171,134,139,0,0,16,16,16,16,16,16,16,16,16,16,16,16,16,0,0,0,0,0,0,0,0,0,0,16,16,16,16,16,16,16,16,16,16,0,0,0,0,137,132,169,16,16,0,0,0,0,0],[0,0,0,0,0,0,16,164,185,132,134,139,0,0,0,0,0,16,16,0,0,0,0,0,0,0,0,0,0,0,0,0,0,0,0,16,0,0,0,16,16,0,0,0,0,0,0,0,138,136,133,132,169,16,0,0,0,0,0,0],[0,0,0,0,0,0,16,164,166,168,171,134,136,136,136,136,139,0,0,0,0,0,138,136,136,136,139,0,0,0,0,0,0,0,138,136,136,136,139,0,0,0,0,0,138,136,136,136,133,132,170,168,165,16,0,0,0,0,0,0],[0,0,0,0,0,0,16,164,164,164,166,168,168,168,168,171,134,16,16,16,0,138,133,132,132,132,134,139,0,0,0,0,0,138,133,132,132,180,134,16,16,16,0,138,133,132,170,168,168,168,165,164,164,16,16,0,0,0,0,0],[0,0,0,0,0,0,16,16,16,16,16,16,16,16,16,16,16,16,16,16,16,16,16,16,16,168,171,134,139,0,0,138,136,170,168,16,16,16,16,16,16,16,16,16,16,16,16,16,16,16,16,16,16,16,16,0,0,0,0,0],[0,0,0,0,0,0,0,0,0,0,0,0,0,0,0,0,0,0,0,0,0,0,0,0,16,164,185,132,153,0,0,137,132,169,164,16,0,0,0,0,0,0,0,0,0,0,0,0,0,0,0,0,0,0,0,0,0,0,0,0],[0,0,0,0,0,0,0,0,0,0,0,0,0,0,0,0,0,0,0,0,0,0,0,0,16,182,187,152,155,0,0,154,149,169,164,16,0,0,0,0,0,0,0,0,0,0,0,0,0,0,0,0,0,0,0,0,0,0,0,0],[0,0,0,0,0,0,0,0,0,0,0,0,0,0,0,0,0,0,0,0,0,0,0,0,16,185,153,0,0,0,0,0,137,186,181,16,0,0,0,0,0,0,0,0,0,0,0,0,0,0,0,0,0,0,0,0,0,0,0,0],[0,0,0,0,0,0,0,0,0,0,0,0,0,0,0,0,0,0,0,0,0,0,0,0,16,185,153,0,0,0,0,0,154,149,169,16,0,0,0,0,0,0,0,0,0,0,0,0,0,0,0,0,0,0,0,0,0,0,0,0],[0,0,0,0,0,0,0,0,0,0,0,0,0,0,0,0,0,0,0,0,0,0,0,0,16,185,153,0,0,0,0,0,0,137,169,16,0,0,0,0,0,0,0,0,0,0,0,0,0,0,0,0,0,0,0,0,0,0,0,0],[0,0,0,0,0,0,0,0,0,0,0,0,0,0,0,0,0,0,0,0,0,0,0,0,16,185,153,0,0,0,0,0,138,133,169,16,0,0,0,0,0,0,0,0,0,0,0,0,0,0,0,0,0,0,0,0,0,0,0,0],[0,0,0,0,0,0,0,0,0,0,0,0,0,0,0,0,0,0,0,0,0,0,0,0,16,166,171,136,139,0,0,138,133,170,165,16,0,0,0,0,0,0,0,0,0,0,0,0,0,0,0,0,0,0,0,0,0,0,0,0],[0,0,0,0,0,0,0,0,0,0,0,0,0,0,0,0,0,0,0,0,0,0,0,0,16,164,185,132,153,0,0,137,132,169,164,16,0,0,0,0,0,0,0,0,0,0,0,0,0,0,0,0,0,0,0,0,0,0,0,0],[0,0,0,0,0,0,0,0,0,0,0,0,0,0,0,0,0,0,0,0,0,0,0,0,16,184,187,150,155,0,0,154,149,169,164,16,0,0,0,0,0,0,0,0,0,0,0,0,0,0,0,0,0,0,0,0,0,0,0,0],[0,0,0,0,0,0,0,0,0,0,0,0,0,0,0,0,0,0,0,0,0,0,0,0,16,132,150,155,0,0,0,0,137,169,164,16,0,0,0,0,0,0,0,0,0,0,0,0,0,0,0,0,0,0,0,0,0,0,0,0],[0,0,0,0,0,0,0,0,0,0,0,0,0,0,0,0,0,0,0,0,0,0,0,0,16,132,153,0,0,0,0,0,137,169,164,16,0,0,0,0,0,0,0,0,0,0,0,0,0,0,0,0,0,0,0,0,0,0,0,0],[0,0,0,0,0,0,0,0,0,0,0,0,0,0,0,0,0,0,0,0,0,0,0,0,16,132,134,139,0,0,0,0,137,169,164,16,0,0,0,0,0,0,0,16,0,0,0,0,0,0,0,0,0,0,0,0,0,0,0,0],[0,0,0,0,0,0,0,0,0,0,0,0,0,0,0,0,0,0,0,0,0,0,0,0,16,171,132,153,0,0,0,138,133,186,181,16,0,0,0,0,0,0,0,16,0,0,0,0,0,0,0,0,0,0,0,0,0,0,0,0],[0,0,0,0,0,0,0,0,0,0,0,0,0,0,0,16,16,16,16,16,0,0,0,0,16,185,132,153,0,0,0,137,132,132,169,16,0,0,0,0,0,0,0,16,0,0,0,0,0,0,0,0,0,0,0,0,0,0,0,0],[0,0,0,0,0,0,0,0,0,0,0,0,0,0,0,0,0,0,0,0,0,0,0,0,16,187,132,153,0,0,0,137,132,132,169,16,0,0,0,0,0,0,0,0,0,0,0,0,0,0,0,0,0,0,0,0,0,0,0,0],[0,0,0,0,0,0,0,0,0,0,0,0,0,0,0,0,0,0,0,0,0,0,0,0,16,132,132,134,136,136,136,133,132,132,169,16,0,0,0,0,0,0,0,0,0,0,0,0,0,0,0,0,0,0,0,0,0,0,0,0],[0,0,0,0,0,0,0,0,0,0,0,0,0,0,0,0,0,0,0,0,0,0,0,0,16,132,132,132,132,132,132,132,132,132,169,16,0,0,0,0,0,0,0,0,0,0,0,0,0,0,0,0,0,0,0,0,0,0,0,0],[0,0,0,0,0,0,0,0,0,0,0,0,0,0,0,0,0,0,0,0,0,0,0,0,16,16,16,16,16,16,16,16,16,16,16,16,0,0,0,0,0,0,0,0,0,0,0,0,0,0,0,0,0,0,0,0,0,0,0,0],[0,0,0,0,0,0,0,0,0,0,0,0,0,0,0,0,0,0,0,0,0,0,0,0,0,0,0,0,0,0,0,0,0,0,0,0,0,0,0,0,0,0,0,0,0,0,0,0,0,0,0,0,0,0,0,0,0,0,0,0],[0,0,0,0,0,0,0,0,0,0,0,0,0,0,0,0,0,0,0,0,0,0,0,0,0,0,0,0,0,0,0,0,0,0,0,0,0,0,0,0,0,0,0,0,0,0,0,0,0,0,0,0,0,0,0,0,0,0,0,0],[0,0,0,0,0,0,0,0,0,0,0,0,0,0,0,0,0,0,0,0,0,0,0,0,0,0,0,0,0,0,0,0,0,0,0,0,0,0,0,0,0,0,0,0,0,0,0,0,0,0,0,0,0,0,0,0,0,0,0,0],[0,0,0,0,0,0,0,0,0,0,0,0,0,0,0,0,0,0,0,0,0,0,0,0,0,0,0,0,0,0,0,0,0,0,0,0,0,0,0,0,0,0,0,0,0,0,0,0,0,0,0,0,0,0,0,0,0,0,0,0],[0,0,0,0,0,0,0,0,0,0,0,0,0,0,0,0,0,0,0,0,0,0,0,0,0,0,0,0,0,0,0,0,0,0,0,0,0,0,0,0,0,0,0,0,0,0,0,0,0,0,0,0,0,0,0,0,0,0,0,0],[0,0,0,0,0,0,0,0,0,0,0,0,0,0,0,0,0,0,0,0,0,0,0,0,0,0,0,0,0,0,0,0,0,0,0,0,0,0,0,0,0,0,0,0,0,0,0,0,0,0,0,0,0,0,0,0,0,0,0,0]]},{"id":3,"type":"Background","name":"Object","level":"object1","width":60,"height":60,"visible":1,"tilesetName":"media\/map\/old-hideout-inner.png","repeat":false,"distance":"1","tilesize":16,"moveSpeed":{"x":0,"y":0},"data":[[0,0,0,0,0,0,0,0,0,0,0,0,0,0,0,0,0,0,0,0,0,0,0,0,0,0,0,0,0,0,0,0,0,0,0,0,0,0,0,0,0,0,0,0,0,0,0,0,0,0,0,0,0,0,0,0,0,0,0,0],[0,0,0,0,0,0,0,0,0,0,0,0,0,0,0,0,0,0,0,0,0,0,0,0,0,0,0,0,0,0,0,0,0,0,0,0,0,0,0,0,0,0,0,0,0,0,0,0,0,0,0,0,0,0,0,0,0,0,0,0],[0,0,0,0,0,0,0,0,0,0,0,0,0,0,0,0,0,0,0,0,0,0,0,0,0,0,0,0,0,0,0,0,0,0,0,0,0,0,0,0,0,0,0,0,0,0,0,0,0,0,0,0,0,0,0,0,0,0,0,0],[0,0,0,0,0,0,0,0,0,0,0,0,0,0,0,0,0,0,0,0,0,0,0,0,0,0,0,0,0,0,0,0,0,0,0,0,0,0,0,0,0,0,0,0,0,0,0,0,0,0,0,0,0,0,0,0,0,0,0,0],[0,0,0,0,0,0,0,0,0,0,0,0,0,0,0,0,0,0,0,0,0,0,0,0,0,0,0,0,0,0,0,0,0,0,0,0,0,0,0,0,0,0,0,0,0,0,0,0,0,0,0,0,0,0,0,0,0,0,0,0],[0,0,0,0,0,0,0,0,0,0,0,0,0,0,0,0,0,0,0,0,0,0,0,0,0,0,0,0,0,0,0,0,0,0,0,0,0,0,0,0,0,0,0,0,0,0,0,0,0,0,0,0,0,0,0,0,0,0,0,0],[0,0,0,0,0,0,0,0,0,0,0,0,0,0,0,0,0,0,0,0,0,0,0,0,0,0,0,0,0,0,0,0,0,0,0,0,0,0,0,0,0,0,0,0,0,0,0,0,0,0,0,0,0,0,0,0,0,0,0,0],[0,0,0,0,0,0,0,0,0,0,0,0,0,0,0,0,0,0,0,0,0,0,0,0,0,0,0,0,0,0,0,0,0,0,0,0,0,0,0,0,0,0,0,0,0,0,0,0,0,0,0,0,0,0,0,0,0,0,0,0],[0,0,0,0,0,0,0,0,0,0,0,0,0,0,0,0,0,0,0,0,0,0,0,0,0,0,0,0,0,0,0,0,0,0,0,0,0,0,0,0,0,0,0,0,0,0,0,0,0,0,0,0,0,0,0,0,0,0,0,0],[0,0,0,0,0,0,0,0,0,0,0,0,0,0,0,0,0,0,0,0,0,0,0,0,0,0,0,0,0,0,0,0,0,0,0,0,0,0,0,0,0,0,0,0,0,0,0,0,0,0,0,0,0,0,0,0,0,0,0,0],[0,0,0,0,0,0,0,0,0,0,0,0,0,0,0,0,0,0,0,0,0,0,0,0,0,0,0,0,0,0,0,0,0,0,0,0,0,0,0,0,0,0,0,0,0,0,0,0,0,0,0,0,0,0,0,0,0,0,0,0],[0,0,0,0,0,0,0,0,0,0,0,0,0,0,0,0,0,0,0,0,0,0,0,0,0,0,0,0,0,0,0,0,0,0,0,0,0,0,0,0,0,0,0,0,0,0,0,0,0,0,0,0,0,0,0,0,0,0,0,0],[0,0,0,0,0,0,0,0,0,0,0,0,0,0,0,0,0,0,0,0,0,0,0,0,0,0,0,0,0,0,0,0,0,0,0,0,0,0,0,0,0,0,0,0,0,0,0,0,0,0,0,0,0,0,0,0,0,0,0,0],[0,0,0,0,0,0,0,0,0,0,0,0,0,0,0,0,0,0,0,0,0,0,0,0,0,0,0,0,0,0,0,0,0,0,0,0,0,0,0,0,0,0,0,0,0,0,0,0,0,0,0,0,0,0,0,0,0,0,0,0],[0,0,0,0,0,0,0,0,0,0,0,0,0,0,0,0,0,0,0,0,0,0,0,0,0,0,0,0,0,0,0,0,0,0,0,0,0,0,0,0,0,0,0,0,0,0,0,0,0,0,0,0,0,0,0,0,0,0,0,0],[0,0,0,0,0,0,0,0,0,0,0,0,0,0,0,0,0,0,0,0,0,0,0,0,0,0,0,0,0,0,0,0,0,0,0,0,0,0,0,0,0,0,0,0,0,0,0,0,0,0,0,0,0,0,0,0,0,0,0,0],[0,0,0,0,0,0,0,0,0,0,0,0,0,0,0,0,0,0,0,0,0,0,0,0,0,0,0,0,0,0,0,0,0,0,0,0,0,0,0,0,0,0,0,0,0,0,0,0,0,0,0,0,0,0,0,0,0,0,0,0],[0,0,0,0,0,0,0,0,0,0,0,0,0,0,0,0,0,0,0,0,0,0,0,0,0,0,0,0,0,0,0,0,0,0,0,0,0,0,0,0,0,0,0,0,0,0,0,0,0,0,0,0,0,0,0,0,0,0,0,0],[0,0,0,0,0,0,0,0,0,0,0,0,0,0,0,0,0,0,0,0,0,0,0,0,10,0,0,0,0,0,0,0,0,0,0,10,0,0,0,0,0,0,0,0,0,0,0,0,0,0,0,0,0,0,0,0,0,0,0,0],[0,0,0,0,0,0,0,0,0,0,0,0,0,0,0,0,0,0,0,0,0,0,0,0,45,0,0,0,0,0,0,0,0,0,0,45,0,0,0,0,0,0,0,0,0,0,0,0,0,0,0,0,0,0,0,0,0,0,0,0],[0,0,0,0,0,0,0,623,624,623,624,0,0,0,0,0,0,0,0,0,0,0,0,0,22,0,0,0,0,0,0,0,0,0,0,22,0,0,0,0,0,0,0,0,0,0,0,0,0,0,0,0,0,0,0,0,0,0,0,0],[0,0,0,0,0,0,0,820,821,822,823,0,0,0,0,0,0,0,0,0,0,0,0,0,109,0,0,0,0,0,0,0,0,0,0,109,0,0,0,0,0,0,0,0,0,0,0,0,0,0,0,0,0,0,0,0,0,0,0,0],[0,0,0,0,0,0,0,852,853,854,855,0,0,0,0,0,0,0,0,0,0,0,0,0,141,0,0,0,0,0,0,0,0,0,0,141,0,0,0,0,0,0,0,0,0,0,0,752,753,754,0,0,0,0,0,0,0,0,0,0],[0,0,0,0,0,0,0,719,720,719,720,0,0,0,0,0,0,0,0,0,0,0,0,0,0,0,0,0,0,0,0,0,0,0,0,0,0,0,0,0,0,0,0,0,0,0,0,784,785,786,0,0,0,0,0,0,0,0,0,0],[0,0,0,0,0,0,0,631,503,503,504,0,0,0,0,0,0,0,0,0,0,0,0,0,0,0,0,0,0,0,0,0,0,0,0,0,0,0,0,0,0,0,0,0,0,0,0,0,0,0,0,0,0,0,0,0,0,0,0,0],[0,0,0,0,0,0,0,663,535,535,536,0,0,0,0,0,0,0,0,0,0,0,0,0,0,0,0,0,0,0,0,0,0,0,0,0,0,0,0,0,0,0,0,0,0,0,0,0,0,0,0,0,0,0,0,0,0,0,0,0],[0,0,0,0,0,0,0,598,0,0,0,0,0,0,0,0,0,0,0,0,0,0,0,0,0,0,0,0,0,0,0,0,0,0,0,0,0,0,0,0,0,0,0,0,0,0,0,0,0,0,0,0,0,0,0,0,0,0,0,0],[0,0,0,0,0,0,0,598,0,0,0,0,0,0,0,0,0,0,0,0,0,0,0,0,0,0,0,0,0,0,0,0,0,0,0,0,0,0,0,0,0,0,0,0,0,0,0,537,538,538,539,0,0,0,0,0,0,0,0,0],[0,0,0,0,0,0,0,598,0,0,0,0,0,0,0,0,0,0,0,0,0,0,0,0,0,0,0,0,0,0,0,0,0,0,0,0,0,0,0,0,0,0,0,0,0,0,0,569,570,570,571,0,0,0,0,0,0,0,0,0],[0,0,0,0,0,0,0,598,0,0,0,0,0,0,0,0,0,0,0,0,0,0,0,0,0,0,0,0,0,0,0,0,0,0,0,0,0,0,0,0,0,0,0,0,0,0,0,601,602,602,603,0,0,0,0,0,0,0,0,0],[0,0,0,0,0,0,0,598,0,0,0,0,0,0,0,0,0,0,0,0,0,0,0,0,0,0,0,0,0,0,0,0,0,0,0,0,0,0,0,0,0,0,0,0,0,0,0,0,0,0,0,0,0,0,0,0,0,0,0,0],[0,0,0,0,0,0,0,694,759,759,760,0,0,0,0,0,0,0,0,0,0,0,0,0,0,0,0,0,0,0,0,0,0,0,0,0,0,0,0,0,0,0,0,0,0,0,0,0,0,0,0,0,0,0,0,0,0,0,0,0],[0,0,0,0,0,0,0,726,791,791,792,0,0,0,0,0,0,0,0,0,0,0,0,0,0,0,0,0,0,0,0,0,0,0,0,0,0,0,0,0,0,0,0,0,0,0,0,0,0,0,0,0,0,0,0,0,0,0,0,0],[0,0,0,0,0,0,0,0,0,0,0,0,0,0,0,0,0,0,0,0,0,0,0,0,0,0,0,0,0,0,0,0,0,0,0,0,0,0,0,0,0,0,0,0,0,0,0,0,0,0,0,0,0,0,0,0,0,0,0,0],[0,0,0,0,0,0,0,0,0,0,0,0,0,0,0,0,0,0,0,0,0,0,0,0,0,0,0,0,0,0,0,0,0,0,0,0,0,0,0,0,0,0,0,0,0,0,0,0,0,0,0,0,0,0,0,0,0,0,0,0],[0,0,0,0,0,0,0,0,0,0,0,0,0,0,0,0,0,0,0,0,0,0,0,0,0,0,0,0,0,0,0,0,0,0,0,0,0,0,0,0,0,0,0,0,0,0,0,0,0,0,0,0,0,0,0,0,0,0,0,0],[0,0,0,0,0,0,0,0,0,0,0,0,0,0,0,0,0,0,0,0,0,0,0,0,0,0,0,0,0,0,0,0,0,0,0,0,0,0,0,0,0,0,0,0,0,0,0,0,0,0,0,0,0,0,0,0,0,0,0,0],[0,0,0,0,0,0,0,0,0,0,0,0,0,0,0,0,0,0,0,0,0,0,0,0,0,0,0,0,0,0,0,0,0,0,0,0,0,0,0,0,0,0,0,0,0,0,0,0,0,0,0,0,0,0,0,0,0,0,0,0],[0,0,0,0,0,0,0,0,0,0,0,0,0,0,0,0,0,0,0,0,0,0,0,0,0,0,0,0,0,0,0,0,0,0,0,0,0,0,0,0,0,0,0,0,0,0,0,0,0,0,0,0,0,0,0,0,0,0,0,0],[0,0,0,0,0,0,0,0,0,0,0,0,0,0,0,0,0,0,0,0,0,0,0,0,0,0,0,0,0,0,0,0,0,0,0,0,0,0,0,0,0,0,0,0,0,0,0,0,0,0,0,0,0,0,0,0,0,0,0,0],[0,0,0,0,0,0,0,0,0,0,0,0,0,0,0,0,0,0,0,0,0,0,0,0,0,0,0,0,0,0,0,0,0,0,0,0,0,0,0,0,0,0,0,0,0,0,0,0,0,0,0,0,0,0,0,0,0,0,0,0],[0,0,0,0,0,0,0,0,0,0,0,0,0,0,0,0,0,0,0,0,0,0,0,0,0,0,0,0,0,0,0,0,0,0,0,0,0,0,0,0,0,0,0,0,0,0,0,0,0,0,0,0,0,0,0,0,0,0,0,0],[0,0,0,0,0,0,0,0,0,0,0,0,0,0,0,0,0,0,0,0,0,0,0,0,0,0,0,0,0,0,0,0,0,0,0,0,0,0,0,0,0,0,0,0,0,0,0,0,0,0,0,0,0,0,0,0,0,0,0,0],[0,0,0,0,0,0,0,0,0,0,0,0,0,0,0,0,0,0,0,0,0,0,0,0,0,0,0,0,0,0,0,0,0,0,0,0,0,0,0,0,0,0,0,0,0,0,0,0,0,0,0,0,0,0,0,0,0,0,0,0],[0,0,0,0,0,0,0,0,0,0,0,0,0,0,0,0,0,0,0,0,0,0,0,0,0,0,0,0,0,0,0,0,0,0,0,0,0,0,0,0,0,0,0,0,0,0,0,0,0,0,0,0,0,0,0,0,0,0,0,0],[0,0,0,0,0,0,0,0,0,0,0,0,0,0,0,0,0,0,0,0,0,0,0,0,0,0,0,0,0,0,0,0,0,0,0,0,0,0,0,0,0,0,0,0,0,0,0,0,0,0,0,0,0,0,0,0,0,0,0,0],[0,0,0,0,0,0,0,0,0,0,0,0,0,0,0,0,0,0,0,0,0,0,0,0,0,0,0,0,0,0,0,0,0,0,0,0,0,0,0,0,0,0,0,0,0,0,0,0,0,0,0,0,0,0,0,0,0,0,0,0],[0,0,0,0,0,0,0,0,0,0,0,0,0,0,0,0,0,0,0,0,0,0,0,0,0,0,0,0,0,0,0,0,0,0,0,0,0,0,0,0,0,0,0,0,0,0,0,0,0,0,0,0,0,0,0,0,0,0,0,0],[0,0,0,0,0,0,0,0,0,0,0,0,0,0,0,0,0,0,0,0,0,0,0,0,0,0,0,0,0,0,0,0,0,0,0,0,0,0,0,0,0,0,0,0,0,0,0,0,0,0,0,0,0,0,0,0,0,0,0,0],[0,0,0,0,0,0,0,0,0,0,0,0,0,0,0,0,0,0,0,0,0,0,0,0,0,0,0,0,0,0,0,0,0,0,0,0,0,0,0,0,0,0,0,0,0,0,0,0,0,0,0,0,0,0,0,0,0,0,0,0],[0,0,0,0,0,0,0,0,0,0,0,0,0,0,0,0,0,0,0,0,0,0,0,0,0,0,0,0,0,0,0,0,0,0,0,0,0,0,0,0,0,0,0,0,0,0,0,0,0,0,0,0,0,0,0,0,0,0,0,0],[0,0,0,0,0,0,0,0,0,0,0,0,0,0,0,0,0,0,0,0,0,0,0,0,0,0,0,0,0,0,0,0,0,0,0,0,0,0,0,0,0,0,0,0,0,0,0,0,0,0,0,0,0,0,0,0,0,0,0,0],[0,0,0,0,0,0,0,0,0,0,0,0,0,0,0,0,0,0,0,0,0,0,0,0,0,0,0,0,0,0,0,0,0,0,0,0,0,0,0,0,0,0,0,0,0,0,0,0,0,0,0,0,0,0,0,0,0,0,0,0],[0,0,0,0,0,0,0,0,0,0,0,0,0,0,0,0,0,0,0,0,0,0,0,0,0,0,0,0,0,0,0,0,0,0,0,0,0,0,0,0,0,0,0,0,0,0,0,0,0,0,0,0,0,0,0,0,0,0,0,0],[0,0,0,0,0,0,0,0,0,0,0,0,0,0,0,0,0,0,0,0,0,0,0,0,0,0,0,0,0,0,0,0,0,0,0,0,0,0,0,0,0,0,0,0,0,0,0,0,0,0,0,0,0,0,0,0,0,0,0,0],[0,0,0,0,0,0,0,0,0,0,0,0,0,0,0,0,0,0,0,0,0,0,0,0,0,0,0,0,0,0,0,0,0,0,0,0,0,0,0,0,0,0,0,0,0,0,0,0,0,0,0,0,0,0,0,0,0,0,0,0],[0,0,0,0,0,0,0,0,0,0,0,0,0,0,0,0,0,0,0,0,0,0,0,0,0,0,0,0,0,0,0,0,0,0,0,0,0,0,0,0,0,0,0,0,0,0,0,0,0,0,0,0,0,0,0,0,0,0,0,0],[0,0,0,0,0,0,0,0,0,0,0,0,0,0,0,0,0,0,0,0,0,0,0,0,0,0,0,0,0,0,0,0,0,0,0,0,0,0,0,0,0,0,0,0,0,0,0,0,0,0,0,0,0,0,0,0,0,0,0,0],[0,0,0,0,0,0,0,0,0,0,0,0,0,0,0,0,0,0,0,0,0,0,0,0,0,0,0,0,0,0,0,0,0,0,0,0,0,0,0,0,0,0,0,0,0,0,0,0,0,0,0,0,0,0,0,0,0,0,0,0],[0,0,0,0,0,0,0,0,0,0,0,0,0,0,0,0,0,0,0,0,0,0,0,0,0,0,0,0,0,0,0,0,0,0,0,0,0,0,0,0,0,0,0,0,0,0,0,0,0,0,0,0,0,0,0,0,0,0,0,0]]},{"id":2,"type":"Collision","name":"Coll","level":"0","width":60,"height":60,"visible":1,"tilesetName":"media\/map\/collisiontiles-16x16.png","repeat":false,"distance":"1","tilesize":16,"moveSpeed":{"x":0,"y":0},"data":[[2,2,2,2,2,2,2,2,2,2,2,2,2,2,2,2,2,2,2,2,2,2,2,2,2,2,2,2,2,2,2,2,2,2,2,2,2,2,2,2,2,2,2,2,2,2,2,2,2,2,2,2,2,2,2,2,2,2,2,2],[2,2,2,2,2,2,2,2,2,2,2,2,2,2,2,2,2,2,2,2,2,2,2,2,2,2,2,2,2,2,2,2,2,2,2,2,2,2,2,2,2,2,2,2,2,2,2,2,2,2,2,2,2,2,2,2,2,2,2,2],[2,2,2,2,2,2,2,2,2,2,2,2,2,2,2,2,2,2,2,2,2,2,2,2,2,2,2,2,2,2,2,2,2,2,2,2,2,2,2,2,2,2,2,2,2,2,2,2,2,2,2,2,2,2,2,2,2,2,2,2],[2,2,2,2,2,2,2,2,2,2,2,2,2,2,2,2,2,2,2,2,2,2,2,2,2,2,2,2,2,2,2,2,2,2,2,2,2,2,2,2,2,2,2,2,2,2,2,2,2,2,2,2,2,2,2,2,2,2,2,2],[2,2,2,2,2,2,2,2,2,2,2,2,2,2,2,2,2,2,2,2,2,2,2,2,2,2,2,2,2,0,0,2,2,2,2,2,2,2,2,2,2,2,2,2,2,2,2,2,2,2,2,2,2,2,2,2,2,2,2,2],[2,2,2,2,2,2,2,2,2,2,2,2,2,2,2,2,2,2,2,2,2,2,2,2,2,0,0,0,0,0,0,0,0,0,0,2,2,2,2,2,2,2,2,2,2,2,2,2,2,2,2,2,2,2,2,2,2,2,2,2],[2,2,2,2,2,2,2,2,2,2,2,2,2,2,2,2,2,2,2,2,2,2,2,2,2,0,0,0,0,0,0,0,0,0,0,2,2,2,2,2,2,2,2,2,2,2,2,2,2,2,2,2,2,2,2,2,2,2,2,2],[2,2,2,2,2,2,2,2,2,2,2,2,2,2,2,2,2,2,2,2,2,2,2,2,2,0,0,0,0,0,0,0,0,0,0,2,2,2,2,2,2,2,2,2,2,2,2,2,2,2,2,2,2,2,2,2,2,2,2,2],[2,2,2,2,2,2,2,2,2,2,2,2,2,2,2,2,2,2,2,2,2,2,2,2,2,0,0,0,0,0,0,0,0,0,0,2,2,2,2,2,2,2,2,2,2,2,2,2,2,2,2,2,2,2,2,2,2,2,2,2],[2,2,2,2,2,2,2,2,2,2,2,2,2,2,2,2,2,2,2,2,2,2,2,2,2,0,0,0,0,0,0,0,0,0,0,2,2,2,2,2,2,2,2,2,2,2,2,2,2,2,2,2,2,2,2,2,2,2,2,2],[2,2,2,2,2,2,2,2,2,2,2,2,2,2,2,2,2,2,2,2,2,2,2,2,2,0,0,0,0,0,0,0,0,0,0,2,2,2,2,2,2,2,2,2,2,2,2,2,2,2,2,2,2,2,2,2,2,2,2,2],[2,2,2,2,2,2,2,2,2,2,2,2,2,2,2,2,2,2,2,2,2,2,2,2,2,0,0,0,0,0,0,0,0,0,0,2,2,2,2,2,2,2,2,2,2,2,2,2,2,2,2,2,2,2,2,2,2,2,2,2],[2,2,2,2,2,2,2,2,2,2,2,2,2,2,2,2,2,2,2,2,2,2,2,2,2,0,0,0,0,0,0,0,0,0,0,2,2,2,2,2,2,2,2,2,2,2,2,2,2,2,2,2,2,2,2,2,2,2,2,2],[2,2,2,2,2,2,2,2,2,2,2,2,2,2,2,2,2,2,2,2,2,2,2,2,2,0,0,0,0,0,0,0,0,0,0,2,2,2,2,2,2,2,2,2,2,2,2,2,2,2,2,2,2,2,2,2,2,2,2,2],[2,2,2,2,2,2,2,2,2,2,2,2,2,2,2,2,2,2,2,2,2,2,2,2,2,0,0,0,0,0,0,0,0,0,0,2,2,2,2,2,2,2,2,2,2,2,2,2,2,2,2,2,2,2,2,2,2,2,2,2],[2,2,2,2,2,2,2,2,2,2,2,2,2,2,2,2,2,2,2,2,2,2,2,2,2,0,0,0,0,0,0,0,0,0,0,2,2,2,2,2,2,2,2,2,2,2,2,2,2,2,2,2,2,2,2,2,2,2,2,2],[2,2,2,2,2,2,2,2,2,2,2,2,2,2,2,2,2,2,2,2,2,2,2,2,2,0,0,0,0,0,0,0,0,0,0,2,2,2,2,2,2,2,2,2,2,2,2,2,2,2,2,2,2,2,2,2,2,2,2,2],[2,2,2,2,2,2,2,2,2,2,2,2,2,2,2,2,2,2,2,2,2,2,2,2,2,0,0,0,0,0,0,0,0,0,0,2,2,2,2,2,2,2,2,2,2,2,2,2,2,2,2,2,2,2,2,2,2,2,2,2],[2,2,2,2,2,2,2,2,2,2,2,2,2,2,2,2,2,2,2,2,2,2,2,2,2,0,0,0,0,0,0,0,0,0,0,2,2,2,2,2,2,2,2,2,2,2,2,2,2,2,2,2,2,2,2,2,2,2,2,2],[2,2,2,2,2,2,2,2,2,2,2,2,2,2,2,2,2,2,2,2,2,2,2,2,2,0,0,0,0,0,0,0,0,0,0,2,2,2,2,2,2,2,2,2,2,2,2,2,2,2,2,2,2,2,2,2,2,2,2,2],[2,2,2,2,2,2,2,2,2,2,2,2,2,2,2,2,2,2,2,2,2,2,2,2,2,0,0,0,0,0,0,0,0,0,0,2,2,2,2,2,2,2,2,2,2,2,2,2,2,2,2,2,2,2,2,2,2,2,2,2],[2,2,2,2,2,2,2,2,2,2,2,2,2,2,2,2,2,2,2,2,2,2,2,2,2,0,0,0,0,0,0,0,0,0,0,2,2,2,2,2,2,2,2,2,2,2,2,2,2,2,2,2,2,2,2,2,2,2,2,2],[2,2,2,2,2,2,2,2,2,2,2,2,2,2,2,2,2,2,2,2,2,2,2,2,2,0,0,0,0,0,0,0,0,0,0,2,2,2,2,2,2,2,2,2,2,2,2,2,2,2,2,2,2,2,2,2,2,2,2,2],[2,2,2,2,2,2,2,0,0,0,0,0,0,0,0,0,0,0,0,0,0,0,0,0,0,0,0,0,0,0,0,0,0,0,0,0,0,0,0,0,0,0,0,0,0,0,0,0,0,0,0,0,0,2,2,2,2,2,2,2],[2,2,2,2,2,2,2,0,0,0,0,0,0,0,0,0,0,0,0,0,0,0,0,0,0,0,0,0,0,0,0,0,0,0,0,0,0,0,0,0,0,0,0,0,0,0,0,0,0,0,0,0,0,2,2,2,2,2,2,2],[2,2,2,2,2,2,2,0,0,0,0,0,0,0,0,0,0,0,0,0,0,0,0,0,0,0,0,0,0,0,0,0,0,0,0,0,0,0,0,0,0,0,0,0,0,0,0,0,0,0,0,0,0,2,2,2,2,2,2,2],[2,2,2,2,2,2,2,0,0,0,0,0,0,0,0,0,0,0,0,0,0,0,0,0,0,0,0,0,0,0,0,0,0,0,0,0,0,0,0,0,0,0,0,0,0,0,0,0,0,0,0,0,0,2,2,2,2,2,2,2],[2,2,2,2,2,2,2,0,0,0,0,0,0,0,0,0,0,0,0,0,0,0,0,0,0,0,0,0,0,0,0,0,0,0,0,0,0,0,0,0,0,0,0,0,0,0,0,0,0,0,0,0,0,2,2,2,2,2,2,2],[2,2,2,2,2,2,2,0,0,0,0,0,0,0,0,0,0,0,0,0,0,0,0,0,0,0,0,0,0,0,0,0,0,0,0,0,0,0,0,0,0,0,0,0,0,0,0,0,0,0,0,0,0,2,2,2,2,2,2,2],[2,2,2,2,2,2,2,0,0,0,0,0,0,0,0,0,0,0,0,0,0,0,0,0,0,0,0,0,0,0,0,0,0,0,0,0,0,0,0,0,0,0,0,0,0,0,0,0,0,0,0,0,0,2,2,2,2,2,2,2],[2,2,2,2,2,2,2,0,0,0,0,0,0,0,0,0,0,0,0,0,0,0,0,0,0,0,0,0,0,0,0,0,0,0,0,0,0,0,0,0,0,0,0,0,0,0,0,0,0,0,0,0,0,2,2,2,2,2,2,2],[2,2,2,2,2,2,2,0,0,0,0,0,0,0,0,0,0,0,0,0,0,0,0,0,0,0,0,0,0,0,0,0,0,0,0,0,0,0,0,0,0,0,0,0,0,0,0,0,0,0,0,0,0,2,2,2,2,2,2,2],[2,2,2,2,2,2,2,0,0,0,0,0,0,0,0,0,0,0,0,0,0,0,0,0,0,0,0,0,0,0,0,0,0,0,0,0,0,0,0,0,0,0,0,0,0,0,0,0,0,0,0,0,0,2,2,2,2,2,2,2],[2,2,2,2,2,2,2,0,0,0,0,0,0,0,0,0,0,0,0,0,0,0,0,0,0,0,0,0,0,0,0,0,0,0,0,0,0,0,0,0,0,0,0,0,0,0,0,0,0,0,0,0,0,2,2,2,2,2,2,2],[2,2,2,2,2,2,2,0,0,0,0,0,0,0,0,0,0,0,0,0,0,0,0,0,0,0,0,0,0,0,0,0,0,0,0,0,0,0,0,0,0,0,0,0,0,0,0,0,0,0,0,0,0,2,2,2,2,2,2,2],[2,2,2,2,2,2,2,2,2,2,2,2,2,2,2,2,2,2,2,2,2,2,2,2,2,0,0,0,0,0,0,0,0,0,0,2,2,2,2,2,2,2,2,2,2,2,2,2,2,2,2,2,2,2,2,2,2,2,2,2],[2,2,2,2,2,2,2,2,2,2,2,2,2,2,2,2,2,2,2,2,2,2,2,2,2,0,0,0,0,0,0,0,0,0,0,2,2,2,2,2,2,2,2,2,2,2,2,2,2,2,2,2,2,2,2,2,2,2,2,2],[2,2,2,2,2,2,2,2,2,2,2,2,2,2,2,2,2,2,2,2,2,2,2,2,2,0,0,0,0,0,0,0,0,0,0,2,2,2,2,2,2,2,2,2,2,2,2,2,2,2,2,2,2,2,2,2,2,2,2,2],[2,2,2,2,2,2,2,2,2,2,2,2,2,2,2,2,2,2,2,2,2,2,2,2,2,0,0,0,0,0,0,0,0,0,0,2,2,2,2,2,2,2,2,2,2,2,2,2,2,2,2,2,2,2,2,2,2,2,2,2],[2,2,2,2,2,2,2,2,2,2,2,2,2,2,2,2,2,2,2,2,2,2,2,2,2,0,0,0,0,0,0,0,0,0,0,2,2,2,2,2,2,2,2,2,2,2,2,2,2,2,2,2,2,2,2,2,2,2,2,2],[2,2,2,2,2,2,2,2,2,2,2,2,2,2,2,2,2,2,2,2,2,2,2,2,2,0,0,0,0,0,0,0,0,0,0,2,2,2,2,2,2,2,2,2,2,2,2,2,2,2,2,2,2,2,2,2,2,2,2,2],[2,2,2,2,2,2,2,2,2,2,2,2,2,2,2,2,2,2,2,2,2,2,2,2,2,0,0,0,0,0,0,0,0,0,0,2,2,2,2,2,2,2,2,2,2,2,2,2,2,2,2,2,2,2,2,2,2,2,2,2],[2,2,2,2,2,2,2,2,2,2,2,2,2,2,2,2,2,2,2,2,2,2,2,2,2,0,0,0,0,0,0,0,0,0,0,2,2,2,2,2,2,2,2,2,2,2,2,2,2,2,2,2,2,2,2,2,2,2,2,2],[2,2,2,2,2,2,2,2,2,2,2,2,2,2,2,2,2,2,2,2,2,2,2,2,2,0,0,0,0,0,0,0,0,0,0,2,2,2,2,2,2,2,2,2,2,2,2,2,2,2,2,2,2,2,2,2,2,2,2,2],[2,2,2,2,2,2,2,2,2,2,2,2,2,2,2,2,2,2,2,2,2,2,2,2,2,0,0,0,0,0,0,0,0,0,0,2,2,2,2,2,2,2,2,2,2,2,2,2,2,2,2,2,2,2,2,2,2,2,2,2],[2,2,2,2,2,2,2,2,2,2,2,2,2,2,2,2,2,2,2,2,2,2,2,2,2,0,0,0,0,0,0,0,0,0,0,2,2,2,2,2,2,2,2,2,2,2,2,2,2,2,2,2,2,2,2,2,2,2,2,2],[2,2,2,2,2,2,2,2,2,2,2,2,2,2,2,2,2,2,2,2,2,2,2,2,2,0,0,0,0,0,0,0,0,0,0,2,2,2,2,2,2,2,2,2,2,2,2,2,2,2,2,2,2,2,2,2,2,2,2,2],[2,2,2,2,2,2,2,2,2,2,2,2,2,2,2,2,2,2,2,2,2,2,2,2,2,0,0,0,0,0,0,0,0,0,0,2,2,2,2,2,2,2,2,2,2,2,2,2,2,2,2,2,2,2,2,2,2,2,2,2],[2,2,2,2,2,2,2,2,2,2,2,2,2,2,2,2,2,2,2,2,2,2,2,2,2,0,0,0,0,0,0,0,0,0,0,2,2,2,2,2,2,2,2,2,2,2,2,2,2,2,2,2,2,2,2,2,2,2,2,2],[2,2,2,2,2,2,2,2,2,2,2,2,2,2,2,2,2,2,2,2,2,2,2,2,2,0,0,0,0,0,0,0,0,0,0,2,2,2,2,2,2,2,2,2,2,2,2,2,2,2,2,2,2,2,2,2,2,2,2,2],[2,2,2,2,2,2,2,2,2,2,2,2,2,2,2,2,2,2,2,2,2,2,2,2,2,0,0,0,0,0,0,0,0,0,0,2,2,2,2,2,2,2,2,2,2,2,2,2,2,2,2,2,2,2,2,2,2,2,2,2],[2,2,2,2,2,2,2,2,2,2,2,2,2,2,2,2,2,2,2,2,2,2,2,2,2,0,0,0,0,0,0,0,0,0,0,2,2,2,2,2,2,2,2,2,2,2,2,2,2,2,2,2,2,2,2,2,2,2,2,2],[2,2,2,2,2,2,2,2,2,2,2,2,2,2,2,2,2,2,2,2,2,2,2,2,2,0,0,0,0,0,0,0,0,0,0,2,2,2,2,2,2,2,2,2,2,2,2,2,2,2,2,2,2,2,2,2,2,2,2,2],[2,2,2,2,2,2,2,2,2,2,2,2,2,2,2,2,2,2,2,2,2,2,2,2,2,2,2,2,2,2,2,2,2,2,2,2,2,2,2,2,2,2,2,2,2,2,2,2,2,2,2,2,2,2,2,2,2,2,2,2],[2,2,2,2,2,2,2,2,2,2,2,2,2,2,2,2,2,2,2,2,2,2,2,2,2,2,2,2,2,2,2,2,2,2,2,2,2,2,2,2,2,2,2,2,2,2,2,2,2,2,2,2,2,2,2,2,2,2,2,2],[2,2,2,2,2,2,2,2,2,2,2,2,2,2,2,2,2,2,2,2,2,2,2,2,2,2,2,2,2,2,2,2,2,2,2,2,2,2,2,2,2,2,2,2,2,2,2,2,2,2,2,2,2,2,2,2,2,2,2,2],[2,2,2,2,2,2,2,2,2,2,2,2,2,2,2,2,2,2,2,2,2,2,2,2,2,2,2,2,2,2,2,2,2,2,2,2,2,2,2,2,2,2,2,2,2,2,2,2,2,2,2,2,2,2,2,2,2,2,2,2],[2,2,2,2,2,2,2,2,2,2,2,2,2,2,2,2,2,2,2,2,2,2,2,2,2,2,2,2,2,2,2,2,2,2,2,2,2,2,2,2,2,2,2,2,2,2,2,2,2,2,2,2,2,2,2,2,2,2,2,2],[2,2,2,2,2,2,2,2,2,2,2,2,2,2,2,2,2,2,2,2,2,2,2,2,2,2,2,2,2,2,2,2,2,2,2,2,2,2,2,2,2,2,2,2,2,2,2,2,2,2,2,2,2,2,2,2,2,2,2,2],[2,2,2,2,2,2,2,2,2,2,2,2,2,2,2,2,2,2,2,2,2,2,2,2,2,2,2,2,2,2,2,2,2,2,2,2,2,2,2,2,2,2,2,2,2,2,2,2,2,2,2,2,2,2,2,2,2,2,2,2]]},{"id":6,"type":"Navigation","name":"Navigation","level":"0","width":60,"height":60,"visible":1,"tilesetName":"media\/map\/pathmap-tiles.png","repeat":false,"distance":1,"yDistance":0,"tilesize":16,"moveSpeed":{"x":0,"y":0},"data":[[0,0,0,0,0,0,0,0,0,0,0,0,0,0,0,0,0,0,0,0,0,0,0,0,0,0,0,0,0,0,0,0,0,0,0,0,0,0,0,0,0,0,0,0,0,0,0,0,0,0,0,0,0,0,0,0,0,0,0,0],[0,0,0,0,0,0,0,0,0,0,0,0,0,0,0,0,0,0,0,0,0,0,0,0,0,0,0,0,0,0,0,0,0,0,0,0,0,0,0,0,0,0,0,0,0,0,0,0,0,0,0,0,0,0,0,0,0,0,0,0],[0,0,0,0,0,0,0,0,0,0,0,0,0,0,0,0,0,0,0,0,0,0,0,0,0,0,0,0,0,0,0,0,0,0,0,0,0,0,0,0,0,0,0,0,0,0,0,0,0,0,0,0,0,0,0,0,0,0,0,0],[0,0,0,0,0,0,0,0,0,0,0,0,0,0,0,0,0,0,0,0,0,0,0,0,0,0,0,0,0,0,0,0,0,0,0,0,0,0,0,0,0,0,0,0,0,0,0,0,0,0,0,0,0,0,0,0,0,0,0,0],[0,0,0,0,0,0,0,0,0,0,0,0,0,0,0,0,0,0,0,0,0,0,0,0,0,0,0,0,0,2,2,0,0,0,0,0,0,0,0,0,0,0,0,0,0,0,0,0,0,0,0,0,0,0,0,0,0,0,0,0],[0,0,0,0,0,0,0,0,0,0,0,0,0,0,0,0,0,0,0,0,0,0,0,0,0,2,2,0,2,2,2,2,0,2,2,0,0,0,0,0,0,0,0,0,0,0,0,0,0,0,0,0,0,0,0,0,0,0,0,0],[0,0,0,0,0,0,0,0,0,0,0,0,0,0,0,0,0,0,0,0,0,0,0,0,0,1,1,1,1,1,1,1,1,1,1,0,0,0,0,0,0,0,0,0,0,0,0,0,0,0,0,0,0,0,0,0,0,0,0,0],[0,0,0,0,0,0,0,0,0,0,0,0,0,0,0,0,0,0,0,0,0,0,0,0,0,1,1,1,1,1,1,1,1,1,1,0,0,0,0,0,0,0,0,0,0,0,0,0,0,0,0,0,0,0,0,0,0,0,0,0],[0,0,0,0,0,0,0,0,0,0,0,0,0,0,0,0,0,0,0,0,0,0,0,0,0,1,1,1,1,1,1,1,1,1,1,0,0,0,0,0,0,0,0,0,0,0,0,0,0,0,0,0,0,0,0,0,0,0,0,0],[0,0,0,0,0,0,0,0,0,0,0,0,0,0,0,0,0,0,0,0,0,0,0,0,0,1,1,1,1,1,1,1,1,1,1,0,0,0,0,0,0,0,0,0,0,0,0,0,0,0,0,0,0,0,0,0,0,0,0,0],[0,0,0,0,0,0,0,0,0,0,0,0,0,0,0,0,0,0,0,0,0,0,0,0,0,2,2,0,2,2,2,2,0,2,2,0,0,0,0,0,0,0,0,0,0,0,0,0,0,0,0,0,0,0,0,0,0,0,0,0],[0,0,0,0,0,0,0,0,0,0,0,0,0,0,0,0,0,0,0,0,0,0,0,0,0,1,1,1,1,1,1,1,1,1,1,0,0,0,0,0,0,0,0,0,0,0,0,0,0,0,0,0,0,0,0,0,0,0,0,0],[0,0,0,0,0,0,0,0,0,0,0,0,0,0,0,0,0,0,0,0,0,0,0,0,0,1,1,1,1,1,1,1,1,1,1,0,0,0,0,0,0,0,0,0,0,0,0,0,0,0,0,0,0,0,0,0,0,0,0,0],[0,0,0,0,0,0,0,0,0,0,0,0,0,0,0,0,0,0,0,0,0,0,0,0,0,1,1,1,1,1,1,1,1,1,1,0,0,0,0,0,0,0,0,0,0,0,0,0,0,0,0,0,0,0,0,0,0,0,0,0],[0,0,0,0,0,0,0,0,0,0,0,0,0,0,0,0,0,0,0,0,0,0,0,0,0,1,1,1,1,1,1,1,1,1,1,0,0,0,0,0,0,0,0,0,0,0,0,0,0,0,0,0,0,0,0,0,0,0,0,0],[0,0,0,0,0,0,0,0,0,0,0,0,0,0,0,0,0,0,0,0,0,0,0,0,0,1,1,1,1,1,1,1,1,1,1,0,0,0,0,0,0,0,0,0,0,0,0,0,0,0,0,0,0,0,0,0,0,0,0,0],[0,0,0,0,0,0,0,0,0,0,0,0,0,0,0,0,0,0,0,0,0,0,0,0,0,2,2,0,2,2,2,2,0,2,2,0,0,0,0,0,0,0,0,0,0,0,0,0,0,0,0,0,0,0,0,0,0,0,0,0],[0,0,0,0,0,0,0,0,0,0,0,0,0,0,0,0,0,0,0,0,0,0,0,0,0,1,1,1,1,1,1,1,1,1,1,0,0,0,0,0,0,0,0,0,0,0,0,0,0,0,0,0,0,0,0,0,0,0,0,0],[0,0,0,0,0,0,0,0,0,0,0,0,0,0,0,0,0,0,0,0,0,0,0,0,0,1,1,1,1,1,1,1,1,1,1,0,0,0,0,0,0,0,0,0,0,0,0,0,0,0,0,0,0,0,0,0,0,0,0,0],[0,0,0,0,0,0,0,0,0,0,0,0,0,0,0,0,0,0,0,0,0,0,0,0,0,1,1,1,1,1,1,1,1,1,1,0,0,0,0,0,0,0,0,0,0,0,0,0,0,0,0,0,0,0,0,0,0,0,0,0],[0,0,0,0,0,0,0,0,0,0,0,0,0,0,0,0,0,0,0,0,0,0,0,0,0,1,1,1,1,1,1,1,1,1,1,0,0,0,0,0,0,0,0,0,0,0,0,0,0,0,0,0,0,0,0,0,0,0,0,0],[0,0,0,0,0,0,0,0,0,0,0,0,0,0,0,0,0,0,0,0,0,0,0,0,0,1,1,1,1,1,1,1,1,1,1,0,0,0,0,0,0,0,0,0,0,0,0,0,0,0,0,0,0,0,0,0,0,0,0,0],[0,0,0,0,0,0,0,0,0,0,0,0,0,0,0,0,0,0,0,0,0,0,0,0,0,2,2,0,2,2,2,2,0,2,2,0,0,0,0,0,0,0,0,0,0,0,0,0,0,0,0,0,0,0,0,0,0,0,0,0],[0,0,0,0,0,0,0,0,0,0,0,2,2,2,2,2,3,2,2,2,2,2,2,0,2,3,3,3,3,3,3,3,3,3,3,2,0,2,2,2,2,2,2,3,2,2,2,2,2,2,2,0,2,0,0,0,0,0,0,0],[0,0,0,0,0,0,0,2,2,1,1,1,1,1,1,1,3,1,1,1,1,1,1,1,1,3,3,3,3,3,3,3,3,3,3,1,1,1,1,1,1,1,1,3,2,2,2,2,2,2,2,0,2,0,0,0,0,0,0,0],[0,0,0,0,0,0,0,2,2,1,1,1,1,1,1,1,3,1,1,1,1,1,1,1,1,3,3,3,3,3,3,3,3,3,3,1,1,1,1,1,1,1,1,3,1,1,1,1,1,1,1,1,1,0,0,0,0,0,0,0],[0,0,0,0,0,0,0,2,2,1,1,1,1,1,1,1,3,1,1,1,1,1,1,1,1,3,3,3,3,3,3,3,3,3,3,1,1,1,1,1,1,1,1,3,1,1,1,1,1,1,1,1,1,0,0,0,0,0,0,0],[0,0,0,0,0,0,0,2,2,1,1,1,1,1,1,1,3,1,1,1,1,1,1,1,1,3,3,3,3,3,3,3,3,3,3,1,1,1,1,1,1,1,1,3,1,1,1,1,1,1,1,1,1,0,0,0,0,0,0,0],[0,0,0,0,0,0,0,2,2,1,1,1,1,1,1,1,0,1,1,1,1,1,1,1,1,0,2,2,2,2,2,2,2,2,0,1,1,1,1,1,1,1,1,0,1,1,1,1,1,1,1,1,1,0,0,0,0,0,0,0],[0,0,0,0,0,0,0,2,2,1,1,1,1,1,1,1,2,1,1,1,1,1,1,1,1,3,3,3,3,3,3,3,3,3,3,1,1,1,1,1,1,1,1,3,1,1,1,1,1,1,1,1,1,0,0,0,0,0,0,0],[0,0,0,0,0,0,0,2,2,1,1,1,1,1,1,1,2,1,1,1,1,1,1,1,1,3,3,3,3,3,3,3,3,3,3,1,1,1,1,1,1,1,1,3,1,1,1,1,1,1,1,1,1,0,0,0,0,0,0,0],[0,0,0,0,0,0,0,2,2,1,1,1,1,1,1,1,2,1,1,1,1,1,1,1,1,3,3,3,3,3,3,3,3,3,3,1,1,1,1,1,1,1,1,3,1,1,1,1,1,1,1,1,1,0,0,0,0,0,0,0],[0,0,0,0,0,0,0,2,2,1,1,1,1,1,1,1,2,1,1,1,1,1,1,1,1,3,3,3,3,3,3,3,3,3,3,1,1,1,1,1,1,1,1,3,1,1,1,1,1,1,1,1,1,0,0,0,0,0,0,0],[0,0,0,0,0,0,0,0,0,1,1,1,1,1,1,1,2,1,1,1,1,1,1,1,1,3,3,3,3,3,3,3,3,3,3,1,1,1,1,1,1,1,1,3,1,1,1,1,1,1,1,1,1,0,0,0,0,0,0,0],[0,0,0,0,0,0,0,0,0,1,1,1,1,1,1,1,2,3,3,3,3,3,3,0,3,2,2,0,2,2,2,2,0,2,2,3,0,2,2,2,2,2,2,3,2,2,2,2,2,2,2,0,2,0,0,0,0,0,0,0],[0,0,0,0,0,0,0,0,0,0,0,0,0,0,0,0,0,0,0,0,0,0,0,0,0,1,1,1,1,1,1,1,1,1,1,0,0,0,0,0,0,0,0,0,0,0,0,0,0,0,0,0,0,0,0,0,0,0,0,0],[0,0,0,0,0,0,0,0,0,0,0,0,0,0,0,0,0,0,0,0,0,0,0,0,0,1,1,1,1,1,1,1,1,1,1,0,0,0,0,0,0,0,0,0,0,0,0,0,0,0,0,0,0,0,0,0,0,0,0,0],[0,0,0,0,0,0,0,0,0,0,0,0,0,0,0,0,0,0,0,0,0,0,0,0,0,1,1,1,1,1,1,1,1,1,1,0,0,0,0,0,0,0,0,0,0,0,0,0,0,0,0,0,0,0,0,0,0,0,0,0],[0,0,0,0,0,0,0,0,0,0,0,0,0,0,0,0,0,0,0,0,0,0,0,0,0,1,1,1,1,1,1,1,1,1,1,0,0,0,0,0,0,0,0,0,0,0,0,0,0,0,0,0,0,0,0,0,0,0,0,0],[0,0,0,0,0,0,0,0,0,0,0,0,0,0,0,0,0,0,0,0,0,0,0,0,0,1,1,1,1,1,1,1,1,1,1,0,0,0,0,0,0,0,0,0,0,0,0,0,0,0,0,0,0,0,0,0,0,0,0,0],[0,0,0,0,0,0,0,0,0,0,0,0,0,0,0,0,0,0,0,0,0,0,0,0,0,2,2,0,2,2,2,2,0,2,2,0,0,0,0,0,0,0,0,0,0,0,0,0,0,0,0,0,0,0,0,0,0,0,0,0],[0,0,0,0,0,0,0,0,0,0,0,0,0,0,0,0,0,0,0,0,0,0,0,0,0,1,1,1,1,1,1,1,1,1,1,0,0,0,0,0,0,0,0,0,0,0,0,0,0,0,0,0,0,0,0,0,0,0,0,0],[0,0,0,0,0,0,0,0,0,0,0,0,0,0,0,0,0,0,0,0,0,0,0,0,0,1,1,1,1,1,1,1,1,1,1,0,0,0,0,0,0,0,0,0,0,0,0,0,0,0,0,0,0,0,0,0,0,0,0,0],[0,0,0,0,0,0,0,0,0,0,0,0,0,0,0,0,0,0,0,0,0,0,0,0,0,1,1,1,1,1,1,1,1,1,1,0,0,0,0,0,0,0,0,0,0,0,0,0,0,0,0,0,0,0,0,0,0,0,0,0],[0,0,0,0,0,0,0,0,0,0,0,0,0,0,0,0,0,0,0,0,0,0,0,0,0,1,1,1,1,1,1,1,1,1,1,0,0,0,0,0,0,0,0,0,0,0,0,0,0,0,0,0,0,0,0,0,0,0,0,0],[0,0,0,0,0,0,0,0,0,0,0,0,0,0,0,0,0,0,0,0,0,0,0,0,0,1,1,1,1,1,1,1,1,1,1,0,0,0,0,0,0,0,0,0,0,0,0,0,0,0,0,0,0,0,0,0,0,0,0,0],[0,0,0,0,0,0,0,0,0,0,0,0,0,0,0,0,0,0,0,0,0,0,0,0,0,2,2,0,2,2,2,2,0,2,2,0,0,0,0,0,0,0,0,0,0,0,0,0,0,0,0,0,0,0,0,0,0,0,0,0],[0,0,0,0,0,0,0,0,0,0,0,0,0,0,0,0,0,0,0,0,0,0,0,0,0,1,1,1,1,1,1,1,1,1,1,0,0,0,0,0,0,0,0,0,0,0,0,0,0,0,0,0,0,0,0,0,0,0,0,0],[0,0,0,0,0,0,0,0,0,0,0,0,0,0,0,0,0,0,0,0,0,0,0,0,0,1,1,1,1,1,1,1,1,1,1,0,0,0,0,0,0,0,0,0,0,0,0,0,0,0,0,0,0,0,0,0,0,0,0,0],[0,0,0,0,0,0,0,0,0,0,0,0,0,0,0,0,0,0,0,0,0,0,0,0,0,1,1,1,1,1,1,1,1,1,1,0,0,0,0,0,0,0,0,0,0,0,0,0,0,0,0,0,0,0,0,0,0,0,0,0],[0,0,0,0,0,0,0,0,0,0,0,0,0,0,0,0,0,0,0,0,0,0,0,0,0,1,1,1,1,1,1,1,1,1,1,0,0,0,0,0,0,0,0,0,0,0,0,0,0,0,0,0,0,0,0,0,0,0,0,0],[0,0,0,0,0,0,0,0,0,0,0,0,0,0,0,0,0,0,0,0,0,0,0,0,0,1,1,1,1,1,1,1,1,1,1,0,0,0,0,0,0,0,0,0,0,0,0,0,0,0,0,0,0,0,0,0,0,0,0,0],[0,0,0,0,0,0,0,0,0,0,0,0,0,0,0,0,0,0,0,0,0,0,0,0,0,2,2,0,2,2,2,2,0,2,2,0,0,0,0,0,0,0,0,0,0,0,0,0,0,0,0,0,0,0,0,0,0,0,0,0],[0,0,0,0,0,0,0,0,0,0,0,0,0,0,0,0,0,0,0,0,0,0,0,0,0,0,0,0,0,0,0,0,0,0,0,0,0,0,0,0,0,0,0,0,0,0,0,0,0,0,0,0,0,0,0,0,0,0,0,0],[0,0,0,0,0,0,0,0,0,0,0,0,0,0,0,0,0,0,0,0,0,0,0,0,0,0,0,0,0,0,0,0,0,0,0,0,0,0,0,0,0,0,0,0,0,0,0,0,0,0,0,0,0,0,0,0,0,0,0,0],[0,0,0,0,0,0,0,0,0,0,0,0,0,0,0,0,0,0,0,0,0,0,0,0,0,0,0,0,0,0,0,0,0,0,0,0,0,0,0,0,0,0,0,0,0,0,0,0,0,0,0,0,0,0,0,0,0,0,0,0],[0,0,0,0,0,0,0,0,0,0,0,0,0,0,0,0,0,0,0,0,0,0,0,0,0,0,0,0,0,0,0,0,0,0,0,0,0,0,0,0,0,0,0,0,0,0,0,0,0,0,0,0,0,0,0,0,0,0,0,0],[0,0,0,0,0,0,0,0,0,0,0,0,0,0,0,0,0,0,0,0,0,0,0,0,0,0,0,0,0,0,0,0,0,0,0,0,0,0,0,0,0,0,0,0,0,0,0,0,0,0,0,0,0,0,0,0,0,0,0,0],[0,0,0,0,0,0,0,0,0,0,0,0,0,0,0,0,0,0,0,0,0,0,0,0,0,0,0,0,0,0,0,0,0,0,0,0,0,0,0,0,0,0,0,0,0,0,0,0,0,0,0,0,0,0,0,0,0,0,0,0],[0,0,0,0,0,0,0,0,0,0,0,0,0,0,0,0,0,0,0,0,0,0,0,0,0,0,0,0,0,0,0,0,0,0,0,0,0,0,0,0,0,0,0,0,0,0,0,0,0,0,0,0,0,0,0,0,0,0,0,0]]},{"id":1,"type":"Background","name":"Bars","level":"last","width":60,"height":60,"visible":1,"tilesetName":"media\/map\/old-hideout-inner.png","repeat":false,"distance":"1","tilesize":16,"moveSpeed":{"x":0,"y":0},"data":[[0,0,0,0,0,0,0,0,0,0,0,0,0,0,0,0,0,0,0,0,0,0,0,0,0,0,274,0,0,0,0,0,0,274,0,0,0,0,0,0,0,0,0,0,0,0,0,0,0,0,0,0,0,0,0,0,0,0,0,0],[0,0,0,0,0,0,0,0,0,0,0,0,0,0,0,0,0,0,0,0,0,0,0,0,0,0,147,0,0,0,0,0,0,147,0,0,0,0,0,0,0,0,0,0,0,0,0,0,0,0,0,0,0,0,0,0,0,0,0,0],[0,0,0,0,0,0,0,0,0,0,0,0,0,0,0,0,0,0,0,0,0,0,0,0,0,0,147,0,0,0,0,0,0,147,0,0,0,0,0,0,0,0,0,0,0,0,0,0,0,0,0,0,0,0,0,0,0,0,0,0],[0,0,0,0,0,0,0,0,0,0,0,0,0,0,0,0,0,0,0,0,0,0,0,0,0,0,147,0,0,0,0,0,0,147,0,0,0,0,0,0,0,0,0,0,0,0,0,0,0,0,0,0,0,0,0,0,0,0,0,0],[0,0,0,0,0,0,0,0,0,0,0,0,0,0,0,0,0,0,0,0,0,0,0,0,0,0,147,0,0,0,0,0,0,147,0,0,0,0,0,0,0,0,0,0,0,0,0,0,0,0,0,0,0,0,0,0,0,0,0,0],[0,0,0,0,0,0,0,0,0,0,0,0,0,0,0,0,0,0,0,0,0,0,0,0,0,0,147,0,0,0,0,0,0,147,0,0,0,0,0,0,0,0,0,0,0,0,0,0,0,0,0,0,0,0,0,0,0,0,0,0],[0,0,0,0,0,0,0,0,0,0,0,0,0,0,0,0,0,0,0,0,0,0,0,0,0,144,146,142,144,144,144,144,142,146,144,0,0,0,0,0,0,0,0,0,0,0,0,0,0,0,0,0,0,0,0,0,0,0,0,0],[0,0,0,0,0,0,0,0,0,0,0,0,0,0,0,0,0,0,0,0,0,0,0,0,0,176,178,174,302,303,304,305,174,178,176,0,0,0,0,0,0,0,0,0,0,0,0,0,0,0,0,0,0,0,0,0,0,0,0,0],[0,0,0,0,0,0,0,0,0,0,0,0,0,0,0,0,0,0,0,0,0,0,0,0,0,0,147,0,0,335,336,0,0,147,0,0,0,0,0,0,0,0,0,0,0,0,0,0,0,0,0,0,0,0,0,0,0,0,0,0],[0,0,0,0,0,0,0,0,0,0,0,0,0,0,0,0,0,0,0,0,0,0,0,0,0,0,147,0,0,0,0,0,0,147,0,0,0,0,0,0,0,0,0,0,0,0,0,0,0,0,0,0,0,0,0,0,0,0,0,0],[0,0,0,0,0,0,0,0,0,0,0,0,0,0,0,0,0,0,0,0,0,0,0,0,0,0,147,0,0,0,0,0,0,147,0,0,0,0,0,0,0,0,0,0,0,0,0,0,0,0,0,0,0,0,0,0,0,0,0,0],[0,0,0,0,0,0,0,0,0,0,0,0,0,0,0,0,0,0,0,0,0,0,0,0,0,0,147,0,0,0,0,0,0,147,0,0,0,0,0,0,0,0,0,0,0,0,0,0,0,0,0,0,0,0,0,0,0,0,0,0],[0,0,0,0,0,0,0,0,0,0,0,0,0,0,0,0,0,0,0,0,0,0,0,0,0,144,146,142,144,144,144,144,142,146,144,0,0,0,0,0,0,0,0,0,0,0,0,0,0,0,0,0,0,0,0,0,0,0,0,0],[0,0,0,0,0,0,0,0,0,0,0,0,0,0,0,0,0,0,0,0,0,0,0,0,0,176,178,174,176,176,176,176,174,178,176,0,0,0,0,0,0,0,0,0,0,0,0,0,0,0,0,0,0,0,0,0,0,0,0,0],[0,0,0,0,0,0,0,0,0,0,0,0,0,0,0,0,0,0,0,0,0,0,0,0,0,0,147,0,0,0,0,0,0,147,0,0,0,0,0,0,0,0,0,0,0,0,0,0,0,0,0,0,0,0,0,0,0,0,0,0],[0,0,0,0,0,0,0,0,0,0,0,0,0,0,0,0,0,0,0,0,0,0,0,0,0,0,147,0,0,0,0,0,0,147,0,0,0,0,0,0,0,0,0,0,0,0,0,0,0,0,0,0,0,0,0,0,0,0,0,0],[0,0,0,0,0,0,0,0,0,0,0,0,0,0,0,0,0,0,0,0,0,0,0,0,0,0,147,0,0,0,0,0,0,147,0,0,0,0,0,0,0,0,0,0,0,0,0,0,0,0,0,0,0,0,0,0,0,0,0,0],[0,0,0,0,0,0,0,0,0,0,0,0,0,0,0,0,0,0,0,0,0,0,0,0,0,0,147,0,0,0,0,0,0,147,0,0,0,0,0,0,0,0,0,0,0,0,0,0,0,0,0,0,0,0,0,0,0,0,0,0],[0,0,0,0,0,0,0,0,0,0,0,0,0,0,0,0,0,0,0,0,0,0,0,0,12,144,146,142,143,144,144,143,142,146,144,12,0,0,0,0,0,0,0,0,0,0,0,0,0,0,0,0,0,0,0,0,0,0,0,0],[0,0,0,0,0,0,0,0,0,0,0,0,0,0,0,0,0,0,0,0,0,0,0,0,0,176,178,174,302,303,304,305,174,178,176,0,0,0,0,0,0,0,0,0,0,0,0,0,0,0,0,0,0,0,0,0,0,0,0,0],[0,0,0,0,0,0,0,0,0,0,0,0,0,0,0,0,0,0,0,0,0,0,0,0,0,0,147,0,0,335,336,0,0,147,0,0,0,0,0,0,0,0,0,0,0,0,0,0,0,0,0,0,0,0,0,0,0,0,0,0],[0,0,0,0,0,0,0,0,0,0,0,0,0,0,0,0,0,0,0,0,0,0,0,0,0,0,147,0,0,0,0,0,0,147,0,0,0,0,0,0,0,0,0,0,0,0,0,0,0,0,0,0,0,0,0,0,0,0,0,0],[0,0,0,0,0,0,0,0,0,0,0,0,0,0,0,0,0,0,0,0,0,0,0,0,0,0,147,0,0,0,0,0,0,147,0,0,0,0,0,0,0,0,0,0,0,0,0,0,0,0,0,0,0,0,0,0,0,0,0,0],[0,0,0,0,0,0,0,0,0,0,0,0,0,0,0,0,0,0,0,0,0,0,0,0,0,0,147,0,0,0,0,0,0,147,0,0,0,0,0,0,0,0,0,0,0,0,0,0,0,0,0,0,0,0,0,0,0,0,0,0],[0,0,0,0,0,0,0,144,144,144,144,144,144,144,144,144,142,144,144,143,144,144,143,144,144,142,146,144,144,144,144,144,144,146,142,144,144,143,144,144,143,144,144,144,144,144,144,144,144,144,144,144,144,0,0,0,0,0,0,0],[0,0,0,0,0,0,0,176,176,176,302,303,304,305,176,176,174,176,176,302,303,304,305,176,176,174,178,176,302,303,304,305,176,178,174,176,176,302,303,304,305,176,176,174,176,176,176,302,303,304,305,176,176,0,0,0,0,0,0,0],[0,0,0,0,0,0,0,0,0,0,0,335,336,0,0,0,0,0,0,0,335,336,0,0,0,0,147,0,0,335,336,0,0,147,0,0,0,0,335,336,0,0,0,0,0,0,0,0,335,336,0,0,0,0,0,0,0,0,0,0],[0,0,0,0,0,0,0,0,0,0,0,0,0,0,0,0,0,0,0,0,0,0,0,0,0,0,147,0,0,0,0,0,0,147,0,0,0,0,0,0,0,0,0,0,0,0,0,0,0,0,0,0,0,0,0,0,0,0,0,0],[0,0,0,0,0,0,0,0,0,0,0,0,0,0,0,0,0,0,0,0,0,0,0,0,0,0,147,0,0,0,0,0,0,147,0,0,0,0,0,0,0,0,0,0,0,0,0,0,0,0,0,0,0,0,0,0,0,0,0,0],[0,0,0,0,0,0,0,0,0,0,0,0,0,0,0,0,0,0,0,0,0,0,0,0,0,0,147,0,0,0,0,0,0,147,0,0,0,0,0,0,0,0,0,0,0,0,0,0,0,0,0,0,0,0,0,0,0,0,0,0],[0,0,0,0,0,0,0,144,144,144,144,144,144,144,144,144,144,144,144,144,144,144,144,144,144,144,146,142,143,144,144,143,142,146,144,144,144,144,144,144,144,144,144,144,144,144,144,144,144,144,144,144,144,0,0,0,0,0,0,0],[0,0,0,0,0,0,0,307,307,307,307,307,307,307,307,307,307,307,307,307,307,307,307,307,307,305,178,174,302,303,304,305,174,178,176,302,307,307,307,307,307,307,307,307,307,307,307,307,307,307,307,307,307,0,0,0,0,0,0,0],[0,0,0,0,0,0,0,0,0,0,0,0,0,0,0,0,0,0,0,0,0,0,0,0,0,0,147,0,0,335,336,0,0,147,0,0,0,0,0,0,0,0,0,0,0,0,0,0,0,0,0,0,0,0,0,0,0,0,0,0],[0,0,0,0,0,0,0,0,0,0,0,0,0,0,0,0,0,0,0,0,0,0,0,0,0,0,147,0,0,0,0,0,0,147,0,0,0,0,0,0,0,0,0,0,0,0,0,0,0,0,0,0,0,0,0,0,0,0,0,0],[0,0,0,0,0,0,0,0,0,0,0,0,0,0,0,0,0,0,0,0,0,0,0,0,0,0,147,0,0,0,0,0,0,147,0,0,0,0,0,0,0,0,0,0,0,0,0,0,0,0,0,0,0,0,0,0,0,0,0,0],[0,0,0,0,0,0,0,0,0,0,0,0,0,0,0,0,0,0,0,0,0,0,0,0,0,0,147,0,0,0,0,0,0,147,0,0,0,0,0,0,0,0,0,0,0,0,0,0,0,0,0,0,0,0,0,0,0,0,0,0],[0,0,0,0,0,0,0,0,0,0,0,0,0,0,0,0,0,0,0,0,0,0,0,0,0,144,146,142,144,144,144,144,142,146,144,0,0,0,0,0,0,0,0,0,0,0,0,0,0,0,0,0,0,0,0,0,0,0,0,0],[0,0,0,0,0,0,0,0,0,0,0,0,0,0,0,0,0,0,0,0,0,0,0,0,0,176,178,174,176,176,176,176,174,178,176,0,0,0,0,0,0,0,0,0,0,0,0,0,0,0,0,0,0,0,0,0,0,0,0,0],[0,0,0,0,0,0,0,0,0,0,0,0,0,0,0,0,0,0,0,0,0,0,0,0,0,0,147,0,0,0,0,0,0,147,0,0,0,0,0,0,0,0,0,0,0,0,0,0,0,0,0,0,0,0,0,0,0,0,0,0],[0,0,0,0,0,0,0,0,0,0,0,0,0,0,0,0,0,0,0,0,0,0,0,0,0,0,147,0,0,0,0,0,0,147,0,0,0,0,0,0,0,0,0,0,0,0,0,0,0,0,0,0,0,0,0,0,0,0,0,0],[0,0,0,0,0,0,0,0,0,0,0,0,0,0,0,0,0,0,0,0,0,0,0,0,0,0,147,0,0,0,0,0,0,147,0,0,0,0,0,0,0,0,0,0,0,0,0,0,0,0,0,0,0,0,0,0,0,0,0,0],[0,0,0,0,0,0,0,0,0,0,0,0,0,0,0,0,0,0,0,0,0,0,0,0,0,0,147,0,0,0,0,0,0,147,0,0,0,0,0,0,0,0,0,0,0,0,0,0,0,0,0,0,0,0,0,0,0,0,0,0],[0,0,0,0,0,0,0,0,0,0,0,0,0,0,0,0,0,0,0,0,0,0,0,0,0,143,146,142,143,144,144,143,142,146,143,0,0,0,0,0,0,0,0,0,0,0,0,0,0,0,0,0,0,0,0,0,0,0,0,0],[0,0,0,0,0,0,0,0,0,0,0,0,0,0,0,0,0,0,0,0,0,0,0,0,0,176,178,174,302,303,304,305,174,178,176,0,0,0,0,0,0,0,0,0,0,0,0,0,0,0,0,0,0,0,0,0,0,0,0,0],[0,0,0,0,0,0,0,0,0,0,0,0,0,0,0,0,0,0,0,0,0,0,0,0,0,0,147,0,0,335,336,0,0,147,0,0,0,0,0,0,0,0,0,0,0,0,0,0,0,0,0,0,0,0,0,0,0,0,0,0],[0,0,0,0,0,0,0,0,0,0,0,0,0,0,0,0,0,0,0,0,0,0,0,0,0,0,147,0,0,0,0,0,0,147,0,0,0,0,0,0,0,0,0,0,0,0,0,0,0,0,0,0,0,0,0,0,0,0,0,0],[0,0,0,0,0,0,0,0,0,0,0,0,0,0,0,0,0,0,0,0,0,0,0,0,0,0,147,0,0,0,0,0,0,147,0,0,0,0,0,0,0,0,0,0,0,0,0,0,0,0,0,0,0,0,0,0,0,0,0,0],[0,0,0,0,0,0,0,0,0,0,0,0,0,0,0,0,0,0,0,0,0,0,0,0,0,0,147,0,0,0,0,0,0,147,0,0,0,0,0,0,0,0,0,0,0,0,0,0,0,0,0,0,0,0,0,0,0,0,0,0],[0,0,0,0,0,0,0,0,0,0,0,0,0,0,0,0,0,0,0,0,0,0,0,0,0,143,146,143,144,144,144,143,142,146,143,0,0,0,0,0,0,0,0,0,0,0,0,0,0,0,0,0,0,0,0,0,0,0,0,0],[0,0,0,0,0,0,0,0,0,0,0,0,0,0,0,0,0,0,0,0,0,0,0,0,0,176,178,302,307,307,307,307,305,178,176,0,0,0,0,0,0,0,0,0,0,0,0,0,0,0,0,0,0,0,0,0,0,0,0,0],[0,0,0,0,0,0,0,0,0,0,0,0,0,0,0,0,0,0,0,0,0,0,0,0,0,0,147,0,0,0,0,0,0,147,0,0,0,0,0,0,0,0,0,0,0,0,0,0,0,0,0,0,0,0,0,0,0,0,0,0],[0,0,0,0,0,0,0,0,0,0,0,0,0,0,0,0,0,0,0,0,0,0,0,0,0,0,147,0,0,0,0,0,0,147,0,0,0,0,0,0,0,0,0,0,0,0,0,0,0,0,0,0,0,0,0,0,0,0,0,0],[0,0,0,0,0,0,0,0,0,0,0,0,0,0,0,0,0,0,0,0,0,0,0,0,0,0,147,0,0,0,0,0,0,147,0,0,0,0,0,0,0,0,0,0,0,0,0,0,0,0,0,0,0,0,0,0,0,0,0,0],[0,0,0,0,0,0,0,0,0,0,0,0,0,0,0,0,0,0,0,0,0,0,0,0,0,0,0,0,0,0,0,0,0,0,0,0,0,0,0,0,0,0,0,0,0,0,0,0,0,0,0,0,0,0,0,0,0,0,0,0],[0,0,0,0,0,0,0,0,0,0,0,0,0,0,0,0,0,0,0,0,0,0,0,0,0,0,0,0,0,0,0,0,0,0,0,0,0,0,0,0,0,0,0,0,0,0,0,0,0,0,0,0,0,0,0,0,0,0,0,0],[0,0,0,0,0,0,0,0,0,0,0,0,0,0,0,0,0,0,0,0,0,0,0,0,0,0,0,0,0,0,0,0,0,0,0,0,0,0,0,0,0,0,0,0,0,0,0,0,0,0,0,0,0,0,0,0,0,0,0,0],[0,0,0,0,0,0,0,0,0,0,0,0,0,0,0,0,0,0,0,0,0,0,0,0,0,0,0,0,0,0,0,0,0,0,0,0,0,0,0,0,0,0,0,0,0,0,0,0,0,0,0,0,0,0,0,0,0,0,0,0],[0,0,0,0,0,0,0,0,0,0,0,0,0,0,0,0,0,0,0,0,0,0,0,0,0,0,0,0,0,0,0,0,0,0,0,0,0,0,0,0,0,0,0,0,0,0,0,0,0,0,0,0,0,0,0,0,0,0,0,0],[0,0,0,0,0,0,0,0,0,0,0,0,0,0,0,0,0,0,0,0,0,0,0,0,0,0,0,0,0,0,0,0,0,0,0,0,0,0,0,0,0,0,0,0,0,0,0,0,0,0,0,0,0,0,0,0,0,0,0,0],[0,0,0,0,0,0,0,0,0,0,0,0,0,0,0,0,0,0,0,0,0,0,0,0,0,0,0,0,0,0,0,0,0,0,0,0,0,0,0,0,0,0,0,0,0,0,0,0,0,0,0,0,0,0,0,0,0,0,0,0]]},{"id":4,"type":"Light","name":"Light","level":"last","width":60,"height":60,"visible":1,"tilesetName":"media\/map\/lightmap-tiles.png","repeat":false,"distance":"1","tilesize":16,"moveSpeed":{"x":0,"y":0},"data":[[0,0,0,0,0,0,0,0,0,0,0,0,0,0,0,0,0,0,0,0,0,0,0,0,0,0,0,0,0,0,0,0,0,0,0,0,0,0,0,0,0,0,0,0,0,0,0,0,0,0,0,0,0,0,0,0,0,0,0,0],[0,0,0,0,0,0,0,0,0,0,0,0,0,0,0,0,0,0,0,0,0,0,0,0,0,0,0,0,0,0,0,0,0,0,0,0,0,0,0,0,0,0,0,0,0,0,0,0,0,0,0,0,0,0,0,0,0,0,0,0],[0,0,0,0,0,0,0,0,0,0,0,0,0,0,0,0,0,0,0,0,0,0,0,0,0,0,0,0,0,0,0,0,0,0,0,0,0,0,0,0,0,0,0,0,0,0,0,0,0,0,0,0,0,0,0,0,0,0,0,0],[0,0,0,0,0,0,0,0,0,0,0,0,0,0,0,0,0,0,0,0,0,0,0,0,0,0,0,14,0,77,0,0,14,0,0,0,0,0,0,0,0,0,0,0,0,0,0,0,0,0,0,0,0,0,0,0,0,0,0,0],[0,0,0,0,0,0,0,0,0,0,0,0,0,0,0,0,0,0,0,0,0,0,0,0,0,0,0,0,0,0,0,0,0,0,0,0,0,0,0,0,0,0,0,0,0,0,0,0,0,0,0,0,0,0,0,0,0,0,0,0],[0,0,0,0,0,0,0,0,0,0,0,0,0,0,0,0,0,0,0,0,0,0,0,0,0,0,0,0,0,0,0,0,0,0,0,0,0,0,0,0,0,0,0,0,0,0,0,0,0,0,0,0,0,0,0,0,0,0,0,0],[0,0,0,0,0,0,0,0,0,0,0,0,0,0,0,0,0,0,0,0,0,0,0,0,0,0,0,0,0,0,0,0,0,0,0,0,0,0,0,0,0,0,0,0,0,0,0,0,0,0,0,0,0,0,0,0,0,0,0,0],[0,0,0,0,0,0,0,0,0,0,0,0,0,0,0,0,0,0,0,0,0,0,0,0,0,0,0,0,0,0,0,0,0,0,0,0,0,0,0,0,0,0,0,0,0,0,0,0,0,0,0,0,0,0,0,0,0,0,0,0],[0,0,0,0,0,0,0,0,0,0,0,0,0,0,0,0,0,0,0,0,0,0,0,0,0,0,0,0,0,78,0,0,0,0,0,0,0,0,0,0,0,0,0,0,0,0,0,0,0,0,0,0,0,0,0,0,0,0,0,0],[0,0,0,0,0,0,0,0,0,0,0,0,0,0,0,0,0,0,0,0,0,0,0,0,0,0,0,0,0,0,0,0,0,0,0,0,0,0,0,0,0,0,0,0,0,0,0,0,0,0,0,0,0,0,0,0,0,0,0,0],[0,0,0,0,0,0,0,0,0,0,0,0,0,0,0,0,0,0,0,0,0,0,0,0,0,0,0,0,0,0,0,0,0,0,0,0,0,0,0,0,0,0,0,0,0,0,0,0,0,0,0,0,0,0,0,0,0,0,0,0],[0,0,0,0,0,0,0,0,0,0,0,0,0,0,0,0,0,0,0,0,0,0,0,0,0,0,0,0,0,66,0,0,0,0,0,0,0,0,0,0,0,0,0,0,0,0,0,0,0,0,0,0,0,0,0,0,0,0,0,0],[0,0,0,0,0,0,0,0,0,0,0,0,0,0,0,0,0,0,0,0,0,0,0,0,0,0,0,0,0,0,0,0,0,0,0,0,0,0,0,0,0,0,0,0,0,0,0,0,0,0,0,0,0,0,0,0,0,0,0,0],[0,0,0,0,0,0,0,0,0,0,0,0,0,0,0,0,0,0,0,0,0,0,0,0,0,0,0,0,0,0,0,0,0,0,0,0,0,0,0,0,0,0,0,0,0,0,0,0,0,0,0,0,0,0,0,0,0,0,0,0],[0,0,0,0,0,0,0,0,0,0,0,0,0,0,0,0,0,0,0,0,0,0,0,0,0,0,0,0,0,0,0,0,0,0,0,0,0,0,0,0,0,0,0,0,0,0,0,0,0,0,0,0,0,0,0,0,0,0,0,0],[0,0,0,0,0,0,0,0,0,0,0,0,0,0,0,0,0,0,0,0,0,0,0,0,0,0,0,0,0,0,0,0,0,0,0,0,0,0,0,0,0,0,0,0,0,0,0,0,0,0,0,0,0,0,0,0,0,0,0,0],[0,0,0,0,0,0,0,0,0,0,0,0,0,0,0,0,0,0,0,0,0,0,0,0,0,0,0,0,0,0,0,0,0,0,0,0,0,0,0,0,0,0,0,0,0,0,0,0,0,0,0,0,0,0,0,0,0,0,0,0],[0,0,0,0,0,0,0,0,0,0,0,0,0,0,0,0,0,0,0,0,0,0,0,0,0,0,0,0,0,0,0,0,0,0,0,0,0,0,0,0,0,0,0,0,0,0,0,0,0,0,0,0,0,0,0,0,0,0,0,0],[0,0,0,0,0,0,0,0,0,0,0,0,0,0,0,0,0,0,0,0,0,0,0,0,0,0,0,0,0,66,0,0,0,0,0,0,0,0,0,0,0,0,0,0,0,0,0,0,0,0,0,0,0,0,0,0,0,0,0,0],[0,0,0,0,0,0,0,0,0,0,0,0,0,0,0,0,0,0,0,0,0,0,0,0,0,0,0,0,0,0,0,0,0,0,0,0,0,0,0,0,0,0,0,0,0,0,0,0,0,0,0,0,0,0,0,0,0,0,0,0],[0,0,0,0,0,0,0,0,0,0,0,0,0,0,0,0,0,0,0,0,0,0,0,0,0,0,0,0,0,78,0,0,0,0,0,0,0,0,0,0,0,0,0,0,0,0,0,0,0,0,0,0,0,0,0,0,0,0,0,0],[0,0,0,0,0,0,0,0,0,0,0,0,0,0,0,0,0,0,0,0,0,0,0,14,0,0,0,0,0,0,0,0,0,0,0,0,14,0,0,0,0,0,0,0,0,0,0,0,0,0,0,0,0,0,0,0,0,0,0,0],[0,0,0,0,0,0,0,0,0,0,0,0,0,0,0,0,0,0,68,0,0,0,0,0,0,0,0,0,0,0,0,0,0,0,0,0,0,0,0,0,68,0,0,0,0,0,0,0,0,0,0,0,0,0,0,0,0,0,0,0],[0,0,0,0,0,0,0,0,0,0,0,0,0,0,0,0,0,0,0,0,0,0,0,0,0,0,0,0,0,0,0,0,0,0,0,0,0,0,0,0,0,0,0,0,0,0,0,0,0,0,0,0,0,0,0,0,0,0,0,0],[0,0,0,0,0,0,0,0,0,0,0,0,0,0,0,0,0,0,0,0,0,0,0,0,0,0,0,0,0,0,0,0,0,0,0,0,0,0,0,0,0,0,0,0,0,0,0,0,0,0,0,0,0,0,0,0,0,0,0,0],[0,0,0,0,0,0,0,0,0,0,0,0,0,0,0,0,0,0,0,0,0,0,0,0,0,0,0,0,0,0,0,0,0,0,0,0,0,0,0,0,0,0,0,0,0,0,0,0,0,0,0,0,0,0,0,0,0,0,0,0],[0,0,0,0,0,0,0,0,0,0,0,78,0,0,0,0,2,0,0,0,78,0,0,0,0,0,0,0,0,78,0,0,0,0,0,0,0,0,78,0,0,0,0,2,0,0,0,78,0,0,0,0,0,0,0,0,0,0,0,0],[0,0,0,0,0,0,0,0,0,0,0,67,0,0,0,0,0,0,0,0,0,0,0,0,0,0,0,0,0,65,0,0,0,0,0,0,0,0,0,0,0,0,0,0,0,0,0,0,67,0,0,0,0,0,0,0,0,0,0,0],[0,0,0,0,0,0,0,0,0,0,0,0,0,0,0,0,0,0,0,0,0,0,0,0,0,0,0,0,0,0,0,0,0,0,0,0,0,0,0,0,0,0,0,0,0,0,0,0,0,0,0,0,0,0,0,0,0,0,0,0],[0,0,0,0,0,0,0,0,0,0,0,0,0,0,0,0,0,0,0,0,0,0,0,0,0,0,0,0,0,0,0,0,0,0,0,0,0,0,0,0,0,0,0,0,0,0,0,0,0,0,0,0,0,0,0,0,0,0,0,0],[0,0,0,0,0,0,0,0,0,0,0,0,0,0,0,0,0,0,0,0,0,0,0,0,0,0,0,0,0,0,0,0,0,0,0,0,0,0,0,0,0,0,0,0,0,0,0,0,0,0,0,0,0,0,0,0,0,0,0,0],[0,0,0,0,0,0,0,0,0,0,0,0,0,0,0,0,0,0,0,0,0,0,0,0,0,0,0,0,0,0,0,0,0,0,0,0,0,0,0,0,0,0,0,0,0,0,0,0,0,0,0,0,0,0,0,0,0,0,0,0],[0,0,0,0,0,0,0,0,0,0,0,0,0,0,0,0,0,0,0,0,0,0,0,14,0,0,0,0,0,78,0,0,0,0,0,0,14,0,0,0,0,0,0,0,0,0,0,0,0,0,0,14,0,0,0,0,0,0,0,0],[0,0,0,0,0,0,0,0,0,0,0,0,0,0,0,0,0,0,68,0,0,0,0,0,0,0,0,0,0,0,0,0,0,0,0,0,0,0,0,0,68,0,0,0,0,0,0,0,0,0,0,0,0,0,0,0,0,0,0,0],[0,0,0,0,0,0,0,0,0,0,0,0,0,0,0,0,0,0,0,0,0,0,0,0,0,0,0,0,0,66,0,0,0,0,0,0,0,0,0,0,0,0,0,0,0,0,0,0,0,0,0,0,0,0,0,0,0,0,0,0],[0,0,0,0,0,0,0,0,0,0,0,0,0,0,0,0,0,0,0,0,0,0,0,0,0,0,0,0,0,0,0,0,0,0,0,0,0,0,0,0,0,0,0,0,0,0,0,0,0,0,0,0,0,0,0,0,0,0,0,0],[0,0,0,0,0,0,0,0,0,0,0,0,0,0,0,0,0,0,0,0,0,0,0,0,0,0,0,0,0,0,0,0,0,0,0,0,0,0,0,0,0,0,0,0,0,0,0,0,0,0,0,0,0,0,0,0,0,0,0,0],[0,0,0,0,0,0,0,0,0,0,0,0,0,0,0,0,0,0,0,0,0,0,0,0,0,0,0,0,0,0,0,0,0,0,0,0,0,0,0,0,0,0,0,0,0,0,0,0,0,0,0,0,0,0,0,0,0,0,0,0],[0,0,0,0,0,0,0,0,0,0,0,0,0,0,0,0,0,0,0,0,0,0,0,0,0,0,0,0,0,0,0,0,0,0,0,0,0,0,0,0,0,0,0,0,0,0,0,0,0,0,0,0,0,0,0,0,0,0,0,0],[0,0,0,0,0,0,0,0,0,0,0,0,0,0,0,0,0,0,0,0,0,0,0,0,0,0,0,0,0,0,0,0,0,0,0,0,0,0,0,0,0,0,0,0,0,0,0,0,0,0,0,0,0,0,0,0,0,0,0,0],[0,0,0,0,0,0,0,0,0,0,0,0,0,0,0,0,0,0,0,0,0,0,0,0,0,0,0,0,0,0,0,0,0,0,0,0,0,0,0,0,0,0,0,0,0,0,0,0,0,0,0,0,0,0,0,0,0,0,0,0],[0,0,0,0,0,0,0,0,0,0,0,0,0,0,0,0,0,0,0,0,0,0,0,0,0,0,0,0,0,0,0,0,0,0,0,0,0,0,0,0,0,0,0,0,0,0,0,0,0,0,0,0,0,0,0,0,0,0,0,0],[0,0,0,0,0,0,0,0,0,0,0,0,0,0,0,0,0,0,0,0,0,0,0,0,0,0,0,0,0,66,0,0,0,0,0,0,0,0,0,0,0,0,0,0,0,0,0,0,0,0,0,0,0,0,0,0,0,0,0,0],[0,0,0,0,0,0,0,0,0,0,0,0,0,0,0,0,0,0,0,0,0,0,0,0,0,0,0,0,0,0,0,0,0,0,0,0,0,0,0,0,0,0,0,0,0,0,0,0,0,0,0,0,0,0,0,0,0,0,0,0],[0,0,0,0,0,0,0,0,0,0,0,0,0,0,0,0,0,0,0,0,0,0,0,0,0,0,0,0,0,78,0,0,0,0,0,0,0,0,0,0,0,0,0,0,0,0,0,0,0,0,0,0,0,0,0,0,0,0,0,0],[0,0,0,0,0,0,0,0,0,0,0,0,0,0,0,0,0,0,0,0,0,0,0,0,0,0,0,0,0,0,0,0,0,0,0,0,0,0,0,0,0,0,0,0,0,0,0,0,0,0,0,0,0,0,0,0,0,0,0,0],[0,0,0,0,0,0,0,0,0,0,0,0,0,0,0,0,0,0,0,0,0,0,0,0,0,0,0,0,0,0,0,0,0,0,0,0,0,0,0,0,0,0,0,0,0,0,0,0,0,0,0,0,0,0,0,0,0,0,0,0],[0,0,0,0,0,0,0,0,0,0,0,0,0,0,0,0,0,0,0,0,0,0,0,0,0,0,0,0,0,0,0,0,0,0,0,0,0,0,0,0,0,0,0,0,0,0,0,0,0,0,0,0,0,0,0,0,0,0,0,0],[0,0,0,0,0,0,0,0,0,0,0,0,0,0,0,0,0,0,0,0,0,0,0,0,0,0,0,0,0,0,0,0,0,0,0,0,0,0,0,0,0,0,0,0,0,0,0,0,0,0,0,0,0,0,0,0,0,0,0,0],[0,0,0,0,0,0,0,0,0,0,0,0,0,0,0,0,0,0,0,0,0,0,0,0,0,0,0,0,0,0,0,0,0,0,0,0,0,0,0,0,0,0,0,0,0,0,0,0,0,0,0,0,0,0,0,0,0,0,0,0],[0,0,0,0,0,0,0,0,0,0,0,0,0,0,0,0,0,0,0,0,0,0,0,0,0,0,0,14,0,66,0,0,14,0,0,0,0,0,0,0,0,0,0,0,0,0,0,0,0,0,0,0,0,0,0,0,0,0,0,0],[0,0,0,0,0,0,0,0,0,0,0,0,0,0,0,0,0,0,0,0,0,0,0,0,0,0,0,0,0,0,0,0,0,0,0,0,0,0,0,0,0,0,0,0,0,0,0,0,0,0,0,0,0,0,0,0,0,0,0,0],[0,0,0,0,0,0,0,0,0,0,0,0,0,0,0,0,0,0,0,0,0,0,0,0,0,0,0,0,0,0,0,0,0,0,0,0,0,0,0,0,0,0,0,0,0,0,0,0,0,0,0,0,0,0,0,0,0,0,0,0],[0,0,0,0,0,0,0,0,0,0,0,0,0,0,0,0,0,0,0,0,0,0,0,0,0,0,0,0,0,0,0,0,0,0,0,0,0,0,0,0,0,0,0,0,0,0,0,0,0,0,0,0,0,0,0,0,0,0,0,0],[0,0,0,0,0,0,0,0,0,0,0,0,0,0,0,0,0,0,0,0,0,0,0,0,0,0,0,0,0,0,0,0,0,0,0,0,0,0,0,0,0,0,0,0,0,0,0,0,0,0,0,0,0,0,0,0,0,0,0,0],[0,0,0,0,0,0,0,0,0,0,0,0,0,0,0,0,0,0,0,0,0,0,0,0,0,0,0,0,0,0,0,0,0,0,0,0,0,0,0,0,0,0,0,0,0,0,0,0,0,0,0,0,0,0,0,0,0,0,0,0],[0,0,0,0,0,0,0,0,0,0,0,0,0,0,0,0,0,0,0,0,0,0,0,0,0,0,0,0,0,0,0,0,0,0,0,0,0,0,0,0,0,0,0,0,0,0,0,0,0,0,0,0,0,0,0,0,0,0,0,0],[0,0,0,0,0,0,0,0,0,0,0,0,0,0,0,0,0,0,0,0,0,0,0,0,0,0,0,0,0,0,0,0,0,0,0,0,0,0,0,0,0,0,0,0,0,0,0,0,0,0,0,0,0,0,0,0,0,0,0,0],[0,0,0,0,0,0,0,0,0,0,0,0,0,0,0,0,0,0,0,0,0,0,0,0,0,0,0,0,0,0,0,0,0,0,0,0,0,0,0,0,0,0,0,0,0,0,0,0,0,0,0,0,0,0,0,0,0,0,0,0],[0,0,0,0,0,0,0,0,0,0,0,0,0,0,0,0,0,0,0,0,0,0,0,0,0,0,0,0,0,0,0,0,0,0,0,0,0,0,0,0,0,0,0,0,0,0,0,0,0,0,0,0,0,0,0,0,0,0,0,0]]}],"attributes":{"saveMode":"DISABLED","volume":1,"bgm":"hideout2","cameraInBounds":false,"map-sounds":"HIDEOUT_INNER_AMBIENT","mapStyle":"hideout-inner","weather":"OLD_HIDEOUT_INNER","npcRunners":"","area":"hideout"},"screen":{"x":46,"y":158}}